alpha,calibration_abstain_low_conf_count,calibration_abstain_low_conf_share,calibration_active_count,calibration_active_share,calibration_clamp_over_pside_count,calibration_clamp_over_pside_share,calibration_coverage_feasible,calibration_coverage_overall,calibration_covered_count,calibration_covered_feasible_count,calibration_covered_gap_norm_mean,calibration_covered_gap_norm_median,calibration_covered_gap_norm_q25,calibration_covered_gap_norm_q75,calibration_feasible_count,calibration_feasible_covered_gap_norm_mean,calibration_infeasible_count,calibration_max_possible_coverage,calibration_mean_p_pred,calibration_mean_p_side,calibration_sample_count,calibration_side_violation_count,calibration_side_violation_rate,epoch,loss,selected_bucket_miss_threshold,selected_delta,selected_delta_quantile
2.0,2027.0,0.24611461874696455,2400.0,0.2914035939776591,3809.0,0.4624817872753764,0.9676784249384741,0.7161243322000971,5898.0,5898.0,0.9155160977425161,1.0,0.9210938302433243,1.0,6095.0,0.9155160983867724,2141.0,0.7400437105390967,0.5437476881745766,0.5651863688744982,8236.0,0.0,0.0,1,0.47031364440917967,0.15,0.24367856979370117,0.8
2.0,3748.0,0.45507527926177754,3131.0,0.3801602719766877,1357.0,0.16476444876153473,0.9304347826086956,0.6885624089363769,5671.0,5671.0,0.886762952405896,1.0,0.9140391628445593,1.0,6095.0,0.8867629531483676,2141.0,0.7400437105390967,0.5280655361467721,0.5651863688744982,8236.0,0.0,0.0,2,0.36979528665542605,0.3,0.06588540226221085,0.6
2.0,3776.0,0.4584749878581836,3119.0,0.37870325400679944,1341.0,0.162821758135017,0.9307629204265792,0.6888052452646916,5673.0,5673.0,0.882517856272365,1.0,0.915241321998125,1.0,6095.0,0.8825178571918832,2141.0,0.7400437105390967,0.5270286743481111,0.5651863688744982,8236.0,0.0,0.0,3,0.35603821476300557,0.3,0.059830423444509506,0.6
2.0,2027.0,0.24611461874696455,2649.0,0.3216367168528412,3560.0,0.43224866440019427,0.963084495488105,0.7127246236036912,5870.0,5870.0,0.9007681676940588,1.0,0.882923329814143,1.0,6095.0,0.9007681690899345,2141.0,0.7400437105390967,0.5392974385114532,0.5651863688744982,8236.0,0.0,0.0,4,0.32730417251586913,0.2,0.1936863660812378,0.8
2.0,2027.0,0.24611461874696455,3343.0,0.4059009227780476,2866.0,0.3479844584749879,0.9473338802296964,0.7010684798445848,5774.0,5774.0,0.8719361142690348,1.0,0.8054257817221444,1.0,6095.0,0.8719361171993963,2141.0,0.7400437105390967,0.5304482370478033,0.5651863688744982,8236.0,0.0,0.0,5,0.29536272486050924,0.2,0.14494317770004272,0.8
2.0,2027.0,0.24611461874696455,3814.0,0.46308887809616317,2395.0,0.2907965031568723,0.9327317473338802,0.6902622632345798,5685.0,5685.0,0.8504149689814153,1.0,0.7501115239895267,1.0,6095.0,0.8504149699314443,2141.0,0.7400437105390967,0.5230479652276507,0.5651863688744982,8236.0,0.0,0.0,6,0.26764418681462604,0.2,0.09948418289422989,0.8
2.0,2274.0,0.27610490529383197,3933.0,0.4775376396308888,2029.0,0.24635745507527926,0.9347005742411812,0.6917192812044682,5697.0,5697.0,0.8433200296258889,1.0,0.7282934410958014,1.0,6095.0,0.8433200306181193,2141.0,0.7400437105390967,0.5222189490257501,0.5651863688744982,8236.0,0.0,0.0,7,0.2408509522676468,0.2,0.09964720904827118,0.8
2.0,605.0,0.07345798931520156,4029.0,0.48919378338999514,3602.0,0.4373482272948033,0.9302707136997539,0.6884409907722195,5670.0,5670.0,0.8341015139127214,0.9941803274624301,0.7174374788670411,1.0,6095.0,0.8341015158183973,2141.0,0.7400437105390967,0.5214009508772934,0.5651863688744982,8236.0,0.0,0.0,8,0.22899434665838878,0.2,0.12732456624507904,0.9
2.0,0.0,0.0,5001.0,0.6072122389509471,3235.0,0.39278776104905294,0.9305988515176374,0.6886838271005342,5672.0,5672.0,0.7898942965227111,0.8745351920610593,0.656949181722862,1.0,6095.0,0.7898942995639576,2141.0,0.7400437105390967,0.5161197541631714,0.5651863688744982,8236.0,0.0,0.0,9,0.20758619904518127,0.2,0.11563228815793991,0.92
2.0,0.0,0.0,4972.0,0.6036911121903836,3264.0,0.3963088878096163,0.9319114027891715,0.6896551724137931,5680.0,5680.0,0.7898565218326726,0.87404702940475,0.6561729489058917,1.0,6095.0,0.7898565248301237,2141.0,0.7400437105390967,0.5183107892310065,0.5651863688744982,8236.0,0.0,0.0,10,0.19630161821842193,0.2,0.11435199528932571,0.92
2.0,605.0,0.07345798931520156,5202.0,0.631617289946576,2429.0,0.29492472073822246,0.9317473338802297,0.6895337542496357,5679.0,5679.0,0.7789399514811954,0.8574803981406555,0.633056027553722,1.0,6095.0,0.7789399533195575,2141.0,0.7400437105390967,0.5154763685612302,0.5651863688744982,8236.0,0.0,0.0,11,0.18850363790988922,0.15,0.09802964329719543,0.9
2.0,0.0,0.0,5418.0,0.6578436134045653,2818.0,0.3421563865954347,0.9320754716981132,0.6897765905779505,5681.0,5681.0,0.7666994663624113,0.8323337213604973,0.616207487710896,1.0,6095.0,0.7666994689033501,2141.0,0.7400437105390967,0.5135321592104322,0.5651863688744982,8236.0,0.0,0.0,12,0.1830837647120158,0.15,0.10083038359880447,0.92
2.0,0.0,0.0,5331.0,0.6472802331228752,2905.0,0.3527197668771248,0.9327317473338802,0.6902622632345798,5685.0,5685.0,0.7675735365313143,0.8320601685995374,0.6148033953437722,1.0,6095.0,0.7675735392892635,2141.0,0.7400437105390967,0.5129974725922571,0.5651863688744982,8236.0,0.0,0.0,13,0.18012188176314037,0.2,0.10843229293823242,0.92
2.0,0.0,0.0,4801.0,0.5829286061194755,3435.0,0.4170713938805245,0.9317473338802297,0.6895337542496357,5679.0,5679.0,0.7914272463143784,0.878795249625202,0.6532669603402648,1.0,6095.0,0.7914272484272161,2141.0,0.7400437105390967,0.5170838758786754,0.5651863688744982,8236.0,0.0,0.0,14,0.17348671952883402,0.3,0.11264047026634216,0.92
2.0,0.0,0.0,5221.0,0.6339242350655658,3015.0,0.36607576493443417,0.9348646431501231,0.6918406993686256,5698.0,5698.0,0.7693952345133954,0.8368571065155153,0.6259785305841359,1.0,6095.0,0.7693952457588299,2141.0,0.7400437105390967,0.5145630990403182,0.5651863688744982,8236.0,0.0,0.0,15,0.17599537471930185,0.2,0.1089484840631485,0.92
2.0,0.0,0.0,5398.0,0.6554152501214182,2838.0,0.34458474987858184,0.9319114027891715,0.6896551724137931,5680.0,5680.0,0.7557408806932534,0.8142057404048827,0.599287108121951,1.0,6095.0,0.7557408838870707,2141.0,0.7400437105390967,0.5103107186162975,0.5651863688744982,8236.0,0.0,0.0,16,0.16859521369139355,0.15,0.10412892699241638,0.92
2.0,0.0,0.0,4929.0,0.5984701311316173,3307.0,0.4015298688683827,0.9307629204265792,0.6888052452646916,5673.0,5673.0,0.7775722669699641,0.8624590057112264,0.626831447805457,1.0,6095.0,0.7775722708715181,2141.0,0.7400437105390967,0.5130146737039182,0.5651863688744982,8236.0,0.0,0.0,17,0.17162496546904246,0.2,0.11914125829935074,0.92
2.0,0.0,0.0,4869.0,0.5911850412821759,3367.0,0.4088149587178242,0.9324036095159968,0.6900194269062652,5683.0,5683.0,0.7898282940390423,0.8671859048849937,0.649931197706183,1.0,6095.0,0.7898282965975633,2141.0,0.7400437105390967,0.5174170852688282,0.5651863688744982,8236.0,0.0,0.0,18,0.17238154411315917,0.2,0.11762814968824387,0.92
2.0,0.0,0.0,5076.0,0.616318601262749,3160.0,0.3836813987372511,0.9307629204265792,0.6888052452646916,5673.0,5673.0,0.7719245266176764,0.8400812804075627,0.6226809312889415,1.0,6095.0,0.771924529073779,2141.0,0.7400437105390967,0.5129638954946958,0.5651863688744982,8236.0,0.0,0.0,19,0.1662974069515864,0.15,0.10843142867088318,0.92
2.0,0.0,0.0,4998.0,0.606847984458475,3238.0,0.393152015541525,0.9310910582444627,0.6890480815930063,5675.0,5675.0,0.7703655618522268,0.8390942411663845,0.6208073512519425,1.0,6095.0,0.7703655642663888,2141.0,0.7400437105390967,0.5148056026301415,0.5651863688744982,8236.0,0.0,0.0,20,0.16212400595347087,0.2,0.10841384530067444,0.92
2.0,0.0,0.0,5087.0,0.6176542010684798,3149.0,0.38234579893152015,0.9333880229696473,0.6907479358912093,5689.0,5689.0,0.762325856607208,0.8323309656496181,0.6063475525322065,1.0,6095.0,0.7623258578090818,2141.0,0.7400437105390967,0.5114841965383755,0.5651863688744982,8236.0,0.0,0.0,21,0.16365690231323243,0.2,0.10524037480354309,0.92
2.0,0.0,0.0,5145.0,0.6246964545896067,3091.0,0.3753035454103934,0.932895816242822,0.6903836813987373,5686.0,5686.0,0.7561636807283164,0.8183360837073979,0.5970401301855774,1.0,6095.0,0.756163683400527,2141.0,0.7400437105390967,0.5115629988719714,0.5651863688744982,8236.0,0.0,0.0,22,0.15919738213221232,0.15,0.1050439327955246,0.92
2.0,0.0,0.0,5092.0,0.6182612918892666,3144.0,0.38173870811073335,0.9337161607875307,0.690990772219524,5691.0,5691.0,0.7580028945768553,0.824082874001194,0.598606886044994,1.0,6095.0,0.7580028973691176,2141.0,0.7400437105390967,0.512575021666908,0.5651863688744982,8236.0,0.0,0.0,23,0.15608540376027424,0.15,0.1015973761677742,0.92
2.0,0.0,0.0,4980.0,0.6046624575036426,3256.0,0.39533754249635744,0.9332239540607055,0.690626517727052,5688.0,5688.0,0.7586269489190366,0.8257240600944848,0.6017826838361491,1.0,6095.0,0.7586269518173505,2141.0,0.7400437105390967,0.511517297811894,0.5651863688744982,8236.0,0.0,0.0,24,0.15472014844417573,0.2,0.10163149237632751,0.92
2.0,0.0,0.0,5179.0,0.6288246721709567,3057.0,0.3711753278290432,0.9330598851517637,0.6905050995628946,5687.0,5687.0,0.752205097278756,0.8156985138926538,0.5954218787366726,1.0,6095.0,0.7522051055060657,2141.0,0.7400437105390967,0.5109581426090145,0.5651863688744982,8236.0,0.0,0.0,25,0.1497732589642207,0.15,0.10194768756628036,0.92
2.0,0.0,0.0,5187.0,0.6297960174842157,3049.0,0.37020398251578435,0.9305988515176374,0.6886838271005342,5672.0,5672.0,0.7513388203741781,0.8137743401677385,0.5885580923717403,1.0,6095.0,0.7513388250302713,2141.0,0.7400437105390967,0.5085314532177129,0.5651863688744982,8236.0,0.0,0.0,26,0.14947088360786437,0.15,0.10040945559740067,0.92
2.0,0.0,0.0,5027.0,0.6103691112190384,3209.0,0.38963088878096164,0.9332239540607055,0.690626517727052,5688.0,5688.0,0.7582835428964938,0.8255514830273807,0.5980308373246215,1.0,6095.0,0.7582835483714716,2141.0,0.7400437105390967,0.5102289338322232,0.5651863688744982,8236.0,0.0,0.0,27,0.14656070669492086,0.15,0.10643770545721054,0.92
2.0,0.0,0.0,4980.0,0.6046624575036426,3256.0,0.39533754249635744,0.9309269893355209,0.688926663428849,5674.0,5674.0,0.7625715362897242,0.8324230675272917,0.6033031870425316,1.0,6095.0,0.762571539311608,2141.0,0.7400437105390967,0.5107811143557681,0.5651863688744982,8236.0,0.0,0.0,28,0.14678507347901662,0.15,0.10287229716777802,0.92
2.0,0.0,0.0,4958.0,0.6019912578921807,3278.0,0.39800874210781934,0.9343724364232978,0.6914764448761535,5695.0,5695.0,0.7614540830426291,0.830960503821872,0.606751932018855,1.0,6095.0,0.7614540869465297,2141.0,0.7400437105390967,0.5117104426402298,0.5651863688744982,8236.0,0.0,0.0,29,0.14598939915498096,0.2,0.10999178886413574,0.92
2.0,0.0,0.0,4972.0,0.6036911121903836,3264.0,0.3963088878096163,0.9345365053322395,0.6915978630403108,5696.0,5696.0,0.7555540878081954,0.8215657698032306,0.5946500287925602,1.0,6095.0,0.7555540921857251,2141.0,0.7400437105390967,0.5112284279733127,0.5651863688744982,8236.0,0.0,0.0,30,0.1425620565811793,0.15,0.10624638199806213,0.92
2.0,0.0,0.0,5036.0,0.6114618746964546,3200.0,0.3885381253035454,0.9345365053322395,0.6915978630403108,5696.0,5696.0,0.7503068836002446,0.8151014204422786,0.5873627524041865,1.0,6095.0,0.7503068861411384,2141.0,0.7400437105390967,0.5097580003892169,0.5651863688744982,8236.0,0.0,0.0,31,0.13776512891054155,0.15,0.10066158324480057,0.92
2.0,0.0,0.0,4849.0,0.5887566779990286,3387.0,0.41124332200097136,0.931583264971288,0.6894123360854784,5678.0,5678.0,0.7649801805823438,0.8509949985597689,0.5970980098783399,1.0,6095.0,0.764980181855805,2141.0,0.7400437105390967,0.509268699538429,0.5651863688744982,8236.0,0.0,0.0,32,0.1440712809562683,0.2,0.11601915955543518,0.92
2.0,0.0,0.0,4745.0,0.5761291889266634,3491.0,0.4238708110733366,0.9337161607875307,0.690990772219524,5691.0,5691.0,0.7648425477315963,0.8483408485482398,0.6013825336305925,1.0,6095.0,0.764842549473418,2141.0,0.7400437105390967,0.5115661286177668,0.5651863688744982,8236.0,0.0,0.0,33,0.14476899405320484,0.2,0.0962768942117691,0.92
2.0,0.0,0.0,4971.0,0.6035696940262263,3265.0,0.39643030597377366,0.9327317473338802,0.6902622632345798,5685.0,5685.0,0.7553923889180931,0.8224513046325328,0.5898511632344103,1.0,6095.0,0.7553923901509412,2141.0,0.7400437105390967,0.511118454287212,0.5651863688744982,8236.0,0.0,0.0,34,0.14202899237473807,0.15,0.10935764759778976,0.92
2.0,0.0,0.0,4978.0,0.6044196211753279,3258.0,0.3955803788246722,0.9351927809680065,0.6920835356969403,5700.0,5700.0,0.7512294240032587,0.8217211765102793,0.5802043273610183,1.0,6095.0,0.7512294269292655,2141.0,0.7400437105390967,0.5094090674403347,0.5651863688744982,8236.0,0.0,0.0,35,0.13963672916094463,0.15,0.10949389636516571,0.92
2.0,0.0,0.0,5027.0,0.6103691112190384,3209.0,0.38963088878096164,0.9330598851517637,0.6905050995628946,5687.0,5687.0,0.7478105937115094,0.8216759534582824,0.5719899976034739,1.0,6095.0,0.7478105986045762,2141.0,0.7400437105390967,0.5066923077390263,0.5651863688744982,8236.0,0.0,0.0,36,0.13542178571224212,0.15,0.1106821596622467,0.92
2.0,0.0,0.0,4877.0,0.5921563865954347,3359.0,0.4078436134045653,0.934208367514356,0.6913550267119961,5694.0,5694.0,0.7546144962227659,0.8267317114211883,0.5806446797056483,1.0,6095.0,0.7546144989883267,2141.0,0.7400437105390967,0.5089131198814524,0.5651863688744982,8236.0,0.0,0.0,37,0.13383527050415675,0.15,0.10905175656080246,0.92
2.0,0.0,0.0,5027.0,0.6103691112190384,3209.0,0.38963088878096164,0.9343724364232978,0.6914764448761535,5695.0,5695.0,0.7469837141970391,0.8183874495162344,0.5686632351171923,1.0,6095.0,0.7469837166384561,2141.0,0.7400437105390967,0.5069375974193528,0.5651863688744982,8236.0,0.0,0.0,38,0.12901653796434404,0.15,0.110198475420475,0.92
2.0,0.0,0.0,4808.0,0.583778533268577,3428.0,0.416221466731423,0.9320754716981132,0.6897765905779505,5681.0,5681.0,0.7619537423417062,0.8368321305142272,0.5977999914346009,1.0,6095.0,0.7619537449980359,2141.0,0.7400437105390967,0.5089526297874226,0.5651863688744982,8236.0,0.0,0.0,39,0.13108581950267156,0.15,0.11377333849668503,0.92
2.0,0.0,0.0,4846.0,0.5883924235065566,3390.0,0.41160757649344343,0.932895816242822,0.6903836813987373,5686.0,5686.0,0.7587625255382512,0.8434198916760363,0.5854590201475349,1.0,6095.0,0.7587625282007576,2141.0,0.7400437105390967,0.508561156310041,0.5651863688744982,8236.0,0.0,0.0,40,0.14097097019354501,0.15,0.11789584159851074,0.92
2.0,0.0,0.0,4830.0,0.5864497328800389,3406.0,0.4135502671199611,0.9327317473338802,0.6902622632345798,5685.0,5685.0,0.7572396595916611,0.8358096589766604,0.5872547092499902,1.0,6095.0,0.757239662461053,2141.0,0.7400437105390967,0.5088368084939716,0.5651863688744982,8236.0,0.0,0.0,41,0.13472712139288584,0.2,0.1129937395453453,0.92
2.0,0.0,0.0,4843.0,0.5880281690140845,3393.0,0.4119718309859155,0.9333880229696473,0.6907479358912093,5689.0,5689.0,0.7607360790051663,0.8469287690963415,0.5941443607081289,1.0,6095.0,0.760736082252706,2141.0,0.7400437105390967,0.5100086418899871,0.5651863688744982,8236.0,0.0,0.0,42,0.12762217670679094,0.15,0.11158263683319092,0.92
2.0,0.0,0.0,4696.0,0.5701796988829528,3540.0,0.4298203011170471,0.9325676784249385,0.6901408450704225,5684.0,5684.0,0.7621807377029828,0.8460375155962422,0.5887247915153055,1.0,6095.0,0.7621807429830607,2141.0,0.7400437105390967,0.5092272158951726,0.5651863688744982,8236.0,0.0,0.0,43,0.12447721908489863,0.2,0.11190351098775864,0.92
2.0,0.0,0.0,4750.0,0.5767362797474502,3486.0,0.42326372025254977,0.9302707136997539,0.6884409907722195,5670.0,5670.0,0.7617140036445331,0.8430776526938197,0.5914919445908863,1.0,6095.0,0.7617140049216728,2141.0,0.7400437105390967,0.5093857421557971,0.5651863688744982,8236.0,0.0,0.0,44,0.12349126835664113,0.15,0.11189348250627518,0.92
2.0,0.0,0.0,4864.0,0.5905779504613891,3372.0,0.409422049538611,0.9340442986054143,0.6912336085478388,5693.0,5693.0,0.7517079556324754,0.8271568050181712,0.5771686393089185,1.0,6095.0,0.7517079568899485,2141.0,0.7400437105390967,0.5087657896982759,0.5651863688744982,8236.0,0.0,0.0,45,0.12188029984633128,0.15,0.10731948167085648,0.92
2.0,0.0,0.0,4802.0,0.5830500242836328,3434.0,0.41694997571636716,0.9337161607875307,0.690990772219524,5691.0,5691.0,0.755628687322486,0.8384128920093536,0.5783954935636771,1.0,6095.0,0.7556286919937231,2141.0,0.7400437105390967,0.5075536939532667,0.5651863688744982,8236.0,0.0,0.0,46,0.12326364169518153,0.15,0.10839863866567612,0.92
2.0,0.0,0.0,4720.0,0.5730937348227295,3516.0,0.42690626517727054,0.9330598851517637,0.6905050995628946,5687.0,5687.0,0.7667470546083762,0.8451360608599575,0.6038914346523283,1.0,6095.0,0.7667470564867369,2141.0,0.7400437105390967,0.5116734769833368,0.5651863688744982,8236.0,0.0,0.0,47,0.1241536259651184,0.2,0.1085706427693367,0.92
2.0,739.0,0.08972802331228752,4413.0,0.5358183584264206,3084.0,0.37445361826129187,0.932895816242822,0.6903836813987373,5686.0,5686.0,0.7758107675887006,0.8983336800321273,0.6056913606765558,1.0,6095.0,0.7758107701665712,2141.0,0.7400437105390967,0.5113317751883176,0.5651863688744982,8236.0,0.0,0.0,48,0.12142342428366343,0.15,0.0950731709599495,0.9
2.0,0.0,0.0,4835.0,0.5870568237008257,3401.0,0.4129431762991744,0.9320754716981132,0.6897765905779505,5681.0,5681.0,0.7519466080510859,0.8308732173872401,0.5732626871994156,1.0,6095.0,0.7519466089035982,2141.0,0.7400437105390967,0.5066278331242545,0.5651863688744982,8236.0,0.0,0.0,49,0.12026138852039973,0.2,0.10234156250953674,0.92
2.0,0.0,0.0,4734.0,0.5747935891209325,3502.0,0.4252064108790675,0.9319114027891715,0.6896551724137931,5680.0,5680.0,0.7584867083032725,0.8383342889941758,0.5811632282508977,1.0,6095.0,0.7584867097910468,2141.0,0.7400437105390967,0.5084193142195756,0.5651863688744982,8236.0,0.0,0.0,50,0.1161903644601504,0.2,0.1174524649977684,0.92
2.0,0.0,0.0,4722.0,0.5733365711510442,3514.0,0.4266634288489558,0.9304347826086956,0.6885624089363769,5671.0,5671.0,0.7614637104094668,0.839612515330062,0.5963485009828893,1.0,6095.0,0.7614637132143935,2141.0,0.7400437105390967,0.5114548931652475,0.5651863688744982,8236.0,0.0,0.0,51,0.1171780933936437,0.15,0.11252626031637192,0.92
2.0,0.0,0.0,4705.0,0.5712724623603691,3531.0,0.4287275376396309,0.9302707136997539,0.6884409907722195,5670.0,5670.0,0.7605770129090812,0.8459649369231081,0.5906319034660671,1.0,6095.0,0.7605770155932119,2141.0,0.7400437105390967,0.5090642007179977,0.5651863688744982,8236.0,0.0,0.0,52,0.116002157330513,0.2,0.11687333881855011,0.92
2.0,0.0,0.0,4692.0,0.5696940262263235,3544.0,0.4303059737736765,0.9337161607875307,0.690990772219524,5691.0,5691.0,0.7611499051361849,0.844464620220861,0.5890599436781276,1.0,6095.0,0.7611499089469694,2141.0,0.7400437105390967,0.5104747948886883,0.5651863688744982,8236.0,0.0,0.0,53,0.11227565705776214,0.15,0.11024647206068039,0.92
2.0,0.0,0.0,4613.0,0.5601019912578922,3623.0,0.4398980087421078,0.9330598851517637,0.6905050995628946,5687.0,5687.0,0.7635892746326592,0.849509732352014,0.5901054044834471,1.0,6095.0,0.7635892776856983,2141.0,0.7400437105390967,0.5093142160265134,0.5651863688744982,8236.0,0.0,0.0,54,0.11213187028964361,0.2,0.11846733838319778,0.92
2.0,120.0,0.014570179698882952,4585.0,0.5567022826614861,3531.0,0.4287275376396309,0.9324036095159968,0.6900194269062652,5683.0,5683.0,0.7724561166828104,0.8634672292654846,0.6119704162433509,1.0,6095.0,0.7724561177467569,2141.0,0.7400437105390967,0.511703262043649,0.5651863688744982,8236.0,0.0,0.0,55,0.1189616267879804,0.15,0.11422798037528992,0.92
2.0,0.0,0.0,4727.0,0.573943661971831,3509.0,0.426056338028169,0.9309269893355209,0.688926663428849,5674.0,5674.0,0.7578877868800383,0.8374379147378493,0.5813305320968611,1.0,6095.0,0.7578877894865593,2141.0,0.7400437105390967,0.5083893260472927,0.5651863688744982,8236.0,0.0,0.0,56,0.11188032825787862,0.2,0.10964875668287277,0.92
2.0,0.0,0.0,4817.0,0.5848712967459933,3419.0,0.4151287032540068,0.9327317473338802,0.6902622632345798,5685.0,5685.0,0.7554849591441136,0.8428105595712775,0.5759373889831342,1.0,6095.0,0.7554849613946105,2141.0,0.7400437105390967,0.5074790398093566,0.5651863688744982,8236.0,0.0,0.0,57,0.10961044083038966,0.2,0.10773740708827972,0.92
2.0,0.0,0.0,4714.0,0.5723652258377854,3522.0,0.4276347741622147,0.9337161607875307,0.690990772219524,5691.0,5691.0,0.7597134199753738,0.8450648388483415,0.5882108769149326,1.0,6095.0,0.7597134218527174,2141.0,0.7400437105390967,0.5089928766188389,0.5651863688744982,8236.0,0.0,0.0,58,0.10434046636025111,0.15,0.10342555493116379,0.92
4.0,2027.0,0.24611461874696455,2469.0,0.2997814473045168,3740.0,0.4541039339485187,0.9668580803937654,0.7155172413793104,5893.0,5893.0,0.9051125687039518,1.0,0.8938805345347509,1.0,6095.0,0.90511256943879,2141.0,0.7400437105390967,0.5418535997397049,0.5651863688744982,8236.0,0.0,0.0,1,0.6688625772794088,0.2,0.1548474282026291,0.8
4.0,2027.0,0.24611461874696455,2698.0,0.3275862068965517,3511.0,0.42629917435648373,0.9614438063986874,0.7115104419621175,5860.0,5860.0,0.8899500534579213,1.0,0.8564623394693832,1.0,6095.0,0.889950054080878,2141.0,0.7400437105390967,0.5377712826599325,0.5651863688744982,8236.0,0.0,0.0,2,0.5774336953957876,0.2,0.13232365250587463,0.8
4.0,2027.0,0.24611461874696455,3033.0,0.36826129188926665,3176.0,0.3856240893637688,0.949630844954881,0.7027683341427877,5788.0,5788.0,0.8774872321481885,1.0,0.8157606630408326,1.0,6095.0,0.8774872335009769,2141.0,0.7400437105390967,0.5327981755460658,0.5651863688744982,8236.0,0.0,0.0,3,0.5237861176331838,0.3,0.11640704423189163,0.8
4.0,2027.0,0.24611461874696455,3804.0,0.4618746964545896,2405.0,0.29201068479844583,0.9304347826086956,0.6885624089363769,5671.0,5671.0,0.8454808102381074,1.0,0.7384550469088966,1.0,6095.0,0.8454808110166991,2141.0,0.7400437105390967,0.5220161595874429,0.5651863688744982,8236.0,0.0,0.0,4,0.44195312857627866,0.3,0.06737153977155685,0.8
4.0,0.0,0.0,4160.0,0.505099562894609,4076.0,0.49490043710539094,0.9312551271534044,0.6891694997571637,5676.0,5676.0,0.8188079442162677,0.9586310974404021,0.6883018688721115,1.0,6095.0,0.818807944992781,2141.0,0.7400437105390967,0.5198781557061363,0.5651863688744982,8236.0,0.0,0.0,5,0.3809830645720164,0.3,0.11762017756700516,0.92
4.0,2027.0,0.24611461874696455,3880.0,0.4711024769305488,2329.0,0.28278290432248665,0.9427399507793273,0.6976687712481787,5746.0,5746.0,0.8495715501570622,1.0,0.7489478225529073,1.0,6095.0,0.8495715510703661,2141.0,0.7400437105390967,0.5260786646247876,0.5651863688744982,8236.0,0.0,0.0,6,0.3622630516688029,0.15,0.08573349565267563,0.85
4.0,0.0,0.0,4690.0,0.5694511898980087,3546.0,0.43054881010199125,0.9325676784249385,0.6901408450704225,5684.0,5684.0,0.8032727259204334,0.9007640935446579,0.6685290061071483,1.0,6095.0,0.8032727274884648,2141.0,0.7400437105390967,0.5194979658755485,0.5651863688744982,8236.0,0.0,0.0,7,0.32318435509999593,0.15,0.10876501351594925,0.92
4.0,0.0,0.0,5013.0,0.6086692569208354,3223.0,0.39133074307916466,0.9324036095159968,0.6900194269062652,5683.0,5683.0,0.7792928109965787,0.8646958112088269,0.6312921069599563,1.0,6095.0,0.779292812831446,2141.0,0.7400437105390967,0.5156290730589483,0.5651863688744982,8236.0,0.0,0.0,8,0.3047609229882558,0.2,0.09294760972261429,0.92
4.0,0.0,0.0,4523.0,0.5491743564837299,3713.0,0.45082564351627,0.9314191960623461,0.689290917921321,5677.0,5677.0,0.806316361973931,0.9065260774803625,0.6810058013307663,1.0,6095.0,0.8063163642956469,2141.0,0.7400437105390967,0.519690229719937,0.5651863688744982,8236.0,0.0,0.0,9,0.2893063545227051,0.2,0.08679816126823425,0.92
4.0,0.0,0.0,5245.0,0.6368382710053424,2991.0,0.3631617289946576,0.9324036095159968,0.6900194269062652,5683.0,5683.0,0.7706793333034707,0.8443485555368279,0.6230312089964591,1.0,6095.0,0.7706793357932659,2141.0,0.7400437105390967,0.5141357320049353,0.5651863688744982,8236.0,0.0,0.0,10,0.2888379176457723,0.15,0.07931587845087051,0.92
4.0,0.0,0.0,5108.0,0.6202039825157843,3128.0,0.37979601748421565,0.9366694011484824,0.6931762991743565,5709.0,5709.0,0.7642847087205653,0.8361939519229876,0.6167482830142013,1.0,6095.0,0.7642847121217158,2141.0,0.7400437105390967,0.5157083249142621,0.5651863688744982,8236.0,0.0,0.0,11,0.27094291945298515,0.15,0.07043736428022385,0.92
4.0,0.0,0.0,5144.0,0.6245750364254492,3092.0,0.37542496357455074,0.9340442986054143,0.6912336085478388,5693.0,5693.0,0.7728855212211221,0.8444867433141043,0.6312881874252855,1.0,6095.0,0.7728855235193716,2141.0,0.7400437105390967,0.5156019996048544,0.5651863688744982,8236.0,0.0,0.0,12,0.2644120355447133,0.2,0.07701761275529861,0.92
4.0,0.0,0.0,5437.0,0.6601505585235551,2799.0,0.33984944147644486,0.9337161607875307,0.690990772219524,5691.0,5691.0,0.7518566773514693,0.8192166085802003,0.5941543186803431,1.0,6095.0,0.751856679138883,2141.0,0.7400437105390967,0.5105813668437884,0.5651863688744982,8236.0,0.0,0.0,13,0.2582417259613673,0.15,0.07643750309944153,0.92
4.0,0.0,0.0,5224.0,0.6342884895580378,3012.0,0.3657115104419621,0.9353568498769483,0.6922049538610976,5701.0,5701.0,0.7571603410474671,0.8270848882222617,0.5991770533576964,1.0,6095.0,0.7571603449911807,2141.0,0.7400437105390967,0.5122971071784639,0.5651863688744982,8236.0,0.0,0.0,14,0.2534902652104696,0.15,0.07690531760454178,0.92
4.0,0.0,0.0,5051.0,0.6132831471588149,3185.0,0.38671685284118507,0.9343724364232978,0.6914764448761535,5695.0,5695.0,0.7688917966579651,0.8378398264128823,0.6186585144982175,1.0,6095.0,0.7688917989604601,2141.0,0.7400437105390967,0.5162127708531598,0.5651863688744982,8236.0,0.0,0.0,15,0.24514057040214537,0.15,0.07418589293956757,0.92
4.0,0.0,0.0,5031.0,0.6108547838756678,3205.0,0.3891452161243322,0.9348646431501231,0.6918406993686256,5698.0,5698.0,0.7677349975262455,0.843329751086433,0.6124921981371249,1.0,6095.0,0.7677350001196315,2141.0,0.7400437105390967,0.5127335287152188,0.5651863688744982,8236.0,0.0,0.0,16,0.24173947076002758,0.15,0.0747278556227684,0.92
4.0,0.0,0.0,5113.0,0.6208110733365712,3123.0,0.37918892666342885,0.9343724364232978,0.6914764448761535,5695.0,5695.0,0.7583309190216239,0.824731985779431,0.6067507024933925,1.0,6095.0,0.7583309226448167,2141.0,0.7400437105390967,0.5126316722134675,0.5651863688744982,8236.0,0.0,0.0,17,0.24211883942286175,0.15,0.07299009710550308,0.92
4.0,0.0,0.0,5277.0,0.6407236522583779,2959.0,0.35927634774162215,0.9324036095159968,0.6900194269062652,5683.0,5683.0,0.761680258230095,0.8284993369767688,0.6070837241138756,1.0,6095.0,0.7616802603058266,2141.0,0.7400437105390967,0.5126883586572096,0.5651863688744982,8236.0,0.0,0.0,18,0.23481736878554027,0.15,0.07497701048851013,0.92
4.0,0.0,0.0,5029.0,0.610611947547353,3207.0,0.3893880524526469,0.9351927809680065,0.6920835356969403,5700.0,5700.0,0.7618388465863412,0.8385085240560208,0.5997608019323101,1.0,6095.0,0.7618388488553345,2141.0,0.7400437105390967,0.5124739142856745,0.5651863688744982,8236.0,0.0,0.0,19,0.22842830816904705,0.2,0.07120057940483093,0.92
4.0,0.0,0.0,4950.0,0.6010199125789218,3286.0,0.3989800874210782,0.9350287120590648,0.6919621175327829,5699.0,5699.0,0.763165608826052,0.8365329493492323,0.6034437498287494,1.0,6095.0,0.7631656138715597,2141.0,0.7400437105390967,0.5135294604213363,0.5651863688744982,8236.0,0.0,0.0,20,0.2289149870475133,0.15,0.0645521953701973,0.92
4.0,0.0,0.0,4845.0,0.5882710053423992,3391.0,0.41172899465760077,0.931583264971288,0.6894123360854784,5678.0,5678.0,0.7735307146376473,0.8460495394285212,0.6192312367717702,1.0,6095.0,0.7735307168799649,2141.0,0.7400437105390967,0.5139077306469134,0.5651863688744982,8236.0,0.0,0.0,21,0.2265569567680359,0.2,0.07551460713148117,0.92
4.0,0.0,0.0,4929.0,0.5984701311316173,3307.0,0.4015298688683827,0.9327317473338802,0.6902622632345798,5685.0,5685.0,0.7669143901196324,0.8415790338073217,0.6092612166362993,1.0,6095.0,0.7669143931927281,2141.0,0.7400437105390967,0.5121128685879458,0.5651863688744982,8236.0,0.0,0.0,22,0.22468551596005756,0.2,0.08012106269598007,0.92
4.0,0.0,0.0,5040.0,0.611947547353084,3196.0,0.38805245264691596,0.9333880229696473,0.6907479358912093,5689.0,5689.0,0.7613984179273121,0.8387455087256774,0.5992909021036533,1.0,6095.0,0.7613984238109347,2141.0,0.7400437105390967,0.510894961828799,0.5651863688744982,8236.0,0.0,0.0,23,0.21988710761070251,0.15,0.08758168667554855,0.92
4.0,0.0,0.0,5133.0,0.6232394366197183,3103.0,0.3767605633802817,0.9340442986054143,0.6912336085478388,5693.0,5693.0,0.7521777398148255,0.8216538514172053,0.5824357905121645,1.0,6095.0,0.7521777427026299,2141.0,0.7400437105390967,0.5091737014450087,0.5651863688744982,8236.0,0.0,0.0,24,0.215835236509641,0.15,0.0747368335723877,0.92
4.0,0.0,0.0,5090.0,0.6180184555609519,3146.0,0.3819815444390481,0.9338802296964726,0.6911121903836814,5692.0,5692.0,0.7539774141908863,0.822745757332425,0.5846680880848822,1.0,6095.0,0.7539774172003024,2141.0,0.7400437105390967,0.5099644782409224,0.5651863688744982,8236.0,0.0,0.0,25,0.21328937808672588,0.15,0.06979583203792572,0.92
4.0,0.0,0.0,4796.0,0.5823215152986887,3440.0,0.4176784847013113,0.9343724364232978,0.6914764448761535,5695.0,5695.0,0.7707223297553024,0.8569177690210372,0.6042967441707026,1.0,6095.0,0.7707223374062856,2141.0,0.7400437105390967,0.5118100340358788,0.5651863688744982,8236.0,0.0,0.0,26,0.21094061036904652,0.15,0.08271382749080658,0.92
4.0,0.0,0.0,4938.0,0.5995628946090336,3298.0,0.4004371053909665,0.9340442986054143,0.6912336085478388,5693.0,5693.0,0.7588083036100517,0.8351691903091756,0.5943119946364439,1.0,6095.0,0.7588083071491502,2141.0,0.7400437105390967,0.5107849918487355,0.5651863688744982,8236.0,0.0,0.0,27,0.2065004607041677,0.15,0.06458400934934616,0.92
4.0,0.0,0.0,4859.0,0.5899708596406023,3377.0,0.41002914035939775,0.93552091878589,0.6923263720252549,5702.0,5702.0,0.7606299537950851,0.8353609615324409,0.5942261496791844,1.0,6095.0,0.7606299574979963,2141.0,0.7400437105390967,0.5128309543465401,0.5651863688744982,8236.0,0.0,0.0,28,0.20032386382420858,0.15,0.07683081179857254,0.92
4.0,0.0,0.0,4852.0,0.5891209324915008,3384.0,0.4108790675084993,0.9340442986054143,0.6912336085478388,5693.0,5693.0,0.7607831514141987,0.8423397615246059,0.5915271031756995,1.0,6095.0,0.7607831539435342,2141.0,0.7400437105390967,0.5107917491722689,0.5651863688744982,8236.0,0.0,0.0,29,0.19744019210338593,0.15,0.07359092682600021,0.92
4.0,0.0,0.0,4771.0,0.5792860611947548,3465.0,0.42071393880524527,0.9337161607875307,0.690990772219524,5691.0,5691.0,0.7570208249072834,0.8307131570399603,0.5837574715404061,1.0,6095.0,0.7570208281947017,2141.0,0.7400437105390967,0.5111312069210341,0.5651863688744982,8236.0,0.0,0.0,30,0.2008455475171407,0.2,0.07592760026454926,0.92
4.0,0.0,0.0,4700.0,0.5706653715395823,3536.0,0.4293346284604177,0.9325676784249385,0.6901408450704225,5684.0,5684.0,0.7672955870825199,0.8394668063673439,0.605071441236445,1.0,6095.0,0.7672955896103575,2141.0,0.7400437105390967,0.51310292278879,0.5651863688744982,8236.0,0.0,0.0,31,0.20019045571486155,0.15,0.08297116309404373,0.92
4.0,0.0,0.0,4995.0,0.6064837299660029,3241.0,0.3935162700339971,0.93552091878589,0.6923263720252549,5702.0,5702.0,0.7453445513219356,0.8200875580371191,0.5629712736560519,1.0,6095.0,0.7453445546276807,2141.0,0.7400437105390967,0.5082980922639877,0.5651863688744982,8236.0,0.0,0.0,32,0.19358968039353688,0.15,0.07203734666109085,0.92
4.0,0.0,0.0,4919.0,0.5972559494900437,3317.0,0.40274405050995626,0.9330598851517637,0.6905050995628946,5687.0,5687.0,0.7549099145578523,0.833902734924501,0.5801731471021483,1.0,6095.0,0.7549099178009896,2141.0,0.7400437105390967,0.5100149996189258,0.5651863688744982,8236.0,0.0,0.0,33,0.19407884379227955,0.15,0.07339690625667572,0.92
4.0,0.0,0.0,4920.0,0.597377367654201,3316.0,0.4026226323457989,0.9350287120590648,0.6919621175327829,5699.0,5699.0,0.7521770937401819,0.8311551350250661,0.5769564877523979,1.0,6095.0,0.7521770960945819,2141.0,0.7400437105390967,0.5092288104974474,0.5651863688744982,8236.0,0.0,0.0,34,0.1879392276207606,0.15,0.0704200342297554,0.92
4.0,0.0,0.0,4826.0,0.5859640602234094,3410.0,0.4140359397765906,0.9332239540607055,0.690626517727052,5688.0,5688.0,0.7552979584643282,0.8340474600462333,0.5826387453839843,1.0,6095.0,0.7552979600388092,2141.0,0.7400437105390967,0.509631043913565,0.5651863688744982,8236.0,0.0,0.0,35,0.18349259595076242,0.15,0.07479825615882874,0.92
4.0,0.0,0.0,4909.0,0.5960417678484702,3327.0,0.4039582321515299,0.9340442986054143,0.6912336085478388,5693.0,5693.0,0.7556478133428662,0.8317532788475601,0.5829460520848027,1.0,6095.0,0.755647815666425,2141.0,0.7400437105390967,0.5092319860919898,0.5651863688744982,8236.0,0.0,0.0,36,0.1832671731710434,0.15,0.0831684023141861,0.92
4.0,0.0,0.0,4814.0,0.5845070422535211,3422.0,0.4154929577464789,0.9351927809680065,0.6920835356969403,5700.0,5700.0,0.7538271172181759,0.8311542266654095,0.5811429489800726,1.0,6095.0,0.7538271190968903,2141.0,0.7400437105390967,0.5100515635877738,0.5651863688744982,8236.0,0.0,0.0,37,0.18188190857569378,0.15,0.07837660610675812,0.92
4.0,0.0,0.0,4844.0,0.5881495871782418,3392.0,0.41185041282175816,0.9351927809680065,0.6920835356969403,5700.0,5700.0,0.7562251997976233,0.831056356583659,0.5865374290339616,1.0,6095.0,0.7562252067133701,2141.0,0.7400437105390967,0.5107506042990004,0.5651863688744982,8236.0,0.0,0.0,38,0.17957904239495595,0.15,0.08057764917612076,0.92
4.0,0.0,0.0,4673.0,0.5673870811073336,3563.0,0.43261291889266634,0.9360131255127153,0.6926906265177271,5705.0,5705.0,0.7655987348104467,0.8487076409232472,0.6047969049462634,1.0,6095.0,0.7655987408463815,2141.0,0.7400437105390967,0.5123762686275305,0.5651863688744982,8236.0,0.0,0.0,39,0.1750474472840627,0.15,0.07456142455339432,0.92
4.0,0.0,0.0,4697.0,0.5703011170471103,3539.0,0.42969888295288977,0.9330598851517637,0.6905050995628946,5687.0,5687.0,0.763962664619367,0.8412338219405001,0.596742133730096,1.0,6095.0,0.7639626689980619,2141.0,0.7400437105390967,0.5120040420835572,0.5651863688744982,8236.0,0.0,0.0,40,0.17671468158562978,0.15,0.07726076245307922,0.92
4.0,0.0,0.0,4798.0,0.5825643516270034,3438.0,0.4174356483729966,0.9332239540607055,0.690626517727052,5688.0,5688.0,0.7557767324934725,0.8373884930649559,0.5745574362034347,1.0,6095.0,0.7557767360616173,2141.0,0.7400437105390967,0.5087896968054328,0.5651863688744982,8236.0,0.0,0.0,41,0.17516722281773886,0.15,0.08220785856246948,0.92
4.0,0.0,0.0,4736.0,0.5750364254492472,3500.0,0.4249635745507528,0.9337161607875307,0.690990772219524,5691.0,5691.0,0.7594093903145123,0.8412338219405001,0.5863224938879223,1.0,6095.0,0.7594093953984831,2141.0,0.7400437105390967,0.5104194805786728,0.5651863688744982,8236.0,0.0,0.0,42,0.16319000522295635,0.15,0.08462522178888321,0.92
4.0,0.0,0.0,4809.0,0.5838999514327343,3427.0,0.4161000485672657,0.9338802296964726,0.6911121903836814,5692.0,5692.0,0.7557081308174277,0.83012209474016,0.5855839880293902,1.0,6095.0,0.7557081330313202,2141.0,0.7400437105390967,0.5093737622332724,0.5651863688744982,8236.0,0.0,0.0,43,0.16518818040688832,0.15,0.08750925958156586,0.92
4.0,0.0,0.0,4707.0,0.5715152986886838,3529.0,0.42848470131131616,0.9369975389663658,0.6934191355026712,5711.0,5711.0,0.7563433028234177,0.8500105913147682,0.5727954653008763,1.0,6095.0,0.7563433061614514,2141.0,0.7400437105390967,0.5097102790736714,0.5651863688744982,8236.0,0.0,0.0,44,0.16540633837382,0.15,0.07786254584789276,0.92
4.0,0.0,0.0,4805.0,0.5834142787761049,3431.0,0.4165857212238951,0.9340442986054143,0.6912336085478388,5693.0,5693.0,0.7534631035899473,0.8306661071177239,0.5809495151914296,1.0,6095.0,0.7534631061570596,2141.0,0.7400437105390967,0.5085271582804718,0.5651863688744982,8236.0,0.0,0.0,45,0.162626517812411,0.15,0.08407381176948547,0.92
4.0,0.0,0.0,4777.0,0.5800145701796989,3459.0,0.4199854298203011,0.9320754716981132,0.6897765905779505,5681.0,5681.0,0.7567560180945229,0.8414790015864156,0.5713722085150185,1.0,6095.0,0.7567560202407487,2141.0,0.7400437105390967,0.5078571629645425,0.5651863688744982,8236.0,0.0,0.0,46,0.16995361347993215,0.15,0.08030692487955093,0.92
4.0,0.0,0.0,4804.0,0.5832928606119475,3432.0,0.4167071393880524,0.934208367514356,0.6913550267119961,5694.0,5694.0,0.7490120522542354,0.8227679073067866,0.5679248796738101,1.0,6095.0,0.749012055833037,2141.0,0.7400437105390967,0.5085204763859009,0.5651863688744982,8236.0,0.0,0.0,47,0.16548405488332113,0.15,0.07436159998178482,0.92
4.0,0.0,0.0,4808.0,0.583778533268577,3428.0,0.416221466731423,0.9358490566037736,0.6925692083535697,5704.0,5704.0,0.7544502881092842,0.8299720692991139,0.5839437454783954,1.0,6095.0,0.7544502913365784,2141.0,0.7400437105390967,0.5106058849425938,0.5651863688744982,8236.0,0.0,0.0,48,0.16387639542420704,0.15,0.07554984092712402,0.92
4.0,0.0,0.0,4743.0,0.5758863525983487,3493.0,0.4241136474016513,0.934208367514356,0.6913550267119961,5694.0,5694.0,0.7536697027882773,0.832859598176183,0.5784735410247436,1.0,6095.0,0.7536697051421294,2141.0,0.7400437105390967,0.5088770613242336,0.5651863688744982,8236.0,0.0,0.0,49,0.1574827790260315,0.15,0.08002596348524094,0.92
4.0,0.0,0.0,4700.0,0.5706653715395823,3536.0,0.4293346284604177,0.932895816242822,0.6903836813987373,5686.0,5686.0,0.759730927078627,0.843883638167752,0.5870109183792481,1.0,6095.0,0.7597309315992763,2141.0,0.7400437105390967,0.5096539117155335,0.5651863688744982,8236.0,0.0,0.0,50,0.15680955052375795,0.2,0.08225689083337784,0.92
4.0,0.0,0.0,4666.0,0.5665371539582321,3570.0,0.4334628460417678,0.9343724364232978,0.6914764448761535,5695.0,5695.0,0.7574398796806444,0.8393356639009866,0.5811164984955062,1.0,6095.0,0.7574398832888242,2141.0,0.7400437105390967,0.5101098763315901,0.5651863688744982,8236.0,0.0,0.0,51,0.1532591293255488,0.15,0.08378985524177551,0.92
4.0,0.0,0.0,4676.0,0.5677513355998057,3560.0,0.43224866440019427,0.9347005742411812,0.6917192812044682,5697.0,5697.0,0.7591585447230331,0.8424484948854085,0.5828883119891605,1.0,6095.0,0.7591585482986278,2141.0,0.7400437105390967,0.5105605847839778,0.5651863688744982,8236.0,0.0,0.0,52,0.14987197518348694,0.15,0.08331247419118881,0.92
8.0,2027.0,0.24611461874696455,2761.0,0.33523555123846527,3448.0,0.4186498300145702,0.9581624282198523,0.7090820786789703,5840.0,5840.0,0.8792447103925615,1.0,0.8313594937412846,1.0,6095.0,0.8792447106615517,2141.0,0.7400437105390967,0.5348668734249402,0.5651863688744982,8236.0,0.0,0.0,1,0.960095206896464,0.2,0.08992592245340347,0.8
8.0,2027.0,0.24611461874696455,3063.0,0.37190383681398737,3146.0,0.3819815444390481,0.9488105004101722,0.7021612433220009,5783.0,5783.0,0.8662867239553604,1.0,0.7914272099614101,1.0,6095.0,0.8662867250001643,2141.0,0.7400437105390967,0.5309061877812855,0.5651863688744982,8236.0,0.0,0.0,2,0.8410412669181824,0.2,0.06487293541431427,0.8
8.0,2027.0,0.24611461874696455,3358.0,0.407722195240408,2851.0,0.34616318601262747,0.9429040196882691,0.6977901894123361,5747.0,5747.0,0.8629966174156508,1.0,0.7827785315298099,1.0,6095.0,0.8629966198853434,2141.0,0.7400437105390967,0.5289066062764165,0.5651863688744982,8236.0,0.0,0.0,3,0.7618774771690369,0.3,0.04400463402271271,0.8
8.0,1128.0,0.13695968916949977,3270.0,0.39703739679456046,3838.0,0.4660029140359398,0.9468416735028712,0.7007042253521126,5771.0,5771.0,0.8704901359188097,1.0,0.7972084346223998,1.0,6095.0,0.8704901370674366,2141.0,0.7400437105390967,0.5320230661471622,0.5651863688744982,8236.0,0.0,0.0,4,0.6463687260945638,0.2,0.08048249781131744,0.9
8.0,1432.0,0.17387081107333657,3955.0,0.48020883924235064,2849.0,0.3459203496843128,0.9392945036915504,0.6951189898008742,5725.0,5725.0,0.836870994222683,1.0,0.7211100930032839,1.0,6095.0,0.8368709953022672,2141.0,0.7400437105390967,0.5246080102642893,0.5651863688744982,8236.0,0.0,0.0,5,0.5611293196678162,0.2,0.040659401565790176,0.85
8.0,0.0,0.0,4871.0,0.5914278776104905,3365.0,0.40857212238950946,0.932895816242822,0.6903836813987373,5686.0,5686.0,0.7876794820463444,0.8781874199417152,0.6475207702146588,1.0,6095.0,0.7876794846760543,2141.0,0.7400437105390967,0.5165516754139067,0.5651863688744982,8236.0,0.0,0.0,6,0.5000667671362559,0.15,0.061540935188531876,0.92
8.0,605.0,0.07345798931520156,4114.0,0.4995143273433706,3517.0,0.4270276833414279,0.9460213289581624,0.7000971345313259,5766.0,5766.0,0.8285958137185887,0.9589797523179915,0.7069717748089783,1.0,6095.0,0.8285958156822942,2141.0,0.7400437105390967,0.527615196759751,0.5651863688744982,8236.0,0.0,0.0,7,0.4502872844537099,0.15,0.05725017562508583,0.92
8.0,0.0,0.0,4894.0,0.5942204953861098,3342.0,0.40577950461389023,0.9309269893355209,0.688926663428849,5674.0,5674.0,0.7843238870964563,0.8587983977859547,0.6381024168766074,1.0,6095.0,0.7843238884902866,2141.0,0.7400437105390967,0.5174970239463782,0.5651863688744982,8236.0,0.0,0.0,8,0.43103851079940797,0.15,0.05116737261414528,0.92
8.0,294.0,0.035696940262263235,4547.0,0.5520883924235066,3395.0,0.41221466731423023,0.940278917145201,0.6958474987858183,5731.0,5731.0,0.7991627683490201,0.8999310966657686,0.6607925555261742,1.0,6095.0,0.7991627703451772,2141.0,0.7400437105390967,0.5197534559678129,0.5651863688744982,8236.0,0.0,0.0,9,0.4262871305147807,0.2,0.04936094582080841,0.92
8.0,0.0,0.0,4816.0,0.5847498785818358,3420.0,0.41525012141816414,0.9320754716981132,0.6897765905779505,5681.0,5681.0,0.7794942163154962,0.8575435127899774,0.6324810308088158,1.0,6095.0,0.7794942186074905,2141.0,0.7400437105390967,0.5173318483395183,0.5651863688744982,8236.0,0.0,0.0,10,0.41031564474105836,0.15,0.04947549104690552,0.92
8.0,0.0,0.0,4988.0,0.6056338028169014,3248.0,0.39436619718309857,0.9366694011484824,0.6931762991743565,5709.0,5709.0,0.764872943972361,0.8347378950679124,0.613325822828741,1.0,6095.0,0.764872950690364,2141.0,0.7400437105390967,0.5157978233973362,0.5651863688744982,8236.0,0.0,0.0,11,0.380757878224055,0.15,0.036615729331970215,0.92
8.0,0.0,0.0,4896.0,0.5944633317144244,3340.0,0.4055366682855755,0.9360131255127153,0.6926906265177271,5705.0,5705.0,0.7705737599605355,0.8446038084924999,0.6191466648800489,1.0,6095.0,0.7705737632290459,2141.0,0.7400437105390967,0.5160842640631594,0.5651863688744982,8236.0,0.0,0.0,12,0.37013511061668397,0.2,0.050142303109169006,0.92
8.0,0.0,0.0,4980.0,0.6046624575036426,3256.0,0.39533754249635744,0.9333880229696473,0.6907479358912093,5689.0,5689.0,0.7654693763132093,0.8329292489152549,0.6141397148189325,1.0,6095.0,0.765469378574926,2141.0,0.7400437105390967,0.5152628570513277,0.5651863688744982,8236.0,0.0,0.0,13,0.360036700963974,0.15,0.050226446241140366,0.92
8.0,0.0,0.0,5017.0,0.6091549295774648,3219.0,0.3908450704225352,0.9330598851517637,0.6905050995628946,5687.0,5687.0,0.7633558573389755,0.8302963350024729,0.6093222967116643,1.0,6095.0,0.7633558596751776,2141.0,0.7400437105390967,0.5149176017055471,0.5651863688744982,8236.0,0.0,0.0,14,0.3492977221806844,0.15,0.0448278933763504,0.92
8.0,0.0,0.0,4971.0,0.6035696940262263,3265.0,0.39643030597377366,0.9325676784249385,0.6901408450704225,5684.0,5684.0,0.7629991767716573,0.8285251709773314,0.609533206651011,1.0,6095.0,0.762999182483356,2141.0,0.7400437105390967,0.5149264029308579,0.5651863688744982,8236.0,0.0,0.0,15,0.3505482852458954,0.2,0.04960247501730919,0.92
8.0,0.0,0.0,4998.0,0.606847984458475,3238.0,0.393152015541525,0.9314191960623461,0.689290917921321,5677.0,5677.0,0.7652048992586706,0.8288871651019503,0.612472728458267,1.0,6095.0,0.7652049013504264,2141.0,0.7400437105390967,0.5146810746170156,0.5651863688744982,8236.0,0.0,0.0,16,0.3336722433567047,0.2,0.03689100220799446,0.92
8.0,0.0,0.0,5027.0,0.6103691112190384,3209.0,0.38963088878096164,0.9353568498769483,0.6922049538610976,5701.0,5701.0,0.7543426049012542,0.8168678141002176,0.5925020026749546,1.0,6095.0,0.7543426064210643,2141.0,0.7400437105390967,0.5128137136181156,0.5651863688744982,8236.0,0.0,0.0,17,0.32578732768694557,0.15,0.04255864769220352,0.92
8.0,0.0,0.0,5132.0,0.6231180184555609,3104.0,0.376881981544439,0.9368334700574241,0.6932977173385139,5710.0,5710.0,0.7494546816201391,0.8171450901837198,0.5821049119500208,1.0,6095.0,0.7494546846834669,2141.0,0.7400437105390967,0.5114463114938818,0.5651863688744982,8236.0,0.0,0.0,18,0.3188688059647878,0.15,0.044819168746471405,0.92
8.0,0.0,0.0,4923.0,0.5977416221466731,3313.0,0.40225837785332685,0.9351927809680065,0.6920835356969403,5700.0,5700.0,0.7614522586151167,0.8300842650503027,0.5989700748070346,1.0,6095.0,0.7614522611007619,2141.0,0.7400437105390967,0.5137418145581022,0.5651863688744982,8236.0,0.0,0.0,19,0.31676075657208763,0.2,0.045103199779987335,0.92
8.0,0.0,0.0,4840.0,0.5876639145216125,3396.0,0.41233608547838757,0.9320754716981132,0.6897765905779505,5681.0,5681.0,0.7648114391806209,0.8385632848184802,0.5997427901323127,1.0,6095.0,0.7648114404783468,2141.0,0.7400437105390967,0.5137575540644819,0.5651863688744982,8236.0,0.0,0.0,20,0.3072349766890208,0.2,0.04767797514796257,0.92
8.0,0.0,0.0,4777.0,0.5800145701796989,3459.0,0.4199854298203011,0.9322395406070549,0.6898980087421078,5682.0,5682.0,0.7646663775409165,0.8395078899898805,0.604889538751078,1.0,6095.0,0.7646663810243957,2141.0,0.7400437105390967,0.5138250320926298,0.5651863688744982,8236.0,0.0,0.0,21,0.30715848406155905,0.15,0.05301686003804207,0.92
8.0,0.0,0.0,4817.0,0.5848712967459933,3419.0,0.4151287032540068,0.9353568498769483,0.6922049538610976,5701.0,5701.0,0.7527654811607623,0.8183966180064056,0.588945277291969,1.0,6095.0,0.7527654846107821,2141.0,0.7400437105390967,0.5125520950152935,0.5651863688744982,8236.0,0.0,0.0,22,0.2969367404778798,0.15,0.0436735525727272,0.92
8.0,0.0,0.0,4956.0,0.601748421563866,3280.0,0.39825157843613407,0.9350287120590648,0.6919621175327829,5699.0,5699.0,0.7550925609223514,0.8260023290778974,0.5899524244674408,1.0,6095.0,0.7550925629572586,2141.0,0.7400437105390967,0.5113013666698029,0.5651863688744982,8236.0,0.0,0.0,23,0.2879964013894399,0.15,0.04144354909658432,0.92
8.0,0.0,0.0,4951.0,0.6011413307430792,3285.0,0.3988586692569208,0.9353568498769483,0.6922049538610976,5701.0,5701.0,0.7527332269372131,0.822327818885527,0.5829007304518147,1.0,6095.0,0.7527332317133923,2141.0,0.7400437105390967,0.510397125187896,0.5651863688744982,8236.0,0.0,0.0,24,0.28480590085188545,0.15,0.05677112191915512,0.92
8.0,0.0,0.0,4971.0,0.6035696940262263,3265.0,0.39643030597377366,0.9319114027891715,0.6896551724137931,5680.0,5680.0,0.7523838712680482,0.8164503668018865,0.5815269517906462,1.0,6095.0,0.7523838745686119,2141.0,0.7400437105390967,0.5100834671712453,0.5651863688744982,8236.0,0.0,0.0,25,0.2807594299316406,0.15,0.047042857855558395,0.92
8.0,0.0,0.0,4702.0,0.5709082078678971,3534.0,0.42909179213210297,0.9376538146021329,0.6939048081593007,5715.0,5715.0,0.7654740356028014,0.8397589077588632,0.6030736361749416,1.0,6095.0,0.765474038458568,2141.0,0.7400437105390967,0.5151117985308453,0.5651863688744982,8236.0,0.0,0.0,26,0.2761630853017171,0.15,0.04721585288643837,0.92
8.0,0.0,0.0,4852.0,0.5891209324915008,3384.0,0.4108790675084993,0.9333880229696473,0.6907479358912093,5689.0,5689.0,0.7578039995244237,0.8339524835831627,0.5820587155445529,1.0,6095.0,0.7578040024871926,2141.0,0.7400437105390967,0.5108792392133676,0.5651863688744982,8236.0,0.0,0.0,27,0.2837239106496175,0.15,0.045462291687726974,0.92
8.0,0.0,0.0,4766.0,0.578678970373968,3470.0,0.4213210296260321,0.9356849876948319,0.6924477901894124,5703.0,5703.0,0.7584184516847713,0.8386391996430996,0.5893008312605139,1.0,6095.0,0.7584184549767182,2141.0,0.7400437105390967,0.5114880810824682,0.5651863688744982,8236.0,0.0,0.0,28,0.27314240137736,0.2,0.04395834356546402,0.92
8.0,0.0,0.0,4834.0,0.5869354055366682,3402.0,0.4130645944633317,0.9340442986054143,0.6912336085478388,5693.0,5693.0,0.7501772471182633,0.8176434939339766,0.5795020353578965,1.0,6095.0,0.7501772541117837,2141.0,0.7400437105390967,0.510708939705462,0.5651863688744982,8236.0,0.0,0.0,29,0.26577880084514616,0.15,0.0458313450217247,0.92
8.0,0.0,0.0,4717.0,0.5727294803302574,3519.0,0.4272705196697426,0.9332239540607055,0.690626517727052,5688.0,5688.0,0.7594373184146872,0.8342449025693691,0.5943809792726327,1.0,6095.0,0.7594373207998082,2141.0,0.7400437105390967,0.5132888991255963,0.5651863688744982,8236.0,0.0,0.0,30,0.2627273440361023,0.2,0.0546518936753273,0.92
8.0,0.0,0.0,4901.0,0.5950704225352113,3335.0,0.40492957746478875,0.9358490566037736,0.6925692083535697,5704.0,5704.0,0.7464933484139067,0.8054202416212832,0.5774000095305685,1.0,6095.0,0.7464933521159893,2141.0,0.7400437105390967,0.509936832118652,0.5651863688744982,8236.0,0.0,0.0,31,0.25520009994506837,0.15,0.049173787236213684,0.92
8.0,0.0,0.0,4883.0,0.5928848955803788,3353.0,0.4071151044196212,0.9325676784249385,0.6901408450704225,5684.0,5684.0,0.7529158257908857,0.8278020725748633,0.5789270953116521,1.0,6095.0,0.7529158304955943,2141.0,0.7400437105390967,0.5098724476552285,0.5651863688744982,8236.0,0.0,0.0,32,0.253341676791509,0.15,0.04726773500442505,0.92
8.0,0.0,0.0,4903.0,0.5953132588635259,3333.0,0.404686741136474,0.9333880229696473,0.6907479358912093,5689.0,5689.0,0.7464599123689104,0.8069606609517892,0.5726645678146411,1.0,6095.0,0.7464599141966763,2141.0,0.7400437105390967,0.5092744169857918,0.5651863688744982,8236.0,0.0,0.0,33,0.24274183412392933,0.15,0.045940201729536057,0.92
8.0,0.0,0.0,4784.0,0.5808644973288004,3452.0,0.4191355026711996,0.93552091878589,0.6923263720252549,5702.0,5702.0,0.7526122116273765,0.8275825032195018,0.5779533527449372,1.0,6095.0,0.7526122145141069,2141.0,0.7400437105390967,0.5107351139839271,0.5651863688744982,8236.0,0.0,0.0,34,0.2464174191157023,0.2,0.0499630831182003,0.92
8.0,0.0,0.0,4785.0,0.5809859154929577,3451.0,0.41901408450704225,0.93552091878589,0.6923263720252549,5702.0,5702.0,0.7539799801200893,0.8233242297292814,0.5865625258560931,1.0,6095.0,0.7539799834110468,2141.0,0.7400437105390967,0.5114047477978251,0.5651863688744982,8236.0,0.0,0.0,35,0.2419605125983556,0.15,0.052703261375427246,0.92
8.0,0.0,0.0,4812.0,0.5842642059252064,3424.0,0.4157357940747936,0.9347005742411812,0.6917192812044682,5697.0,5697.0,0.7471542192754744,0.8140738624408645,0.5747882786870784,1.0,6095.0,0.7471542215745789,2141.0,0.7400437105390967,0.5102517969302964,0.5651863688744982,8236.0,0.0,0.0,36,0.23584836622079214,0.15,0.053418926894664764,0.92
8.0,0.0,0.0,4760.0,0.5779504613890238,3476.0,0.4220495386109762,0.9343724364232978,0.6914764448761535,5695.0,5695.0,0.7538698071693244,0.8284993369767688,0.5782136805026816,1.0,6095.0,0.7538698115697283,2141.0,0.7400437105390967,0.5108039929049714,0.5651863688744982,8236.0,0.0,0.0,37,0.23441533744335175,0.15,0.05744455009698868,0.92
8.0,0.0,0.0,4734.0,0.5747935891209325,3502.0,0.4252064108790675,0.9348646431501231,0.6918406993686256,5698.0,5698.0,0.753781459025315,0.8264632005147211,0.5820096447552814,1.0,6095.0,0.7537814614797945,2141.0,0.7400437105390967,0.5118286015185429,0.5651863688744982,8236.0,0.0,0.0,38,0.2346824566523234,0.15,0.05427516624331474,0.92
8.0,0.0,0.0,4758.0,0.577707625060709,3478.0,0.4222923749392909,0.932895816242822,0.6903836813987373,5686.0,5686.0,0.7527522275589653,0.8230753988326458,0.5744899682498221,1.0,6095.0,0.7527522298129273,2141.0,0.7400437105390967,0.5095648715349856,0.5651863688744982,8236.0,0.0,0.0,39,0.2319287170966466,0.15,0.0524696484208107,0.92
8.0,0.0,0.0,4810.0,0.5840213695968917,3426.0,0.4159786304031083,0.9353568498769483,0.6922049538610976,5701.0,5701.0,0.757823044089665,0.8298297209808533,0.5899110571810189,1.0,6095.0,0.7578230478738607,2141.0,0.7400437105390967,0.5108434579986867,0.5651863688744982,8236.0,0.0,0.0,40,0.22742622296015422,0.15,0.05325347185134888,0.92
8.0,0.0,0.0,4714.0,0.5723652258377854,3522.0,0.4276347741622147,0.9343724364232978,0.6914764448761535,5695.0,5695.0,0.7586004683280765,0.830750749702057,0.5918634425960134,1.0,6095.0,0.7586004703117026,2141.0,0.7400437105390967,0.5114033762280272,0.5651863688744982,8236.0,0.0,0.0,41,0.21913520594437916,0.15,0.05721317604184151,0.92
8.0,0.0,0.0,4672.0,0.5672656629431763,3564.0,0.4327343370568237,0.9332239540607055,0.690626517727052,5688.0,5688.0,0.7589681146857588,0.8338021571803556,0.5866664246915033,1.0,6095.0,0.7589681168157195,2141.0,0.7400437105390967,0.5111489366232405,0.5651863688744982,8236.0,0.0,0.0,42,0.21539863745371501,0.15,0.05560974404215813,0.92
8.0,0.0,0.0,4782.0,0.5806216610004856,3454.0,0.4193783389995143,0.9330598851517637,0.6905050995628946,5687.0,5687.0,0.7507118636846396,0.8238524319764232,0.5739317126884542,1.0,6095.0,0.7507118653821336,2141.0,0.7400437105390967,0.5082906912369993,0.5651863688744982,8236.0,0.0,0.0,43,0.21604574024677276,0.15,0.057761773467063904,0.92
8.0,0.0,0.0,4654.0,0.5650801359883438,3582.0,0.43491986401165617,0.9325676784249385,0.6901408450704225,5684.0,5684.0,0.7558417936309366,0.8316361498510663,0.5857060413475782,1.0,6095.0,0.7558417953913524,2141.0,0.7400437105390967,0.5106375352678565,0.5651863688744982,8236.0,0.0,0.0,44,0.21588955322901407,0.15,0.048248860985040665,0.92
8.0,0.0,0.0,4738.0,0.575279261777562,3498.0,0.42472073822243805,0.9317473338802297,0.6895337542496357,5679.0,5679.0,0.7566212707805117,0.8349061205740292,0.5766309599363088,1.0,6095.0,0.75662127287436,2141.0,0.7400437105390967,0.5096369018304057,0.5651863688744982,8236.0,0.0,0.0,45,0.21271879176298777,0.2,0.053300242871046066,0.92
8.0,0.0,0.0,4806.0,0.5835356969402623,3430.0,0.41646430305973775,0.9317473338802297,0.6895337542496357,5679.0,5679.0,0.7503998952675989,0.815563020891086,0.5755157231099883,1.0,6095.0,0.7503998967080655,2141.0,0.7400437105390967,0.5088568476426505,0.5651863688744982,8236.0,0.0,0.0,46,0.21430920163790385,0.15,0.054327767342329025,0.92
8.0,0.0,0.0,4677.0,0.5678727537639631,3559.0,0.43212724623603693,0.9350287120590648,0.6919621175327829,5699.0,5699.0,0.7585963374979802,0.8428105595712775,0.5880114404308439,1.0,6095.0,0.7585963398217296,2141.0,0.7400437105390967,0.5120365967536064,0.5651863688744982,8236.0,0.0,0.0,47,0.21086985270182293,0.15,0.05643932893872261,0.92
8.0,0.0,0.0,4773.0,0.5795288975230695,3463.0,0.42047110247693054,0.9345365053322395,0.6915978630403108,5696.0,5696.0,0.7486002873292785,0.8253183332865937,0.5671533224541765,1.0,6095.0,0.7486002900514177,2141.0,0.7400437105390967,0.5092359600437795,0.5651863688744982,8236.0,0.0,0.0,48,0.2116569846868515,0.15,0.050782255828380585,0.92
8.0,0.0,0.0,4733.0,0.5746721709567751,3503.0,0.42532782904322486,0.9343724364232978,0.6914764448761535,5695.0,5695.0,0.7561678413197725,0.8350178496636667,0.5849052402841297,1.0,6095.0,0.7561678432361727,2141.0,0.7400437105390967,0.5097833007290605,0.5651863688744982,8236.0,0.0,0.0,49,0.20128451983133952,0.15,0.04976779222488403,0.92
8.0,0.0,0.0,4597.0,0.5581593006313744,3639.0,0.4418406993686255,0.9350287120590648,0.6919621175327829,5699.0,5699.0,0.7633462117728157,0.8505823109840939,0.5937635346777768,1.0,6095.0,0.7633462151461897,2141.0,0.7400437105390967,0.511397609755717,0.5651863688744982,8236.0,0.0,0.0,50,0.19578484892845155,0.15,0.06532010436058044,0.92
8.0,0.0,0.0,4727.0,0.573943661971831,3509.0,0.426056338028169,0.9327317473338802,0.6902622632345798,5685.0,5685.0,0.7528784935058556,0.8270220925042132,0.5747887457340367,1.0,6095.0,0.7528784959357512,2141.0,0.7400437105390967,0.5094539059126446,0.5651863688744982,8236.0,0.0,0.0,51,0.19966759184996288,0.15,0.05391376093029976,0.92
8.0,0.0,0.0,4600.0,0.5585235551238465,3636.0,0.44147644487615345,0.9358490566037736,0.6925692083535697,5704.0,5704.0,0.7615322677379647,0.8438932229987206,0.5874989761411269,1.0,6095.0,0.7615322707543678,2141.0,0.7400437105390967,0.5110701210435031,0.5651863688744982,8236.0,0.0,0.0,52,0.19964943428834278,0.15,0.05676276236772537,0.92
8.0,0.0,0.0,4633.0,0.5625303545410394,3603.0,0.43746964545896067,0.9333880229696473,0.6907479358912093,5689.0,5689.0,0.7592465194191993,0.8418179989563651,0.5903350616895309,1.0,6095.0,0.7592465220789348,2141.0,0.7400437105390967,0.5102495637139455,0.5651863688744982,8236.0,0.0,0.0,53,0.1924730141957601,0.15,0.06304897367954254,0.92
