feature,importance,variant
continuation_p_up,21.84132053640306,experiment_a_expert_only
continuation_minus_reversal_p_up,13.677502777353297,experiment_a_expert_only
first_minute_side_no,13.663547450864423,experiment_a_expert_only
first_minute_side_yes,12.054105518164377,experiment_a_expert_only
continuation_confidence_minus_reversal_confidence,9.860750763147518,experiment_a_expert_only
continuation_confidence,6.681963086769826,experiment_a_expert_only
cont_decision_is_up,3.7033931263266266,experiment_a_expert_only
reversal_confidence,3.5678634264834024,experiment_a_expert_only
first_minute_side,3.1917379790721943,experiment_a_expert_only
reversal_p_up,2.3122938655055747,experiment_a_expert_only
min_expert_confidence,1.7433432486947338,experiment_a_expert_only
hour,1.5322167448434914,experiment_a_expert_only
max_expert_confidence,1.3508763556888745,experiment_a_expert_only
cont_decision_is_down,0.9771299644044976,experiment_a_expert_only
reversal_opposite_side_indicator,0.704119598528252,experiment_a_expert_only
dayofweek,0.5976901041453893,experiment_a_expert_only
reversal_accept,0.5475804341810684,experiment_a_expert_only
continuation_accept,0.4344136078014974,experiment_a_expert_only
only_continuation_accept,0.39274417138239237,experiment_a_expert_only
both_accept,0.26042955496977815,experiment_a_expert_only
session_us,0.17963816058823884,experiment_a_expert_only
rev_decision_is_up,0.17899399989116677,experiment_a_expert_only
rev_decision_is_down,0.13260692999549686,experiment_a_expert_only
session_europe,0.12440217505436636,experiment_a_expert_only
session_asia,0.10240039635773464,experiment_a_expert_only
session_id,0.074392596950048,experiment_a_expert_only
session_open,0.05276261876680856,experiment_a_expert_only
continuation_same_side_indicator,0.030961496832536586,experiment_a_expert_only
experts_disagree_direction,0.01587704264458279,experiment_a_expert_only
only_reversal_accept,0.012942268188786224,experiment_a_expert_only
experts_agree_direction,0.0,experiment_a_expert_only
neither_accept,0.0,experiment_a_expert_only
continuation_confidence_minus_reversal_confidence,6.155310698369738,experiment_b_expert_top50_market
ret_vol_product__ret_1__rv_10,5.736146222204424,experiment_b_expert_top50_market
fm_ret_vs_htf_rv_15m,5.675497673232742,experiment_b_expert_top50_market
fm_ret_lag3s,5.140075573094025,experiment_b_expert_top50_market
ret_1,4.678815911190324,experiment_b_expert_top50_market
ret_relative_volume_product__ret_1__relative_volume_20,4.378941427826508,experiment_b_expert_top50_market
htf_rv_15m_delta_1,4.252942733080232,experiment_b_expert_top50_market
sl_interaction__sl_mirror_ret_60s__div__sl_mirror_rv_30s,3.590769593741096,experiment_b_expert_top50_market
continuation_confidence,3.5014507613892674,experiment_b_expert_top50_market
ret_vol_ratio__ret_1__rv_5,3.3661046263053014,experiment_b_expert_top50_market
ret_range_pos_product__ret_1__range_pos_10,3.125689553226765,experiment_b_expert_top50_market
context_ret_product__up_ratio_5__ret_1,3.0868776882031748,experiment_b_expert_top50_market
ret_vol_product__ret_1__rv_3,2.925922356961056,experiment_b_expert_top50_market
ret_efficiency_product__ret_1__efficiency_3,2.8378618464595666,experiment_b_expert_top50_market
ret_vol_ratio__ret_1__rv_30,2.8250195176372945,experiment_b_expert_top50_market
rv_30_delta_1,2.708132936476875,experiment_b_expert_top50_market
rv_10_delta_1,2.4994389681650815,experiment_b_expert_top50_market
ret_1_mean_gap_24,2.338208393073227,experiment_b_expert_top50_market
sl_interaction__sl_mirror_ret_60s__div__sl_mirror_rv_60s,2.328524707702233,experiment_b_expert_top50_market
reversal_confidence,1.8275470418179909,experiment_b_expert_top50_market
fm_ret_vs_prev_5m_range,1.7507891514573992,experiment_b_expert_top50_market
sl_mirror_return_slope_60s,1.6754010362410199,experiment_b_expert_top50_market
ret_vol_ratio__ret_1__rv_10,1.480457233050194,experiment_b_expert_top50_market
rv_5_delta_1,1.1461636177359777,experiment_b_expert_top50_market
sl_interaction__sl_mirror_ret_60s__x__sl_mirror_rv_30s,1.0282105984367742,experiment_b_expert_top50_market
ret_vol_product__ret_1__rv_5,0.9815060073335103,experiment_b_expert_top50_market
ret_vol_ratio__ret_1__rv_3,0.9492401385847644,experiment_b_expert_top50_market
max_expert_confidence,0.9135313418022616,experiment_b_expert_top50_market
sl_agg_end_second_buy_pressure_60s,0.8739381280034556,experiment_b_expert_top50_market
ret_1_rolling_z_24,0.8543534602911698,experiment_b_expert_top50_market
sl_taker_count_imbalance_60s,0.8519329331293822,experiment_b_expert_top50_market
continuation_p_up,0.8369664135469916,experiment_b_expert_top50_market
ret_relative_volume_product__ret_1__relative_volume_3,0.8321201214938275,experiment_b_expert_top50_market
continuation_minus_reversal_p_up,0.7985463309648968,experiment_b_expert_top50_market
second_level_signed_dollar_flow,0.7932898787925644,experiment_b_expert_top50_market
min_expert_confidence,0.7747315606395825,experiment_b_expert_top50_market
wick_pressure_1_mean_gap_6,0.6858132913340639,experiment_b_expert_top50_market
ret_1_rolling_z_12,0.6613626219324155,experiment_b_expert_top50_market
ret_1_mean_gap_12,0.6229956109444968,experiment_b_expert_top50_market
fm_ret,0.6144949982978547,experiment_b_expert_top50_market
fm_ret_lag1s,0.6109470567648266,experiment_b_expert_top50_market
htf_range_pos_15m_delta_1,0.5710465941983102,experiment_b_expert_top50_market
ret_relative_volume_product__ret_1__relative_volume_10,0.5631291285386525,experiment_b_expert_top50_market
fm_ret_lag5s,0.545110711154444,experiment_b_expert_top50_market
sl_agg_end_second_sell_pressure_60s,0.49304037315781657,experiment_b_expert_top50_market
hour,0.46166667570758596,experiment_b_expert_top50_market
fm_ret_vs_rv_30,0.42975076210305413,experiment_b_expert_top50_market
second_level_price_slope,0.4081735930824782,experiment_b_expert_top50_market
ret_relative_volume_product__ret_1__relative_volume_5,0.390457606782705,experiment_b_expert_top50_market
sl_mirror_slope_60s,0.36538058186982997,experiment_b_expert_top50_market
sl_price_slope_60s,0.3457184487600375,experiment_b_expert_top50_market
ret_range_pos_product__ret_1__range_pos_5,0.3412919081626214,experiment_b_expert_top50_market
ret_range_pos_product__ret_1__range_pos_3,0.3230473892768185,experiment_b_expert_top50_market
reversal_p_up,0.25047950337703756,experiment_b_expert_top50_market
sl_interaction__sl_mirror_ret_60s__x__sl_mirror_rv_60s,0.24081998684656433,experiment_b_expert_top50_market
micro_ret_10s,0.2309627810990102,experiment_b_expert_top50_market
context_ret_product__down_ratio_5__ret_1,0.2073882113178271,experiment_b_expert_top50_market
both_accept,0.18290737080994865,experiment_b_expert_top50_market
signed_dollar_volume_1,0.17111189183686482,experiment_b_expert_top50_market
only_reversal_accept,0.12535386946060237,experiment_b_expert_top50_market
ret_vol_product__ret_1__rv_30,0.12088671106410998,experiment_b_expert_top50_market
continuation_accept,0.09654013955564053,experiment_b_expert_top50_market
dayofweek,0.07572596651629826,experiment_b_expert_top50_market
session_us,0.059333091959136705,experiment_b_expert_top50_market
reversal_opposite_side_indicator,0.046835025442053944,experiment_b_expert_top50_market
reversal_accept,0.04653330123469861,experiment_b_expert_top50_market
session_id,0.04207174549771196,experiment_b_expert_top50_market
rev_decision_is_down,0.03866266551865154,experiment_b_expert_top50_market
only_continuation_accept,0.03752404021130762,experiment_b_expert_top50_market
first_minute_side,0.028129310492446245,experiment_b_expert_top50_market
cont_decision_is_down,0.018273983155247957,experiment_b_expert_top50_market
first_minute_side_yes,0.011541629098627226,experiment_b_expert_top50_market
continuation_same_side_indicator,0.009613575663482303,experiment_b_expert_top50_market
session_open,0.0054216661140422786,experiment_b_expert_top50_market
experts_agree_direction,0.0,experiment_b_expert_top50_market
experts_disagree_direction,0.0,experiment_b_expert_top50_market
neither_accept,0.0,experiment_b_expert_top50_market
rev_decision_is_up,0.0,experiment_b_expert_top50_market
session_europe,0.0,experiment_b_expert_top50_market
cont_decision_is_up,0.0,experiment_b_expert_top50_market
session_asia,0.0,experiment_b_expert_top50_market
first_minute_side_no,0.0,experiment_b_expert_top50_market
ret_vol_product__ret_1__rv_10,6.243116062267634,experiment_c_grid_depth2_l25
ret_range_pos_product__ret_1__range_pos_5,6.054947481589128,experiment_c_grid_depth2_l25
ret_relative_volume_product__ret_1__relative_volume_5,5.324537109465134,experiment_c_grid_depth2_l25
htf_rv_15m_delta_1,5.161820925393904,experiment_c_grid_depth2_l25
sl_interaction__sl_mirror_ret_60s__div__sl_mirror_rv_30s,5.0728999419587435,experiment_c_grid_depth2_l25
continuation_confidence_minus_reversal_confidence,4.7804063658599585,experiment_c_grid_depth2_l25
ret_vol_product__ret_1__rv_3,4.592589717180614,experiment_c_grid_depth2_l25
continuation_confidence,4.434109469453054,experiment_c_grid_depth2_l25
fm_ret_vs_prev_5m_range,3.6381293549747116,experiment_c_grid_depth2_l25
fm_ret_lag3s,3.555111841836296,experiment_c_grid_depth2_l25
ret_relative_volume_product__ret_1__relative_volume_10,3.30906808522938,experiment_c_grid_depth2_l25
ret_vol_ratio__ret_1__rv_30,2.746834866920167,experiment_c_grid_depth2_l25
micro_ret_10s,2.7366138945998184,experiment_c_grid_depth2_l25
ret_relative_volume_product__ret_1__relative_volume_20,2.711202845565676,experiment_c_grid_depth2_l25
second_level_price_slope,2.6058361063479083,experiment_c_grid_depth2_l25
fm_ret_vs_rv_30,2.520245715258946,experiment_c_grid_depth2_l25
fm_ret_vs_htf_rv_15m,2.278520691228216,experiment_c_grid_depth2_l25
sl_mirror_slope_60s,2.2480832333869922,experiment_c_grid_depth2_l25
fm_ret_lag1s,2.2302032948245802,experiment_c_grid_depth2_l25
sl_interaction__sl_mirror_ret_60s__div__sl_mirror_rv_60s,1.9191558143267524,experiment_c_grid_depth2_l25
rv_30_delta_1,1.8068907248711397,experiment_c_grid_depth2_l25
first_minute_side,1.7845508022325804,experiment_c_grid_depth2_l25
context_ret_product__up_ratio_5__ret_1,1.6378142003215206,experiment_c_grid_depth2_l25
rv_10_delta_1,1.6332264318386245,experiment_c_grid_depth2_l25
continuation_p_up,1.600801801284736,experiment_c_grid_depth2_l25
second_level_signed_dollar_flow,1.5138253743010346,experiment_c_grid_depth2_l25
reversal_confidence,1.4307087536283984,experiment_c_grid_depth2_l25
first_minute_side_no,1.1748400128090146,experiment_c_grid_depth2_l25
rv_5_delta_1,1.0904406404745357,experiment_c_grid_depth2_l25
ret_range_pos_product__ret_1__range_pos_10,1.0446022133816129,experiment_c_grid_depth2_l25
ret_vol_product__ret_1__rv_30,1.0275144223015529,experiment_c_grid_depth2_l25
sl_price_slope_60s,1.025833954679875,experiment_c_grid_depth2_l25
ret_efficiency_product__ret_1__efficiency_3,1.0113043469195016,experiment_c_grid_depth2_l25
ret_1_rolling_z_24,0.8166057457549752,experiment_c_grid_depth2_l25
htf_range_pos_15m_delta_1,0.7914921022492019,experiment_c_grid_depth2_l25
sl_mirror_return_slope_60s,0.603243007817258,experiment_c_grid_depth2_l25
reversal_opposite_side_indicator,0.5127279965876572,experiment_c_grid_depth2_l25
ret_1_rolling_z_12,0.4373096762284802,experiment_c_grid_depth2_l25
ret_1_mean_gap_12,0.408396573477918,experiment_c_grid_depth2_l25
ret_relative_volume_product__ret_1__relative_volume_3,0.3944983878717122,experiment_c_grid_depth2_l25
ret_vol_product__ret_1__rv_5,0.37155368189754034,experiment_c_grid_depth2_l25
fm_ret_lag5s,0.34233544526797943,experiment_c_grid_depth2_l25
ret_vol_ratio__ret_1__rv_10,0.3258458656408486,experiment_c_grid_depth2_l25
sl_agg_end_second_buy_pressure_60s,0.2966583973804011,experiment_c_grid_depth2_l25
ret_vol_ratio__ret_1__rv_3,0.2924697430247806,experiment_c_grid_depth2_l25
wick_pressure_1_mean_gap_6,0.2915758165011176,experiment_c_grid_depth2_l25
ret_vol_ratio__ret_1__rv_5,0.2878565070056371,experiment_c_grid_depth2_l25
max_expert_confidence,0.24182238166740258,experiment_c_grid_depth2_l25
only_continuation_accept,0.2405401546164947,experiment_c_grid_depth2_l25
ret_range_pos_product__ret_1__range_pos_3,0.23516748558986666,experiment_c_grid_depth2_l25
sl_agg_end_second_sell_pressure_60s,0.22921078117147053,experiment_c_grid_depth2_l25
sl_taker_count_imbalance_60s,0.20155172917396177,experiment_c_grid_depth2_l25
continuation_accept,0.1800194759481964,experiment_c_grid_depth2_l25
sl_interaction__sl_mirror_ret_60s__x__sl_mirror_rv_30s,0.14029499305613224,experiment_c_grid_depth2_l25
ret_1,0.09820851496451487,experiment_c_grid_depth2_l25
continuation_minus_reversal_p_up,0.05648622486573828,experiment_c_grid_depth2_l25
hour,0.049437363413709,experiment_c_grid_depth2_l25
reversal_p_up,0.03944052416128818,experiment_c_grid_depth2_l25
min_expert_confidence,0.038308708023433134,experiment_c_grid_depth2_l25
fm_ret,0.03126540514556332,experiment_c_grid_depth2_l25
sl_interaction__sl_mirror_ret_60s__x__sl_mirror_rv_60s,0.031149631528865622,experiment_c_grid_depth2_l25
ret_1_mean_gap_24,0.023498813029686774,experiment_c_grid_depth2_l25
cont_decision_is_down,0.012934820290726493,experiment_c_grid_depth2_l25
session_id,0.007844331058099317,experiment_c_grid_depth2_l25
context_ret_product__down_ratio_5__ret_1,0.007775213881434035,experiment_c_grid_depth2_l25
only_reversal_accept,0.006230564486326326,experiment_c_grid_depth2_l25
dayofweek,0.005226782949805412,experiment_c_grid_depth2_l25
session_europe,0.0029381237535429173,experiment_c_grid_depth2_l25
signed_dollar_volume_1,0.001755744743534544,experiment_c_grid_depth2_l25
session_asia,0.0004793280258431975,experiment_c_grid_depth2_l25
cont_decision_is_up,5.746103710434011e-05,experiment_c_grid_depth2_l25
reversal_accept,0.0,experiment_c_grid_depth2_l25
neither_accept,0.0,experiment_c_grid_depth2_l25
both_accept,0.0,experiment_c_grid_depth2_l25
first_minute_side_yes,0.0,experiment_c_grid_depth2_l25
experts_disagree_direction,0.0,experiment_c_grid_depth2_l25
experts_agree_direction,0.0,experiment_c_grid_depth2_l25
rev_decision_is_down,0.0,experiment_c_grid_depth2_l25
session_us,0.0,experiment_c_grid_depth2_l25
rev_decision_is_up,0.0,experiment_c_grid_depth2_l25
session_open,0.0,experiment_c_grid_depth2_l25
continuation_same_side_indicator,0.0,experiment_c_grid_depth2_l25
htf_rv_15m_delta_1,5.626405437704646,experiment_c_grid_depth2_l210
continuation_confidence_minus_reversal_confidence,5.572706039129814,experiment_c_grid_depth2_l210
sl_interaction__sl_mirror_ret_60s__div__sl_mirror_rv_60s,5.312803985220227,experiment_c_grid_depth2_l210
ret_range_pos_product__ret_1__range_pos_3,4.55684786208894,experiment_c_grid_depth2_l210
ret_relative_volume_product__ret_1__relative_volume_5,3.9404625552916426,experiment_c_grid_depth2_l210
ret_relative_volume_product__ret_1__relative_volume_3,3.8786286434479287,experiment_c_grid_depth2_l210
ret_1,3.8477299504092763,experiment_c_grid_depth2_l210
sl_interaction__sl_mirror_ret_60s__div__sl_mirror_rv_30s,3.7633633763406737,experiment_c_grid_depth2_l210
ret_relative_volume_product__ret_1__relative_volume_20,3.712203120465745,experiment_c_grid_depth2_l210
ret_1_mean_gap_24,3.600983899198475,experiment_c_grid_depth2_l210
continuation_confidence,3.5085005733936097,experiment_c_grid_depth2_l210
signed_dollar_volume_1,3.293100582058218,experiment_c_grid_depth2_l210
ret_vol_product__ret_1__rv_10,3.0677126620303565,experiment_c_grid_depth2_l210
ret_vol_ratio__ret_1__rv_30,2.9396110109918037,experiment_c_grid_depth2_l210
micro_ret_10s,2.86354084412561,experiment_c_grid_depth2_l210
first_minute_side_no,2.619012973874977,experiment_c_grid_depth2_l210
fm_ret_lag3s,2.5990345286484544,experiment_c_grid_depth2_l210
second_level_signed_dollar_flow,2.4713923640784503,experiment_c_grid_depth2_l210
fm_ret_vs_htf_rv_15m,2.444499017729062,experiment_c_grid_depth2_l210
ret_vol_product__ret_1__rv_30,2.288838690053298,experiment_c_grid_depth2_l210
context_ret_product__up_ratio_5__ret_1,2.1816871684061896,experiment_c_grid_depth2_l210
fm_ret_vs_rv_30,2.0855518155565105,experiment_c_grid_depth2_l210
ret_efficiency_product__ret_1__efficiency_3,1.9116690951367263,experiment_c_grid_depth2_l210
reversal_confidence,1.7522199348015965,experiment_c_grid_depth2_l210
fm_ret_vs_prev_5m_range,1.6213532202393317,experiment_c_grid_depth2_l210
ret_vol_product__ret_1__rv_5,1.610228944924497,experiment_c_grid_depth2_l210
rv_10_delta_1,1.4905943172825409,experiment_c_grid_depth2_l210
rv_30_delta_1,1.4759480502473856,experiment_c_grid_depth2_l210
continuation_p_up,1.466856109737896,experiment_c_grid_depth2_l210
ret_relative_volume_product__ret_1__relative_volume_10,0.9022927881265236,experiment_c_grid_depth2_l210
only_continuation_accept,0.7738753541363562,experiment_c_grid_depth2_l210
ret_1_rolling_z_24,0.771057903741783,experiment_c_grid_depth2_l210
sl_interaction__sl_mirror_ret_60s__x__sl_mirror_rv_60s,0.7544641813129752,experiment_c_grid_depth2_l210
ret_vol_ratio__ret_1__rv_10,0.6887432696342355,experiment_c_grid_depth2_l210
ret_1_mean_gap_12,0.6633159833933097,experiment_c_grid_depth2_l210
sl_mirror_return_slope_60s,0.5814646739615275,experiment_c_grid_depth2_l210
rv_5_delta_1,0.5588406788918288,experiment_c_grid_depth2_l210
ret_1_rolling_z_12,0.5505218500032559,experiment_c_grid_depth2_l210
cont_decision_is_down,0.5335747301989129,experiment_c_grid_depth2_l210
fm_ret_lag5s,0.5168033183931756,experiment_c_grid_depth2_l210
sl_mirror_slope_60s,0.46574599577679765,experiment_c_grid_depth2_l210
sl_interaction__sl_mirror_ret_60s__x__sl_mirror_rv_30s,0.4221864212987981,experiment_c_grid_depth2_l210
sl_agg_end_second_buy_pressure_60s,0.34301407954526536,experiment_c_grid_depth2_l210
ret_range_pos_product__ret_1__range_pos_5,0.3206520085626284,experiment_c_grid_depth2_l210
ret_vol_product__ret_1__rv_3,0.3095297487222956,experiment_c_grid_depth2_l210
wick_pressure_1_mean_gap_6,0.3087785996392252,experiment_c_grid_depth2_l210
reversal_opposite_side_indicator,0.2988120047540419,experiment_c_grid_depth2_l210
sl_agg_end_second_sell_pressure_60s,0.29753800214607595,experiment_c_grid_depth2_l210
htf_range_pos_15m_delta_1,0.29608533101143236,experiment_c_grid_depth2_l210
context_ret_product__down_ratio_5__ret_1,0.26740619900485807,experiment_c_grid_depth2_l210
fm_ret,0.22516247326877925,experiment_c_grid_depth2_l210
second_level_price_slope,0.21853565865142147,experiment_c_grid_depth2_l210
sl_taker_count_imbalance_60s,0.20771181684820803,experiment_c_grid_depth2_l210
ret_range_pos_product__ret_1__range_pos_10,0.19689263847568056,experiment_c_grid_depth2_l210
reversal_p_up,0.18778923696135566,experiment_c_grid_depth2_l210
fm_ret_lag1s,0.1864920101702254,experiment_c_grid_depth2_l210
sl_price_slope_60s,0.1355839548060446,experiment_c_grid_depth2_l210
min_expert_confidence,0.1297544496321649,experiment_c_grid_depth2_l210
hour,0.11227072430405212,experiment_c_grid_depth2_l210
max_expert_confidence,0.08875450900893196,experiment_c_grid_depth2_l210
continuation_minus_reversal_p_up,0.04730881139179187,experiment_c_grid_depth2_l210
ret_vol_ratio__ret_1__rv_5,0.04682351023686117,experiment_c_grid_depth2_l210
ret_vol_ratio__ret_1__rv_3,0.04556791580270746,experiment_c_grid_depth2_l210
dayofweek,0.0314826023508409,experiment_c_grid_depth2_l210
session_us,0.006426671102442518,experiment_c_grid_depth2_l210
experts_disagree_direction,0.0031872297333855647,experiment_c_grid_depth2_l210
session_id,0.0020658923859350857,experiment_c_grid_depth2_l210
first_minute_side,0.0,experiment_c_grid_depth2_l210
experts_agree_direction,0.0,experiment_c_grid_depth2_l210
only_reversal_accept,0.0,experiment_c_grid_depth2_l210
both_accept,0.0,experiment_c_grid_depth2_l210
neither_accept,0.0,experiment_c_grid_depth2_l210
continuation_accept,0.0,experiment_c_grid_depth2_l210
reversal_accept,0.0,experiment_c_grid_depth2_l210
first_minute_side_yes,0.0,experiment_c_grid_depth2_l210
rev_decision_is_down,0.0,experiment_c_grid_depth2_l210
continuation_same_side_indicator,0.0,experiment_c_grid_depth2_l210
rev_decision_is_up,0.0,experiment_c_grid_depth2_l210
session_asia,0.0,experiment_c_grid_depth2_l210
session_open,0.0,experiment_c_grid_depth2_l210
session_europe,0.0,experiment_c_grid_depth2_l210
cont_decision_is_up,0.0,experiment_c_grid_depth2_l210
ret_vol_product__ret_1__rv_10,7.074714404147531,experiment_c_grid_depth2_l220
continuation_confidence_minus_reversal_confidence,6.844295443723288,experiment_c_grid_depth2_l220
ret_vol_product__ret_1__rv_3,5.582555469966061,experiment_c_grid_depth2_l220
continuation_confidence,3.852326271380742,experiment_c_grid_depth2_l220
ret_vol_ratio__ret_1__rv_30,3.767596544643588,experiment_c_grid_depth2_l220
sl_interaction__sl_mirror_ret_60s__div__sl_mirror_rv_30s,3.735146035526434,experiment_c_grid_depth2_l220
ret_relative_volume_product__ret_1__relative_volume_5,3.6334761210508577,experiment_c_grid_depth2_l220
ret_efficiency_product__ret_1__efficiency_3,3.4655615670918136,experiment_c_grid_depth2_l220
ret_range_pos_product__ret_1__range_pos_10,3.415459584479336,experiment_c_grid_depth2_l220
ret_vol_ratio__ret_1__rv_10,3.3891925938951424,experiment_c_grid_depth2_l220
ret_vol_product__ret_1__rv_5,3.370671446331733,experiment_c_grid_depth2_l220
htf_rv_15m_delta_1,3.049486973020759,experiment_c_grid_depth2_l220
fm_ret_vs_htf_rv_15m,2.9482907628115407,experiment_c_grid_depth2_l220
ret_vol_ratio__ret_1__rv_3,2.825865092833365,experiment_c_grid_depth2_l220
ret_vol_product__ret_1__rv_30,2.532785190577235,experiment_c_grid_depth2_l220
ret_relative_volume_product__ret_1__relative_volume_3,2.4993449520716986,experiment_c_grid_depth2_l220
fm_ret_vs_prev_5m_range,2.455703942528596,experiment_c_grid_depth2_l220
continuation_minus_reversal_p_up,2.2336275887334702,experiment_c_grid_depth2_l220
micro_ret_10s,2.2121054805444147,experiment_c_grid_depth2_l220
sl_interaction__sl_mirror_ret_60s__x__sl_mirror_rv_30s,2.140037890733091,experiment_c_grid_depth2_l220
fm_ret_lag1s,1.9967241479635993,experiment_c_grid_depth2_l220
ret_1_mean_gap_24,1.9832534962839596,experiment_c_grid_depth2_l220
reversal_confidence,1.9711883608577323,experiment_c_grid_depth2_l220
rv_30_delta_1,1.8999596283192983,experiment_c_grid_depth2_l220
fm_ret_lag3s,1.8171863529238341,experiment_c_grid_depth2_l220
sl_interaction__sl_mirror_ret_60s__div__sl_mirror_rv_60s,1.8099972265433741,experiment_c_grid_depth2_l220
rv_10_delta_1,1.7609158341869786,experiment_c_grid_depth2_l220
continuation_p_up,1.6284884258169852,experiment_c_grid_depth2_l220
rv_5_delta_1,1.4569542729886098,experiment_c_grid_depth2_l220
fm_ret_lag5s,1.4045711765464985,experiment_c_grid_depth2_l220
ret_1,1.2376366308457771,experiment_c_grid_depth2_l220
ret_1_rolling_z_12,1.1316408970399203,experiment_c_grid_depth2_l220
ret_1_rolling_z_24,0.906439840239141,experiment_c_grid_depth2_l220
second_level_signed_dollar_flow,0.618181310694688,experiment_c_grid_depth2_l220
sl_mirror_return_slope_60s,0.6106893114983959,experiment_c_grid_depth2_l220
fm_ret_vs_rv_30,0.5860236664019736,experiment_c_grid_depth2_l220
context_ret_product__up_ratio_5__ret_1,0.5674286249532507,experiment_c_grid_depth2_l220
sl_taker_count_imbalance_60s,0.45095837939221184,experiment_c_grid_depth2_l220
sl_agg_end_second_buy_pressure_60s,0.42175995358174634,experiment_c_grid_depth2_l220
sl_mirror_slope_60s,0.41717363601559143,experiment_c_grid_depth2_l220
htf_range_pos_15m_delta_1,0.41220115982340166,experiment_c_grid_depth2_l220
signed_dollar_volume_1,0.39882039018753135,experiment_c_grid_depth2_l220
ret_relative_volume_product__ret_1__relative_volume_20,0.3933699275889897,experiment_c_grid_depth2_l220
only_continuation_accept,0.3636110767341715,experiment_c_grid_depth2_l220
context_ret_product__down_ratio_5__ret_1,0.3230038464101787,experiment_c_grid_depth2_l220
wick_pressure_1_mean_gap_6,0.3089524644808715,experiment_c_grid_depth2_l220
ret_1_mean_gap_12,0.2439036448115088,experiment_c_grid_depth2_l220
sl_price_slope_60s,0.24168822252010608,experiment_c_grid_depth2_l220
fm_ret,0.23375875376117689,experiment_c_grid_depth2_l220
ret_range_pos_product__ret_1__range_pos_5,0.21959681241112752,experiment_c_grid_depth2_l220
ret_relative_volume_product__ret_1__relative_volume_10,0.18679356464329921,experiment_c_grid_depth2_l220
ret_vol_ratio__ret_1__rv_5,0.1710847752409857,experiment_c_grid_depth2_l220
sl_agg_end_second_sell_pressure_60s,0.1476916630459742,experiment_c_grid_depth2_l220
hour,0.13671312021889065,experiment_c_grid_depth2_l220
second_level_price_slope,0.09933567361288242,experiment_c_grid_depth2_l220
ret_range_pos_product__ret_1__range_pos_3,0.08627217523330163,experiment_c_grid_depth2_l220
rev_decision_is_up,0.08464046152461492,experiment_c_grid_depth2_l220
min_expert_confidence,0.0690880648663794,experiment_c_grid_depth2_l220
max_expert_confidence,0.05829044475009229,experiment_c_grid_depth2_l220
sl_interaction__sl_mirror_ret_60s__x__sl_mirror_rv_60s,0.05511662663788306,experiment_c_grid_depth2_l220
reversal_p_up,0.031075620053951813,experiment_c_grid_depth2_l220
session_id,0.011329681563628806,experiment_c_grid_depth2_l220
continuation_same_side_indicator,0.008551618373635016,experiment_c_grid_depth2_l220
dayofweek,0.006663173545794495,experiment_c_grid_depth2_l220
session_us,0.0030325087753381814,experiment_c_grid_depth2_l220
continuation_accept,0.0,experiment_c_grid_depth2_l220
first_minute_side_yes,0.0,experiment_c_grid_depth2_l220
first_minute_side,0.0,experiment_c_grid_depth2_l220
experts_disagree_direction,0.0,experiment_c_grid_depth2_l220
experts_agree_direction,0.0,experiment_c_grid_depth2_l220
only_reversal_accept,0.0,experiment_c_grid_depth2_l220
neither_accept,0.0,experiment_c_grid_depth2_l220
both_accept,0.0,experiment_c_grid_depth2_l220
reversal_accept,0.0,experiment_c_grid_depth2_l220
rev_decision_is_down,0.0,experiment_c_grid_depth2_l220
cont_decision_is_down,0.0,experiment_c_grid_depth2_l220
reversal_opposite_side_indicator,0.0,experiment_c_grid_depth2_l220
cont_decision_is_up,0.0,experiment_c_grid_depth2_l220
first_minute_side_no,0.0,experiment_c_grid_depth2_l220
session_open,0.0,experiment_c_grid_depth2_l220
session_asia,0.0,experiment_c_grid_depth2_l220
session_europe,0.0,experiment_c_grid_depth2_l220
continuation_confidence,5.305753379328436,experiment_c_grid_depth3_l25
second_level_signed_dollar_flow,4.973552071586274,experiment_c_grid_depth3_l25
ret_relative_volume_product__ret_1__relative_volume_5,4.751588170300801,experiment_c_grid_depth3_l25
continuation_confidence_minus_reversal_confidence,4.57100520084497,experiment_c_grid_depth3_l25
fm_ret_lag3s,4.2550653406706935,experiment_c_grid_depth3_l25
rv_30_delta_1,3.8717055659179063,experiment_c_grid_depth3_l25
htf_rv_15m_delta_1,3.847007784485992,experiment_c_grid_depth3_l25
ret_range_pos_product__ret_1__range_pos_10,3.7599242362142298,experiment_c_grid_depth3_l25
ret_relative_volume_product__ret_1__relative_volume_20,3.733890221911,experiment_c_grid_depth3_l25
ret_vol_product__ret_1__rv_3,3.538709100137197,experiment_c_grid_depth3_l25
ret_relative_volume_product__ret_1__relative_volume_10,3.528537070005426,experiment_c_grid_depth3_l25
fm_ret_vs_htf_rv_15m,3.444059949488626,experiment_c_grid_depth3_l25
sl_interaction__sl_mirror_ret_60s__div__sl_mirror_rv_30s,3.3391759300502533,experiment_c_grid_depth3_l25
ret_vol_ratio__ret_1__rv_3,3.0692846047388307,experiment_c_grid_depth3_l25
second_level_price_slope,2.7354695484831115,experiment_c_grid_depth3_l25
ret_vol_product__ret_1__rv_10,2.6686668516031653,experiment_c_grid_depth3_l25
ret_vol_ratio__ret_1__rv_30,2.583202215452315,experiment_c_grid_depth3_l25
fm_ret_vs_prev_5m_range,2.0010485926338863,experiment_c_grid_depth3_l25
sl_interaction__sl_mirror_ret_60s__div__sl_mirror_rv_60s,1.768835090676045,experiment_c_grid_depth3_l25
micro_ret_10s,1.569422666511337,experiment_c_grid_depth3_l25
rv_10_delta_1,1.396898456660245,experiment_c_grid_depth3_l25
rv_5_delta_1,1.3763877380257934,experiment_c_grid_depth3_l25
sl_mirror_return_slope_60s,1.3636705585088926,experiment_c_grid_depth3_l25
fm_ret_lag1s,1.3265726371776012,experiment_c_grid_depth3_l25
sl_mirror_slope_60s,1.3101290365373353,experiment_c_grid_depth3_l25
context_ret_product__down_ratio_5__ret_1,1.282140232432078,experiment_c_grid_depth3_l25
ret_relative_volume_product__ret_1__relative_volume_3,1.2505165309426585,experiment_c_grid_depth3_l25
ret_vol_ratio__ret_1__rv_10,1.1034496642447977,experiment_c_grid_depth3_l25
fm_ret_lag5s,1.0587482173214111,experiment_c_grid_depth3_l25
ret_1_rolling_z_24,1.016569300880161,experiment_c_grid_depth3_l25
max_expert_confidence,0.9462314487200894,experiment_c_grid_depth3_l25
htf_range_pos_15m_delta_1,0.875061998093146,experiment_c_grid_depth3_l25
reversal_confidence,0.86848230379711,experiment_c_grid_depth3_l25
sl_taker_count_imbalance_60s,0.8357619875236268,experiment_c_grid_depth3_l25
sl_agg_end_second_buy_pressure_60s,0.8179725312307231,experiment_c_grid_depth3_l25
wick_pressure_1_mean_gap_6,0.7780125773924195,experiment_c_grid_depth3_l25
ret_vol_ratio__ret_1__rv_5,0.7424451077203448,experiment_c_grid_depth3_l25
reversal_p_up,0.741848445478378,experiment_c_grid_depth3_l25
ret_efficiency_product__ret_1__efficiency_3,0.7243838265032221,experiment_c_grid_depth3_l25
ret_vol_product__ret_1__rv_30,0.7219692953932672,experiment_c_grid_depth3_l25
cont_decision_is_down,0.641962323523855,experiment_c_grid_depth3_l25
sl_agg_end_second_sell_pressure_60s,0.6262617597798069,experiment_c_grid_depth3_l25
fm_ret_vs_rv_30,0.6076541034152395,experiment_c_grid_depth3_l25
continuation_minus_reversal_p_up,0.569394017949798,experiment_c_grid_depth3_l25
min_expert_confidence,0.5654927689933331,experiment_c_grid_depth3_l25
ret_1_rolling_z_12,0.5361123895761772,experiment_c_grid_depth3_l25
fm_ret,0.5258265250520249,experiment_c_grid_depth3_l25
continuation_p_up,0.4975456525107144,experiment_c_grid_depth3_l25
hour,0.4691867184884346,experiment_c_grid_depth3_l25
ret_range_pos_product__ret_1__range_pos_3,0.42703108987076444,experiment_c_grid_depth3_l25
ret_1_mean_gap_24,0.42307822470010265,experiment_c_grid_depth3_l25
sl_interaction__sl_mirror_ret_60s__x__sl_mirror_rv_30s,0.4111675608397813,experiment_c_grid_depth3_l25
context_ret_product__up_ratio_5__ret_1,0.39984831552540523,experiment_c_grid_depth3_l25
ret_1,0.39923438336300654,experiment_c_grid_depth3_l25
ret_vol_product__ret_1__rv_5,0.38394637702514217,experiment_c_grid_depth3_l25
ret_range_pos_product__ret_1__range_pos_5,0.36728428732917223,experiment_c_grid_depth3_l25
ret_1_mean_gap_12,0.3403729268080213,experiment_c_grid_depth3_l25
only_continuation_accept,0.3230220173716484,experiment_c_grid_depth3_l25
reversal_opposite_side_indicator,0.26728875871217567,experiment_c_grid_depth3_l25
sl_price_slope_60s,0.2590980783360627,experiment_c_grid_depth3_l25
sl_interaction__sl_mirror_ret_60s__x__sl_mirror_rv_60s,0.242329415070695,experiment_c_grid_depth3_l25
signed_dollar_volume_1,0.22466607716372108,experiment_c_grid_depth3_l25
rev_decision_is_down,0.13261541455216502,experiment_c_grid_depth3_l25
reversal_accept,0.10024495372405522,experiment_c_grid_depth3_l25
dayofweek,0.09677909059954211,experiment_c_grid_depth3_l25
rev_decision_is_up,0.08780209175887241,experiment_c_grid_depth3_l25
session_open,0.06682368877528244,experiment_c_grid_depth3_l25
session_europe,0.0652386140839171,experiment_c_grid_depth3_l25
session_asia,0.04593816316439004,experiment_c_grid_depth3_l25
session_id,0.027232791369678294,experiment_c_grid_depth3_l25
continuation_same_side_indicator,0.014698368927092975,experiment_c_grid_depth3_l25
only_reversal_accept,0.001379408929725277,experiment_c_grid_depth3_l25
first_minute_side_no,0.00028815708642734275,experiment_c_grid_depth3_l25
continuation_accept,0.0,experiment_c_grid_depth3_l25
first_minute_side_yes,0.0,experiment_c_grid_depth3_l25
first_minute_side,0.0,experiment_c_grid_depth3_l25
experts_disagree_direction,0.0,experiment_c_grid_depth3_l25
experts_agree_direction,0.0,experiment_c_grid_depth3_l25
both_accept,0.0,experiment_c_grid_depth3_l25
neither_accept,0.0,experiment_c_grid_depth3_l25
cont_decision_is_up,0.0,experiment_c_grid_depth3_l25
session_us,0.0,experiment_c_grid_depth3_l25
continuation_confidence_minus_reversal_confidence,6.155310698369738,experiment_c_grid_depth3_l210
ret_vol_product__ret_1__rv_10,5.736146222204424,experiment_c_grid_depth3_l210
fm_ret_vs_htf_rv_15m,5.675497673232742,experiment_c_grid_depth3_l210
fm_ret_lag3s,5.140075573094025,experiment_c_grid_depth3_l210
ret_1,4.678815911190324,experiment_c_grid_depth3_l210
ret_relative_volume_product__ret_1__relative_volume_20,4.378941427826508,experiment_c_grid_depth3_l210
htf_rv_15m_delta_1,4.252942733080232,experiment_c_grid_depth3_l210
sl_interaction__sl_mirror_ret_60s__div__sl_mirror_rv_30s,3.590769593741096,experiment_c_grid_depth3_l210
continuation_confidence,3.5014507613892674,experiment_c_grid_depth3_l210
ret_vol_ratio__ret_1__rv_5,3.3661046263053014,experiment_c_grid_depth3_l210
ret_range_pos_product__ret_1__range_pos_10,3.125689553226765,experiment_c_grid_depth3_l210
context_ret_product__up_ratio_5__ret_1,3.0868776882031748,experiment_c_grid_depth3_l210
ret_vol_product__ret_1__rv_3,2.925922356961056,experiment_c_grid_depth3_l210
ret_efficiency_product__ret_1__efficiency_3,2.8378618464595666,experiment_c_grid_depth3_l210
ret_vol_ratio__ret_1__rv_30,2.8250195176372945,experiment_c_grid_depth3_l210
rv_30_delta_1,2.708132936476875,experiment_c_grid_depth3_l210
rv_10_delta_1,2.4994389681650815,experiment_c_grid_depth3_l210
ret_1_mean_gap_24,2.338208393073227,experiment_c_grid_depth3_l210
sl_interaction__sl_mirror_ret_60s__div__sl_mirror_rv_60s,2.328524707702233,experiment_c_grid_depth3_l210
reversal_confidence,1.8275470418179909,experiment_c_grid_depth3_l210
fm_ret_vs_prev_5m_range,1.7507891514573992,experiment_c_grid_depth3_l210
sl_mirror_return_slope_60s,1.6754010362410199,experiment_c_grid_depth3_l210
ret_vol_ratio__ret_1__rv_10,1.480457233050194,experiment_c_grid_depth3_l210
rv_5_delta_1,1.1461636177359777,experiment_c_grid_depth3_l210
sl_interaction__sl_mirror_ret_60s__x__sl_mirror_rv_30s,1.0282105984367742,experiment_c_grid_depth3_l210
ret_vol_product__ret_1__rv_5,0.9815060073335103,experiment_c_grid_depth3_l210
ret_vol_ratio__ret_1__rv_3,0.9492401385847644,experiment_c_grid_depth3_l210
max_expert_confidence,0.9135313418022616,experiment_c_grid_depth3_l210
sl_agg_end_second_buy_pressure_60s,0.8739381280034556,experiment_c_grid_depth3_l210
ret_1_rolling_z_24,0.8543534602911698,experiment_c_grid_depth3_l210
sl_taker_count_imbalance_60s,0.8519329331293822,experiment_c_grid_depth3_l210
continuation_p_up,0.8369664135469916,experiment_c_grid_depth3_l210
ret_relative_volume_product__ret_1__relative_volume_3,0.8321201214938275,experiment_c_grid_depth3_l210
continuation_minus_reversal_p_up,0.7985463309648968,experiment_c_grid_depth3_l210
second_level_signed_dollar_flow,0.7932898787925644,experiment_c_grid_depth3_l210
min_expert_confidence,0.7747315606395825,experiment_c_grid_depth3_l210
wick_pressure_1_mean_gap_6,0.6858132913340639,experiment_c_grid_depth3_l210
ret_1_rolling_z_12,0.6613626219324155,experiment_c_grid_depth3_l210
ret_1_mean_gap_12,0.6229956109444968,experiment_c_grid_depth3_l210
fm_ret,0.6144949982978547,experiment_c_grid_depth3_l210
fm_ret_lag1s,0.6109470567648266,experiment_c_grid_depth3_l210
htf_range_pos_15m_delta_1,0.5710465941983102,experiment_c_grid_depth3_l210
ret_relative_volume_product__ret_1__relative_volume_10,0.5631291285386525,experiment_c_grid_depth3_l210
fm_ret_lag5s,0.545110711154444,experiment_c_grid_depth3_l210
sl_agg_end_second_sell_pressure_60s,0.49304037315781657,experiment_c_grid_depth3_l210
hour,0.46166667570758596,experiment_c_grid_depth3_l210
fm_ret_vs_rv_30,0.42975076210305413,experiment_c_grid_depth3_l210
second_level_price_slope,0.4081735930824782,experiment_c_grid_depth3_l210
ret_relative_volume_product__ret_1__relative_volume_5,0.390457606782705,experiment_c_grid_depth3_l210
sl_mirror_slope_60s,0.36538058186982997,experiment_c_grid_depth3_l210
sl_price_slope_60s,0.3457184487600375,experiment_c_grid_depth3_l210
ret_range_pos_product__ret_1__range_pos_5,0.3412919081626214,experiment_c_grid_depth3_l210
ret_range_pos_product__ret_1__range_pos_3,0.3230473892768185,experiment_c_grid_depth3_l210
reversal_p_up,0.25047950337703756,experiment_c_grid_depth3_l210
sl_interaction__sl_mirror_ret_60s__x__sl_mirror_rv_60s,0.24081998684656433,experiment_c_grid_depth3_l210
micro_ret_10s,0.2309627810990102,experiment_c_grid_depth3_l210
context_ret_product__down_ratio_5__ret_1,0.2073882113178271,experiment_c_grid_depth3_l210
both_accept,0.18290737080994865,experiment_c_grid_depth3_l210
signed_dollar_volume_1,0.17111189183686482,experiment_c_grid_depth3_l210
only_reversal_accept,0.12535386946060237,experiment_c_grid_depth3_l210
ret_vol_product__ret_1__rv_30,0.12088671106410998,experiment_c_grid_depth3_l210
continuation_accept,0.09654013955564053,experiment_c_grid_depth3_l210
dayofweek,0.07572596651629826,experiment_c_grid_depth3_l210
session_us,0.059333091959136705,experiment_c_grid_depth3_l210
reversal_opposite_side_indicator,0.046835025442053944,experiment_c_grid_depth3_l210
reversal_accept,0.04653330123469861,experiment_c_grid_depth3_l210
session_id,0.04207174549771196,experiment_c_grid_depth3_l210
rev_decision_is_down,0.03866266551865154,experiment_c_grid_depth3_l210
only_continuation_accept,0.03752404021130762,experiment_c_grid_depth3_l210
first_minute_side,0.028129310492446245,experiment_c_grid_depth3_l210
cont_decision_is_down,0.018273983155247957,experiment_c_grid_depth3_l210
first_minute_side_yes,0.011541629098627226,experiment_c_grid_depth3_l210
continuation_same_side_indicator,0.009613575663482303,experiment_c_grid_depth3_l210
session_open,0.0054216661140422786,experiment_c_grid_depth3_l210
experts_agree_direction,0.0,experiment_c_grid_depth3_l210
experts_disagree_direction,0.0,experiment_c_grid_depth3_l210
neither_accept,0.0,experiment_c_grid_depth3_l210
rev_decision_is_up,0.0,experiment_c_grid_depth3_l210
session_europe,0.0,experiment_c_grid_depth3_l210
cont_decision_is_up,0.0,experiment_c_grid_depth3_l210
session_asia,0.0,experiment_c_grid_depth3_l210
first_minute_side_no,0.0,experiment_c_grid_depth3_l210
ret_relative_volume_product__ret_1__relative_volume_3,5.625756405416513,experiment_c_grid_depth3_l220
ret_vol_ratio__ret_1__rv_30,5.493214943015957,experiment_c_grid_depth3_l220
micro_ret_10s,5.244246487114124,experiment_c_grid_depth3_l220
context_ret_product__down_ratio_5__ret_1,5.174473568458083,experiment_c_grid_depth3_l220
ret_vol_ratio__ret_1__rv_10,4.645410654160202,experiment_c_grid_depth3_l220
ret_vol_product__ret_1__rv_10,4.264639521222796,experiment_c_grid_depth3_l220
continuation_confidence_minus_reversal_confidence,3.9073270531507345,experiment_c_grid_depth3_l220
continuation_confidence,3.8715887324259906,experiment_c_grid_depth3_l220
ret_relative_volume_product__ret_1__relative_volume_20,3.8648412263022975,experiment_c_grid_depth3_l220
htf_rv_15m_delta_1,3.279342231173718,experiment_c_grid_depth3_l220
sl_interaction__sl_mirror_ret_60s__div__sl_mirror_rv_30s,3.1896219444926976,experiment_c_grid_depth3_l220
reversal_confidence,3.1527340647571775,experiment_c_grid_depth3_l220
rv_30_delta_1,2.939960862708596,experiment_c_grid_depth3_l220
ret_relative_volume_product__ret_1__relative_volume_5,2.8169465514344667,experiment_c_grid_depth3_l220
rv_10_delta_1,2.6511141503708147,experiment_c_grid_depth3_l220
fm_ret_vs_rv_30,2.6406859333995536,experiment_c_grid_depth3_l220
ret_vol_product__ret_1__rv_3,2.478086475627432,experiment_c_grid_depth3_l220
first_minute_side_yes,2.3354969332157496,experiment_c_grid_depth3_l220
fm_ret_lag3s,2.256614908313392,experiment_c_grid_depth3_l220
sl_price_slope_60s,1.9815551862428245,experiment_c_grid_depth3_l220
ret_1,1.907991159879625,experiment_c_grid_depth3_l220
ret_1_rolling_z_24,1.7852748882718625,experiment_c_grid_depth3_l220
fm_ret_vs_htf_rv_15m,1.7654978155647223,experiment_c_grid_depth3_l220
fm_ret_vs_prev_5m_range,1.4162277077171315,experiment_c_grid_depth3_l220
sl_interaction__sl_mirror_ret_60s__div__sl_mirror_rv_60s,1.3826632538753045,experiment_c_grid_depth3_l220
ret_vol_product__ret_1__rv_5,1.3101849926178648,experiment_c_grid_depth3_l220
sl_mirror_return_slope_60s,1.3082903995755055,experiment_c_grid_depth3_l220
rv_5_delta_1,1.2118383287646648,experiment_c_grid_depth3_l220
only_continuation_accept,1.0308091267534394,experiment_c_grid_depth3_l220
sl_mirror_slope_60s,0.8855789840744327,experiment_c_grid_depth3_l220
ret_relative_volume_product__ret_1__relative_volume_10,0.824565344930377,experiment_c_grid_depth3_l220
max_expert_confidence,0.7916768050879229,experiment_c_grid_depth3_l220
sl_agg_end_second_buy_pressure_60s,0.724850320276622,experiment_c_grid_depth3_l220
min_expert_confidence,0.6854850706959678,experiment_c_grid_depth3_l220
continuation_p_up,0.6822989048996938,experiment_c_grid_depth3_l220
context_ret_product__up_ratio_5__ret_1,0.6783681348113787,experiment_c_grid_depth3_l220
htf_range_pos_15m_delta_1,0.6749821378164148,experiment_c_grid_depth3_l220
fm_ret,0.6191667070815289,experiment_c_grid_depth3_l220
hour,0.5559806123217322,experiment_c_grid_depth3_l220
wick_pressure_1_mean_gap_6,0.5482199444158402,experiment_c_grid_depth3_l220
sl_agg_end_second_sell_pressure_60s,0.5273099636421689,experiment_c_grid_depth3_l220
sl_taker_count_imbalance_60s,0.48175193513985964,experiment_c_grid_depth3_l220
ret_vol_product__ret_1__rv_30,0.4721793337906729,experiment_c_grid_depth3_l220
ret_vol_ratio__ret_1__rv_5,0.46842833116676363,experiment_c_grid_depth3_l220
ret_efficiency_product__ret_1__efficiency_3,0.45005452891713066,experiment_c_grid_depth3_l220
ret_range_pos_product__ret_1__range_pos_5,0.44980362696885184,experiment_c_grid_depth3_l220
fm_ret_lag5s,0.43913899884542656,experiment_c_grid_depth3_l220
fm_ret_lag1s,0.35518723736800917,experiment_c_grid_depth3_l220
continuation_minus_reversal_p_up,0.34239415344369906,experiment_c_grid_depth3_l220
ret_1_rolling_z_12,0.34108422549638795,experiment_c_grid_depth3_l220
ret_range_pos_product__ret_1__range_pos_10,0.34001056255208967,experiment_c_grid_depth3_l220
reversal_p_up,0.3398064560812939,experiment_c_grid_depth3_l220
sl_interaction__sl_mirror_ret_60s__x__sl_mirror_rv_30s,0.29829405862186675,experiment_c_grid_depth3_l220
signed_dollar_volume_1,0.2714166028309482,experiment_c_grid_depth3_l220
ret_vol_ratio__ret_1__rv_3,0.26513734027323616,experiment_c_grid_depth3_l220
ret_range_pos_product__ret_1__range_pos_3,0.24658602717114123,experiment_c_grid_depth3_l220
ret_1_mean_gap_24,0.21662845601390093,experiment_c_grid_depth3_l220
sl_interaction__sl_mirror_ret_60s__x__sl_mirror_rv_60s,0.19798942858075744,experiment_c_grid_depth3_l220
ret_1_mean_gap_12,0.1630010615302086,experiment_c_grid_depth3_l220
second_level_signed_dollar_flow,0.13817201103795276,experiment_c_grid_depth3_l220
reversal_accept,0.13806638773883906,experiment_c_grid_depth3_l220
continuation_accept,0.08752856538000824,experiment_c_grid_depth3_l220
dayofweek,0.07813461376867663,experiment_c_grid_depth3_l220
session_europe,0.07693858261418296,experiment_c_grid_depth3_l220
second_level_price_slope,0.055254158019742275,experiment_c_grid_depth3_l220
rev_decision_is_down,0.031311479310162836,experiment_c_grid_depth3_l220
cont_decision_is_down,0.030969765335709658,experiment_c_grid_depth3_l220
session_id,0.02220091240787355,experiment_c_grid_depth3_l220
first_minute_side_no,0.022181839626407896,experiment_c_grid_depth3_l220
session_us,0.016757362817039094,experiment_c_grid_depth3_l220
session_asia,0.011263050662972018,experiment_c_grid_depth3_l220
rev_decision_is_up,0.00892870362398997,experiment_c_grid_depth3_l220
reversal_opposite_side_indicator,0.006925404689375497,experiment_c_grid_depth3_l220
both_accept,0.005556362097385861,experiment_c_grid_depth3_l220
first_minute_side,0.0,experiment_c_grid_depth3_l220
experts_disagree_direction,0.0,experiment_c_grid_depth3_l220
experts_agree_direction,0.0,experiment_c_grid_depth3_l220
only_reversal_accept,0.0,experiment_c_grid_depth3_l220
neither_accept,0.0,experiment_c_grid_depth3_l220
continuation_same_side_indicator,0.0,experiment_c_grid_depth3_l220
session_open,0.0,experiment_c_grid_depth3_l220
cont_decision_is_up,0.0,experiment_c_grid_depth3_l220
micro_ret_10s,5.169372439127522,experiment_c_grid_depth4_l25
sl_interaction__sl_mirror_ret_60s__x__sl_mirror_rv_60s,4.890414694872569,experiment_c_grid_depth4_l25
continuation_confidence,4.565564363505703,experiment_c_grid_depth4_l25
sl_interaction__sl_mirror_ret_60s__div__sl_mirror_rv_30s,4.19192341083624,experiment_c_grid_depth4_l25
rv_10_delta_1,4.1480651869841125,experiment_c_grid_depth4_l25
htf_rv_15m_delta_1,4.01164277538978,experiment_c_grid_depth4_l25
continuation_confidence_minus_reversal_confidence,3.6944429119683018,experiment_c_grid_depth4_l25
sl_interaction__sl_mirror_ret_60s__div__sl_mirror_rv_60s,3.5523413999924074,experiment_c_grid_depth4_l25
ret_efficiency_product__ret_1__efficiency_3,3.254711286346779,experiment_c_grid_depth4_l25
fm_ret_vs_htf_rv_15m,3.0395254942667504,experiment_c_grid_depth4_l25
rv_30_delta_1,2.8645969618672065,experiment_c_grid_depth4_l25
reversal_confidence,2.4948979163338447,experiment_c_grid_depth4_l25
fm_ret_lag1s,2.1213116495717,experiment_c_grid_depth4_l25
fm_ret_vs_prev_5m_range,1.9949928012079063,experiment_c_grid_depth4_l25
sl_mirror_return_slope_60s,1.9901907596326045,experiment_c_grid_depth4_l25
ret_relative_volume_product__ret_1__relative_volume_3,1.9196268010538327,experiment_c_grid_depth4_l25
context_ret_product__up_ratio_5__ret_1,1.8385695178693775,experiment_c_grid_depth4_l25
ret_vol_ratio__ret_1__rv_30,1.8331891454911027,experiment_c_grid_depth4_l25
sl_mirror_slope_60s,1.8302655607280178,experiment_c_grid_depth4_l25
ret_vol_product__ret_1__rv_10,1.8296193114204118,experiment_c_grid_depth4_l25
ret_vol_product__ret_1__rv_3,1.6941014066148048,experiment_c_grid_depth4_l25
fm_ret_lag5s,1.628598922835878,experiment_c_grid_depth4_l25
sl_agg_end_second_buy_pressure_60s,1.5299240195566957,experiment_c_grid_depth4_l25
rv_5_delta_1,1.447011212604806,experiment_c_grid_depth4_l25
wick_pressure_1_mean_gap_6,1.394201160928358,experiment_c_grid_depth4_l25
fm_ret_lag3s,1.370635696881581,experiment_c_grid_depth4_l25
ret_vol_product__ret_1__rv_5,1.2868097927559752,experiment_c_grid_depth4_l25
ret_relative_volume_product__ret_1__relative_volume_5,1.284141217525053,experiment_c_grid_depth4_l25
sl_taker_count_imbalance_60s,1.2078930193127366,experiment_c_grid_depth4_l25
max_expert_confidence,1.1967008008618734,experiment_c_grid_depth4_l25
htf_range_pos_15m_delta_1,1.186237692190933,experiment_c_grid_depth4_l25
ret_vol_ratio__ret_1__rv_10,1.1341001812023905,experiment_c_grid_depth4_l25
ret_1_mean_gap_24,1.1219341293495513,experiment_c_grid_depth4_l25
reversal_p_up,1.1014794091259048,experiment_c_grid_depth4_l25
ret_relative_volume_product__ret_1__relative_volume_20,1.0791383061762398,experiment_c_grid_depth4_l25
ret_range_pos_product__ret_1__range_pos_5,1.0583682916518438,experiment_c_grid_depth4_l25
sl_price_slope_60s,1.0076330946473824,experiment_c_grid_depth4_l25
sl_interaction__sl_mirror_ret_60s__x__sl_mirror_rv_30s,0.9895426076658257,experiment_c_grid_depth4_l25
min_expert_confidence,0.9595771109531559,experiment_c_grid_depth4_l25
ret_range_pos_product__ret_1__range_pos_10,0.9252536595094669,experiment_c_grid_depth4_l25
sl_agg_end_second_sell_pressure_60s,0.910814357577176,experiment_c_grid_depth4_l25
ret_1_rolling_z_24,0.9068640127097987,experiment_c_grid_depth4_l25
ret_vol_ratio__ret_1__rv_3,0.8663123932381183,experiment_c_grid_depth4_l25
ret_range_pos_product__ret_1__range_pos_3,0.8600144073994022,experiment_c_grid_depth4_l25
ret_1,0.7400189458917664,experiment_c_grid_depth4_l25
context_ret_product__down_ratio_5__ret_1,0.7098855422767443,experiment_c_grid_depth4_l25
continuation_minus_reversal_p_up,0.6307331448531921,experiment_c_grid_depth4_l25
only_continuation_accept,0.6039125870951667,experiment_c_grid_depth4_l25
hour,0.6008691235572898,experiment_c_grid_depth4_l25
ret_vol_ratio__ret_1__rv_5,0.5957670733998564,experiment_c_grid_depth4_l25
ret_1_rolling_z_12,0.5641249991204658,experiment_c_grid_depth4_l25
ret_1_mean_gap_12,0.5639924090767866,experiment_c_grid_depth4_l25
dayofweek,0.5451540405000733,experiment_c_grid_depth4_l25
ret_vol_product__ret_1__rv_30,0.5444294064375066,experiment_c_grid_depth4_l25
ret_relative_volume_product__ret_1__relative_volume_10,0.5403837907688323,experiment_c_grid_depth4_l25
fm_ret,0.5375135034779782,experiment_c_grid_depth4_l25
signed_dollar_volume_1,0.5033801922839904,experiment_c_grid_depth4_l25
continuation_p_up,0.3484033044442425,experiment_c_grid_depth4_l25
fm_ret_vs_rv_30,0.33546006441071563,experiment_c_grid_depth4_l25
second_level_price_slope,0.32272838197618164,experiment_c_grid_depth4_l25
second_level_signed_dollar_flow,0.32077411899492975,experiment_c_grid_depth4_l25
experts_disagree_direction,0.26839233178096533,experiment_c_grid_depth4_l25
both_accept,0.2481563382076739,experiment_c_grid_depth4_l25
reversal_opposite_side_indicator,0.2224607946343447,experiment_c_grid_depth4_l25
session_europe,0.16696775094474595,experiment_c_grid_depth4_l25
rev_decision_is_up,0.16075123553204876,experiment_c_grid_depth4_l25
session_asia,0.12103896567596414,experiment_c_grid_depth4_l25
session_id,0.08324841293864058,experiment_c_grid_depth4_l25
rev_decision_is_down,0.08264976540208248,experiment_c_grid_depth4_l25
cont_decision_is_down,0.07778705944760107,experiment_c_grid_depth4_l25
session_us,0.04843598261757632,experiment_c_grid_depth4_l25
session_open,0.046228540335763034,experiment_c_grid_depth4_l25
cont_decision_is_up,0.04052939634052398,experiment_c_grid_depth4_l25
continuation_accept,0.02389286019339033,experiment_c_grid_depth4_l25
first_minute_side,0.019378645641842704,experiment_c_grid_depth4_l25
first_minute_side_yes,0.0,experiment_c_grid_depth4_l25
neither_accept,0.0,experiment_c_grid_depth4_l25
only_reversal_accept,0.0,experiment_c_grid_depth4_l25
reversal_accept,0.0,experiment_c_grid_depth4_l25
experts_agree_direction,0.0,experiment_c_grid_depth4_l25
continuation_same_side_indicator,0.0,experiment_c_grid_depth4_l25
first_minute_side_no,0.0,experiment_c_grid_depth4_l25
continuation_confidence,5.800844270949303,experiment_c_grid_depth4_l210
sl_interaction__sl_mirror_ret_60s__x__sl_mirror_rv_60s,5.007369610862492,experiment_c_grid_depth4_l210
sl_interaction__sl_mirror_ret_60s__x__sl_mirror_rv_30s,4.634483961124354,experiment_c_grid_depth4_l210
signed_dollar_volume_1,4.375551014859181,experiment_c_grid_depth4_l210
continuation_confidence_minus_reversal_confidence,4.318112495653661,experiment_c_grid_depth4_l210
sl_interaction__sl_mirror_ret_60s__div__sl_mirror_rv_30s,3.8970170672779245,experiment_c_grid_depth4_l210
htf_rv_15m_delta_1,3.650007860560544,experiment_c_grid_depth4_l210
ret_range_pos_product__ret_1__range_pos_5,3.6224268583351127,experiment_c_grid_depth4_l210
ret_vol_product__ret_1__rv_5,3.3799041968732286,experiment_c_grid_depth4_l210
ret_vol_ratio__ret_1__rv_30,3.3113529653228366,experiment_c_grid_depth4_l210
micro_ret_10s,3.3112395791704494,experiment_c_grid_depth4_l210
ret_vol_product__ret_1__rv_10,2.603438527698665,experiment_c_grid_depth4_l210
ret_vol_ratio__ret_1__rv_5,2.5561159810606195,experiment_c_grid_depth4_l210
rv_10_delta_1,2.4293075884004383,experiment_c_grid_depth4_l210
fm_ret_vs_htf_rv_15m,2.2465989609997155,experiment_c_grid_depth4_l210
rv_30_delta_1,2.1561674594627824,experiment_c_grid_depth4_l210
sl_mirror_return_slope_60s,1.771360264367301,experiment_c_grid_depth4_l210
rv_5_delta_1,1.7318251567926877,experiment_c_grid_depth4_l210
sl_interaction__sl_mirror_ret_60s__div__sl_mirror_rv_60s,1.7277895326694195,experiment_c_grid_depth4_l210
reversal_confidence,1.6942397889919614,experiment_c_grid_depth4_l210
context_ret_product__up_ratio_5__ret_1,1.6700202321152409,experiment_c_grid_depth4_l210
fm_ret_vs_prev_5m_range,1.6501235205757547,experiment_c_grid_depth4_l210
fm_ret_lag1s,1.5533674155971056,experiment_c_grid_depth4_l210
max_expert_confidence,1.5098258549575316,experiment_c_grid_depth4_l210
sl_agg_end_second_buy_pressure_60s,1.2499811433366765,experiment_c_grid_depth4_l210
sl_mirror_slope_60s,1.199128851855302,experiment_c_grid_depth4_l210
sl_taker_count_imbalance_60s,1.173722254428723,experiment_c_grid_depth4_l210
ret_vol_product__ret_1__rv_3,1.1654011519014147,experiment_c_grid_depth4_l210
wick_pressure_1_mean_gap_6,1.0905170736282845,experiment_c_grid_depth4_l210
continuation_minus_reversal_p_up,1.0651111501652641,experiment_c_grid_depth4_l210
fm_ret_lag3s,1.037955281268765,experiment_c_grid_depth4_l210
ret_relative_volume_product__ret_1__relative_volume_5,1.0330809335340303,experiment_c_grid_depth4_l210
htf_range_pos_15m_delta_1,0.9744086880322858,experiment_c_grid_depth4_l210
min_expert_confidence,0.9199064373845968,experiment_c_grid_depth4_l210
ret_range_pos_product__ret_1__range_pos_3,0.8891462814074893,experiment_c_grid_depth4_l210
ret_relative_volume_product__ret_1__relative_volume_3,0.8852589559312248,experiment_c_grid_depth4_l210
hour,0.8617325773583754,experiment_c_grid_depth4_l210
fm_ret,0.8449270619101764,experiment_c_grid_depth4_l210
ret_1_rolling_z_24,0.8144065174924007,experiment_c_grid_depth4_l210
ret_vol_ratio__ret_1__rv_10,0.8127250558514143,experiment_c_grid_depth4_l210
fm_ret_lag5s,0.7917157397915591,experiment_c_grid_depth4_l210
ret_range_pos_product__ret_1__range_pos_10,0.7686117515565108,experiment_c_grid_depth4_l210
ret_1_rolling_z_12,0.768011142910031,experiment_c_grid_depth4_l210
ret_relative_volume_product__ret_1__relative_volume_10,0.7127239693486883,experiment_c_grid_depth4_l210
sl_agg_end_second_sell_pressure_60s,0.7060323790927155,experiment_c_grid_depth4_l210
ret_efficiency_product__ret_1__efficiency_3,0.6829077095724305,experiment_c_grid_depth4_l210
ret_1_mean_gap_12,0.6737082469606921,experiment_c_grid_depth4_l210
reversal_p_up,0.6378943921174385,experiment_c_grid_depth4_l210
ret_1,0.6347953378396444,experiment_c_grid_depth4_l210
fm_ret_vs_rv_30,0.5976816013486482,experiment_c_grid_depth4_l210
sl_price_slope_60s,0.5939977546921645,experiment_c_grid_depth4_l210
ret_relative_volume_product__ret_1__relative_volume_20,0.5561807628772425,experiment_c_grid_depth4_l210
ret_1_mean_gap_24,0.552646663318425,experiment_c_grid_depth4_l210
ret_vol_ratio__ret_1__rv_3,0.472937556212544,experiment_c_grid_depth4_l210
ret_vol_product__ret_1__rv_30,0.4642463075106726,experiment_c_grid_depth4_l210
second_level_price_slope,0.3753177433269576,experiment_c_grid_depth4_l210
reversal_opposite_side_indicator,0.3596159979825346,experiment_c_grid_depth4_l210
continuation_p_up,0.3594028794404252,experiment_c_grid_depth4_l210
first_minute_side_yes,0.34744459831863933,experiment_c_grid_depth4_l210
reversal_accept,0.3127987819693964,experiment_c_grid_depth4_l210
both_accept,0.3059763769907492,experiment_c_grid_depth4_l210
context_ret_product__down_ratio_5__ret_1,0.29674600144015134,experiment_c_grid_depth4_l210
second_level_signed_dollar_flow,0.2826977273181897,experiment_c_grid_depth4_l210
dayofweek,0.2078553540835813,experiment_c_grid_depth4_l210
only_continuation_accept,0.18246969881905747,experiment_c_grid_depth4_l210
session_id,0.17307444661043295,experiment_c_grid_depth4_l210
session_us,0.12265282373641578,experiment_c_grid_depth4_l210
first_minute_side,0.08348714724252122,experiment_c_grid_depth4_l210
session_europe,0.07844469201119392,experiment_c_grid_depth4_l210
only_reversal_accept,0.07004147839415376,experiment_c_grid_depth4_l210
continuation_same_side_indicator,0.06949209578824644,experiment_c_grid_depth4_l210
cont_decision_is_down,0.059995350983800586,experiment_c_grid_depth4_l210
first_minute_side_no,0.023216004311017308,experiment_c_grid_depth4_l210
rev_decision_is_up,0.019687758748389416,experiment_c_grid_depth4_l210
session_asia,0.0159024967707102,experiment_c_grid_depth4_l210
session_open,0.013689650399294609,experiment_c_grid_depth4_l210
neither_accept,0.0,experiment_c_grid_depth4_l210
continuation_accept,0.0,experiment_c_grid_depth4_l210
experts_agree_direction,0.0,experiment_c_grid_depth4_l210
experts_disagree_direction,0.0,experiment_c_grid_depth4_l210
rev_decision_is_down,0.0,experiment_c_grid_depth4_l210
cont_decision_is_up,0.0,experiment_c_grid_depth4_l210
sl_interaction__sl_mirror_ret_60s__x__sl_mirror_rv_60s,5.067713905041421,experiment_c_grid_depth4_l220
sl_interaction__sl_mirror_ret_60s__div__sl_mirror_rv_60s,4.725178750130154,experiment_c_grid_depth4_l220
continuation_confidence_minus_reversal_confidence,3.856776697938389,experiment_c_grid_depth4_l220
sl_interaction__sl_mirror_ret_60s__div__sl_mirror_rv_30s,3.838600755557644,experiment_c_grid_depth4_l220
rv_10_delta_1,3.78385004724372,experiment_c_grid_depth4_l220
micro_ret_10s,3.690953917340386,experiment_c_grid_depth4_l220
continuation_confidence,3.4836219514302034,experiment_c_grid_depth4_l220
reversal_confidence,3.0180720567089057,experiment_c_grid_depth4_l220
ret_vol_ratio__ret_1__rv_30,3.0158409298176503,experiment_c_grid_depth4_l220
htf_rv_15m_delta_1,2.989182512132717,experiment_c_grid_depth4_l220
fm_ret_lag1s,2.6271266253133994,experiment_c_grid_depth4_l220
fm_ret_lag3s,2.4867604452779455,experiment_c_grid_depth4_l220
ret_relative_volume_product__ret_1__relative_volume_5,2.395544474579711,experiment_c_grid_depth4_l220
continuation_minus_reversal_p_up,2.0864075935629733,experiment_c_grid_depth4_l220
sl_mirror_return_slope_60s,2.0751185018744835,experiment_c_grid_depth4_l220
ret_vol_product__ret_1__rv_30,1.9920827107205705,experiment_c_grid_depth4_l220
second_level_signed_dollar_flow,1.9423020673888822,experiment_c_grid_depth4_l220
fm_ret_vs_htf_rv_15m,1.893298680786646,experiment_c_grid_depth4_l220
rv_5_delta_1,1.8802067368947297,experiment_c_grid_depth4_l220
fm_ret_vs_prev_5m_range,1.8364862468869052,experiment_c_grid_depth4_l220
ret_vol_ratio__ret_1__rv_3,1.7953140727117056,experiment_c_grid_depth4_l220
context_ret_product__up_ratio_5__ret_1,1.723774974911401,experiment_c_grid_depth4_l220
rv_30_delta_1,1.713083205357361,experiment_c_grid_depth4_l220
sl_mirror_slope_60s,1.6684337130914142,experiment_c_grid_depth4_l220
ret_vol_product__ret_1__rv_3,1.659672945348509,experiment_c_grid_depth4_l220
ret_vol_product__ret_1__rv_10,1.6416345098778224,experiment_c_grid_depth4_l220
ret_relative_volume_product__ret_1__relative_volume_20,1.510189923911017,experiment_c_grid_depth4_l220
wick_pressure_1_mean_gap_6,1.4946382530117022,experiment_c_grid_depth4_l220
max_expert_confidence,1.4162130372325155,experiment_c_grid_depth4_l220
ret_vol_ratio__ret_1__rv_10,1.3718328411407685,experiment_c_grid_depth4_l220
sl_agg_end_second_buy_pressure_60s,1.3048044036087412,experiment_c_grid_depth4_l220
context_ret_product__down_ratio_5__ret_1,1.2104044413501793,experiment_c_grid_depth4_l220
sl_agg_end_second_sell_pressure_60s,1.192753163756411,experiment_c_grid_depth4_l220
hour,1.1195933705518597,experiment_c_grid_depth4_l220
ret_relative_volume_product__ret_1__relative_volume_3,1.0950516047396044,experiment_c_grid_depth4_l220
ret_efficiency_product__ret_1__efficiency_3,1.0477627826031166,experiment_c_grid_depth4_l220
ret_1_rolling_z_24,0.9472990437184061,experiment_c_grid_depth4_l220
ret_1_rolling_z_12,0.9092531623179344,experiment_c_grid_depth4_l220
ret_vol_ratio__ret_1__rv_5,0.9046965991062914,experiment_c_grid_depth4_l220
ret_relative_volume_product__ret_1__relative_volume_10,0.8848570362917891,experiment_c_grid_depth4_l220
ret_1_mean_gap_12,0.8779843639985014,experiment_c_grid_depth4_l220
ret_vol_product__ret_1__rv_5,0.873191273284278,experiment_c_grid_depth4_l220
fm_ret_vs_rv_30,0.8705388759179973,experiment_c_grid_depth4_l220
sl_taker_count_imbalance_60s,0.8324514180091721,experiment_c_grid_depth4_l220
ret_range_pos_product__ret_1__range_pos_5,0.7855473825679371,experiment_c_grid_depth4_l220
htf_range_pos_15m_delta_1,0.7528668114304233,experiment_c_grid_depth4_l220
ret_range_pos_product__ret_1__range_pos_3,0.6798190770674768,experiment_c_grid_depth4_l220
sl_price_slope_60s,0.6776554418896131,experiment_c_grid_depth4_l220
min_expert_confidence,0.6539922103676097,experiment_c_grid_depth4_l220
continuation_p_up,0.6420748661469712,experiment_c_grid_depth4_l220
ret_range_pos_product__ret_1__range_pos_10,0.6375012905980919,experiment_c_grid_depth4_l220
reversal_accept,0.553596936852884,experiment_c_grid_depth4_l220
reversal_p_up,0.5493823998568833,experiment_c_grid_depth4_l220
ret_1,0.5097429454290652,experiment_c_grid_depth4_l220
ret_1_mean_gap_24,0.4942036702207439,experiment_c_grid_depth4_l220
dayofweek,0.48592618188832015,experiment_c_grid_depth4_l220
second_level_price_slope,0.4775027350105158,experiment_c_grid_depth4_l220
fm_ret,0.4508687941028439,experiment_c_grid_depth4_l220
only_continuation_accept,0.4421363035105294,experiment_c_grid_depth4_l220
reversal_opposite_side_indicator,0.4411366791049988,experiment_c_grid_depth4_l220
fm_ret_lag5s,0.4243153122792617,experiment_c_grid_depth4_l220
sl_interaction__sl_mirror_ret_60s__x__sl_mirror_rv_30s,0.36462268465959286,experiment_c_grid_depth4_l220
signed_dollar_volume_1,0.21527660236263996,experiment_c_grid_depth4_l220
both_accept,0.15241342685591075,experiment_c_grid_depth4_l220
session_id,0.15096658783683958,experiment_c_grid_depth4_l220
experts_disagree_direction,0.1360822782258108,experiment_c_grid_depth4_l220
session_us,0.11901296998158307,experiment_c_grid_depth4_l220
first_minute_side_no,0.09458677819401122,experiment_c_grid_depth4_l220
cont_decision_is_up,0.08585016196206174,experiment_c_grid_depth4_l220
session_europe,0.0710217654882973,experiment_c_grid_depth4_l220
first_minute_side,0.057669385188285946,experiment_c_grid_depth4_l220
first_minute_side_yes,0.042766969597638704,experiment_c_grid_depth4_l220
rev_decision_is_down,0.041388877684761995,experiment_c_grid_depth4_l220
only_reversal_accept,0.02430980263890635,experiment_c_grid_depth4_l220
session_asia,0.021146463784346068,experiment_c_grid_depth4_l220
cont_decision_is_down,0.014061584739241142,experiment_c_grid_depth4_l220
continuation_accept,0.0,experiment_c_grid_depth4_l220
neither_accept,0.0,experiment_c_grid_depth4_l220
experts_agree_direction,0.0,experiment_c_grid_depth4_l220
rev_decision_is_up,0.0,experiment_c_grid_depth4_l220
session_open,0.0,experiment_c_grid_depth4_l220
continuation_same_side_indicator,0.0,experiment_c_grid_depth4_l220
