t_follow,t_reversal,sample_count,coverage,precision_up,precision_down,balanced_precision,all_sample_accuracy,accepted_sample_accuracy,share_up_predictions,share_down_predictions,selected_t_up,selected_t_down,accepted_count,up_prediction_count,down_prediction_count,roc_auc,brier_score,log_loss,utility,downside_risk,selection_score,up_signal_count,down_signal_count,total_signal_count,signal_coverage,overall_signal_accuracy,continuation_sample_count,continuation_coverage,continuation_accepted_accuracy,continuation_accepted_count,reversal_sample_count,reversal_coverage,reversal_accepted_accuracy,reversal_accepted_count
0.5,0.25,7468.0,0.9492501339046598,0.6575449569976545,0.6439114391143912,0.6507281980560229,0.6411355115158007,0.6512907321201862,0.5412611087600507,0.4587388912399492,0.5,0.25,7089.0,3837.0,3252.0,0.6980303236560473,0.2194073726069125,0.6276137918385261,0.2872254954472415,0.5753367007489694,0.49923026824698186,3837.0,3252.0,7089.0,0.9492501339046598,0.6512907321201862,4825.0,0.9568911917098446,1.0,4617.0,2643.0,0.9353007945516458,0.0,2472.0
0.5,0.275,7468.0,0.9492501339046598,0.6575449569976545,0.6439114391143912,0.6507281980560229,0.6411355115158007,0.6512907321201862,0.5412611087600507,0.4587388912399492,0.5,0.275,7089.0,3837.0,3252.0,0.6980303236560473,0.2194073726069125,0.6276137918385261,0.2872254954472415,0.5753367007489694,0.49923026824698186,3837.0,3252.0,7089.0,0.9492501339046598,0.6512907321201862,4825.0,0.9568911917098446,1.0,4617.0,2643.0,0.9353007945516458,0.0,2472.0
0.5,0.3,7468.0,0.9492501339046598,0.6575449569976545,0.6439114391143912,0.6507281980560229,0.6411355115158007,0.6512907321201862,0.5412611087600507,0.4587388912399492,0.5,0.3,7089.0,3837.0,3252.0,0.6980303236560473,0.2194073726069125,0.6276137918385261,0.2872254954472415,0.5753367007489694,0.49923026824698186,3837.0,3252.0,7089.0,0.9492501339046598,0.6512907321201862,4825.0,0.9568911917098446,1.0,4617.0,2643.0,0.9353007945516458,0.0,2472.0
0.5,0.325,7468.0,0.9492501339046598,0.6575449569976545,0.6439114391143912,0.6507281980560229,0.6411355115158007,0.6512907321201862,0.5412611087600507,0.4587388912399492,0.5,0.325,7089.0,3837.0,3252.0,0.6980303236560473,0.2194073726069125,0.6276137918385261,0.2872254954472415,0.5753367007489694,0.49923026824698186,3837.0,3252.0,7089.0,0.9492501339046598,0.6512907321201862,4825.0,0.9568911917098446,1.0,4617.0,2643.0,0.9353007945516458,0.0,2472.0
0.5,0.35,7468.0,0.9492501339046598,0.6575449569976545,0.6439114391143912,0.6507281980560229,0.6411355115158007,0.6512907321201862,0.5412611087600507,0.4587388912399492,0.5,0.35,7089.0,3837.0,3252.0,0.6980303236560473,0.2194073726069125,0.6276137918385261,0.2872254954472415,0.5753367007489694,0.49923026824698186,3837.0,3252.0,7089.0,0.9492501339046598,0.6512907321201862,4825.0,0.9568911917098446,1.0,4617.0,2643.0,0.9353007945516458,0.0,2472.0
0.5,0.375,7468.0,0.9492501339046598,0.6575449569976545,0.6439114391143912,0.6507281980560229,0.6411355115158007,0.6512907321201862,0.5412611087600507,0.4587388912399492,0.5,0.375,7089.0,3837.0,3252.0,0.6980303236560473,0.2194073726069125,0.6276137918385261,0.2872254954472415,0.5753367007489694,0.49923026824698186,3837.0,3252.0,7089.0,0.9492501339046598,0.6512907321201862,4825.0,0.9568911917098446,1.0,4617.0,2643.0,0.9353007945516458,0.0,2472.0
0.5,0.4,7468.0,0.949384038564542,0.6575449569976545,0.6440209037811251,0.6507829303893897,0.6411355115158007,0.6513399153737659,0.5411847672778561,0.45881523272214386,0.5,0.4,7090.0,3837.0,3253.0,0.6980303236560473,0.2194073726069125,0.6276137918385261,0.2873594001071238,0.5753367007489694,0.4994630096307802,3837.0,3253.0,7090.0,0.949384038564542,0.6513399153737659,4825.0,0.9568911917098446,1.0,4617.0,2643.0,0.9356791524782444,0.0004043671653861706,2473.0
0.5,0.425,7468.0,0.9499196572040707,0.6577233654597552,0.6439324116743471,0.6508278885670511,0.6411355115158007,0.651395545531435,0.5411615449675783,0.45883845503242177,0.5,0.425,7094.0,3839.0,3255.0,0.6980303236560473,0.2194073726069125,0.6276137918385261,0.28762720942688796,0.5754530596743677,0.4998274048445375,3839.0,3255.0,7094.0,0.9499196572040707,0.651395545531435,4825.0,0.9570984455958549,0.9997834560415765,4618.0,2643.0,0.9368142262580401,0.0016155088852988692,2476.0
0.5,0.45,7468.0,0.9532672737011249,0.6568831168831168,0.6436219027225452,0.650252509802831,0.6411355115158007,0.6507936507936508,0.5408062930186824,0.4591937069813176,0.5,0.45,7119.0,3850.0,3269.0,0.6980303236560473,0.2194073726069125,0.6276137918385261,0.28749330476700596,0.576963590243838,0.49828673702876936,3850.0,3269.0,7119.0,0.9532672737011249,0.6507936507936508,4825.0,0.9597927461139897,0.9969768948391277,4631.0,2643.0,0.9413545213772229,0.006430868167202572,2488.0
0.5,0.475,7468.0,0.9638457418318157,0.654994850669413,0.6412190706095353,0.6481069606394742,0.6411355115158007,0.6486524034454015,0.5395943317588219,0.4604056682411781,0.5,0.475,7198.0,3884.0,3314.0,0.6980303236560473,0.2194073726069125,0.6276137918385261,0.2865559721478308,0.5819320276819213,0.4924217237007956,3884.0,3314.0,7198.0,0.9638457418318157,0.6486524034454015,4825.0,0.9687046632124352,0.9878048780487805,4674.0,2643.0,0.9549754067347711,0.020602218700475437,2524.0
0.525,0.25,7468.0,0.8678361006963042,0.664033850493653,0.6529291553133515,0.6584815029035023,0.6411355115158007,0.6590032402407036,0.5469834902021293,0.4530165097978707,0.525,0.25,6481.0,3545.0,2936.0,0.6980303236560473,0.2194073726069125,0.6276137918385261,0.2759775040171397,0.5439938403507729,0.5073173325624175,3545.0,2936.0,6481.0,0.8678361006963042,0.6590032402407036,4825.0,0.8851813471502591,1.0,4271.0,2643.0,0.8361710177828225,0.0,2210.0
0.525,0.275,7468.0,0.8678361006963042,0.664033850493653,0.6529291553133515,0.6584815029035023,0.6411355115158007,0.6590032402407036,0.5469834902021293,0.4530165097978707,0.525,0.275,6481.0,3545.0,2936.0,0.6980303236560473,0.2194073726069125,0.6276137918385261,0.2759775040171397,0.5439938403507729,0.5073173325624175,3545.0,2936.0,6481.0,0.8678361006963042,0.6590032402407036,4825.0,0.8851813471502591,1.0,4271.0,2643.0,0.8361710177828225,0.0,2210.0
0.525,0.3,7468.0,0.8678361006963042,0.664033850493653,0.6529291553133515,0.6584815029035023,0.6411355115158007,0.6590032402407036,0.5469834902021293,0.4530165097978707,0.525,0.3,6481.0,3545.0,2936.0,0.6980303236560473,0.2194073726069125,0.6276137918385261,0.2759775040171397,0.5439938403507729,0.5073173325624175,3545.0,2936.0,6481.0,0.8678361006963042,0.6590032402407036,4825.0,0.8851813471502591,1.0,4271.0,2643.0,0.8361710177828225,0.0,2210.0
0.525,0.325,7468.0,0.8678361006963042,0.664033850493653,0.6529291553133515,0.6584815029035023,0.6411355115158007,0.6590032402407036,0.5469834902021293,0.4530165097978707,0.525,0.325,6481.0,3545.0,2936.0,0.6980303236560473,0.2194073726069125,0.6276137918385261,0.2759775040171397,0.5439938403507729,0.5073173325624175,3545.0,2936.0,6481.0,0.8678361006963042,0.6590032402407036,4825.0,0.8851813471502591,1.0,4271.0,2643.0,0.8361710177828225,0.0,2210.0
0.525,0.35,7468.0,0.8678361006963042,0.664033850493653,0.6529291553133515,0.6584815029035023,0.6411355115158007,0.6590032402407036,0.5469834902021293,0.4530165097978707,0.525,0.35,6481.0,3545.0,2936.0,0.6980303236560473,0.2194073726069125,0.6276137918385261,0.2759775040171397,0.5439938403507729,0.5073173325624175,3545.0,2936.0,6481.0,0.8678361006963042,0.6590032402407036,4825.0,0.8851813471502591,1.0,4271.0,2643.0,0.8361710177828225,0.0,2210.0
0.525,0.375,7468.0,0.8678361006963042,0.664033850493653,0.6529291553133515,0.6584815029035023,0.6411355115158007,0.6590032402407036,0.5469834902021293,0.4530165097978707,0.525,0.375,6481.0,3545.0,2936.0,0.6980303236560473,0.2194073726069125,0.6276137918385261,0.2759775040171397,0.5439938403507729,0.5073173325624175,3545.0,2936.0,6481.0,0.8678361006963042,0.6590032402407036,4825.0,0.8851813471502591,1.0,4271.0,2643.0,0.8361710177828225,0.0,2210.0
0.525,0.4,7468.0,0.8679700053561864,0.664033850493653,0.6530473272046305,0.6585405888491418,0.6411355115158007,0.6590558469608145,0.54689910521444,0.45310089478556004,0.525,0.4,6482.0,3545.0,2937.0,0.6980303236560473,0.2194073726069125,0.6276137918385261,0.27611140867702194,0.5439938403507729,0.5075634836213999,3545.0,2937.0,6482.0,0.8679700053561864,0.6590558469608145,4825.0,0.8851813471502591,1.0,4271.0,2643.0,0.8365493757094211,0.0004522840343735866,2211.0
0.525,0.425,7468.0,0.8685056239957151,0.6642232872850296,0.6529431779516842,0.6585832326183569,0.6411355115158007,0.6591119333950046,0.5468701819303114,0.45312981806968855,0.525,0.425,6486.0,3547.0,2939.0,0.6980303236560473,0.2194073726069125,0.6276137918385261,0.2763792179967863,0.5441169019608418,0.5079408799851549,3547.0,2939.0,6486.0,0.8685056239957151,0.6591119333950046,4825.0,0.8853886010362695,0.9997659176029963,4272.0,2643.0,0.8376844494892168,0.0018066847335140017,2214.0
0.525,0.45,7468.0,0.8718532404927691,0.6632939853850478,0.6525567219776498,0.6579253536813487,0.6411355115158007,0.6584242051912149,0.546459837198587,0.453540162801413,0.525,0.45,6511.0,3558.0,2953.0,0.6980303236560473,0.2194073726069125,0.6276137918385261,0.2762453133369042,0.5457141775489551,0.506208789695816,3558.0,2953.0,6511.0,0.8718532404927691,0.6584242051912149,4825.0,0.8880829015544042,0.996732788798133,4285.0,2643.0,0.8422247446083996,0.0071877807726864335,2226.0
0.525,0.475,7468.0,0.8824317086234601,0.6611915367483296,0.6497665110073382,0.6554790238778339,0.6411355115158007,0.6559939301972686,0.5450682852807284,0.45493171471927163,0.525,0.475,6590.0,3592.0,2998.0,0.6980303236560473,0.2194073726069125,0.6276137918385261,0.275307980717729,0.5509644852010568,0.4996837148537155,3592.0,2998.0,6590.0,0.8824317086234601,0.6559939301972686,4825.0,0.8969948186528497,0.9868299445471349,4328.0,2643.0,0.8558456299659478,0.022988505747126436,2262.0
0.525,0.5,7468.0,0.9185859667916444,0.6521270866989769,0.642085187539733,0.6471061371193549,0.6411355115158007,0.6475218658892128,0.541399416909621,0.458600583090379,0.525,0.5,6860.0,3714.0,3146.0,0.6980303236560473,0.2194073726069125,0.6276137918385261,0.27102303160149965,0.5690179853001769,0.47629958736458133,3714.0,3146.0,6860.0,0.9185859667916444,0.6475218658892128,4825.0,0.9282901554404145,0.9535610627372181,4479.0,2643.0,0.9008702232311767,0.07181856362872742,2381.0
0.55,0.25,7468.0,0.7577664702731655,0.6810207336523126,0.6707606973058637,0.6758907154790882,0.6411355115158007,0.6764446015197031,0.5539848029687224,0.4460151970312776,0.55,0.25,5659.0,3135.0,2524.0,0.6980303236560473,0.2194073726069125,0.6276137918385261,0.26740760578468126,0.4951559675942946,0.5400472240774473,3135.0,2524.0,5659.0,0.7577664702731655,0.6764446015197031,4825.0,0.7933678756476684,1.0,3828.0,2643.0,0.6927733636019675,0.0,1831.0
0.55,0.275,7468.0,0.7577664702731655,0.6810207336523126,0.6707606973058637,0.6758907154790882,0.6411355115158007,0.6764446015197031,0.5539848029687224,0.4460151970312776,0.55,0.275,5659.0,3135.0,2524.0,0.6980303236560473,0.2194073726069125,0.6276137918385261,0.26740760578468126,0.4951559675942946,0.5400472240774473,3135.0,2524.0,5659.0,0.7577664702731655,0.6764446015197031,4825.0,0.7933678756476684,1.0,3828.0,2643.0,0.6927733636019675,0.0,1831.0
0.55,0.3,7468.0,0.7577664702731655,0.6810207336523126,0.6707606973058637,0.6758907154790882,0.6411355115158007,0.6764446015197031,0.5539848029687224,0.4460151970312776,0.55,0.3,5659.0,3135.0,2524.0,0.6980303236560473,0.2194073726069125,0.6276137918385261,0.26740760578468126,0.4951559675942946,0.5400472240774473,3135.0,2524.0,5659.0,0.7577664702731655,0.6764446015197031,4825.0,0.7933678756476684,1.0,3828.0,2643.0,0.6927733636019675,0.0,1831.0
0.55,0.325,7468.0,0.7577664702731655,0.6810207336523126,0.6707606973058637,0.6758907154790882,0.6411355115158007,0.6764446015197031,0.5539848029687224,0.4460151970312776,0.55,0.325,5659.0,3135.0,2524.0,0.6980303236560473,0.2194073726069125,0.6276137918385261,0.26740760578468126,0.4951559675942946,0.5400472240774473,3135.0,2524.0,5659.0,0.7577664702731655,0.6764446015197031,4825.0,0.7933678756476684,1.0,3828.0,2643.0,0.6927733636019675,0.0,1831.0
0.55,0.35,7468.0,0.7577664702731655,0.6810207336523126,0.6707606973058637,0.6758907154790882,0.6411355115158007,0.6764446015197031,0.5539848029687224,0.4460151970312776,0.55,0.35,5659.0,3135.0,2524.0,0.6980303236560473,0.2194073726069125,0.6276137918385261,0.26740760578468126,0.4951559675942946,0.5400472240774473,3135.0,2524.0,5659.0,0.7577664702731655,0.6764446015197031,4825.0,0.7933678756476684,1.0,3828.0,2643.0,0.6927733636019675,0.0,1831.0
0.55,0.375,7468.0,0.7577664702731655,0.6810207336523126,0.6707606973058637,0.6758907154790882,0.6411355115158007,0.6764446015197031,0.5539848029687224,0.4460151970312776,0.55,0.375,5659.0,3135.0,2524.0,0.6980303236560473,0.2194073726069125,0.6276137918385261,0.26740760578468126,0.4951559675942946,0.5400472240774473,3135.0,2524.0,5659.0,0.7577664702731655,0.6764446015197031,4825.0,0.7933678756476684,1.0,3828.0,2643.0,0.6927733636019675,0.0,1831.0
0.55,0.4,7468.0,0.7579003749330476,0.6810207336523126,0.6708910891089109,0.6759559113806117,0.6411355115158007,0.6765017667844523,0.553886925795053,0.446113074204947,0.55,0.4,5660.0,3135.0,2525.0,0.6980303236560473,0.2194073726069125,0.6276137918385261,0.2675415104445634,0.4951559675942946,0.5403176533333699,3135.0,2525.0,5660.0,0.7579003749330476,0.6765017667844523,4825.0,0.7933678756476684,1.0,3828.0,2643.0,0.6931517215285661,0.0005458515283842794,1832.0
0.55,0.425,7468.0,0.7584359935725763,0.6812240994580809,0.6707558369608231,0.675989968209452,0.6411355115158007,0.6765536723163842,0.5538488700564972,0.4461511299435028,0.55,0.425,5664.0,3137.0,2527.0,0.6980303236560473,0.2194073726069125,0.6276137918385261,0.2678093197643278,0.49529116376544036,0.5407108774731882,3137.0,2527.0,5664.0,0.7584359935725763,0.6765536723163842,4825.0,0.7935751295336787,0.9997388352050144,3829.0,2643.0,0.6942867953083617,0.0021798365122615805,1835.0
0.55,0.45,7468.0,0.7617836100696305,0.6801143583227446,0.6702085792994884,0.6751614688111165,0.6411355115158007,0.6756899279310951,0.5533485674107927,0.44665143258920725,0.55,0.45,5689.0,3148.0,2541.0,0.6980303236560473,0.2194073726069125,0.6276137918385261,0.2676754151044456,0.4970453676301515,0.5385331652534809,3148.0,2541.0,5689.0,0.7617836100696305,0.6756899279310951,4825.0,0.7962694300518135,0.9963560645497137,3842.0,2643.0,0.6988270904275444,0.008662696264212236,1847.0
0.55,0.475,7468.0,0.7723620782003213,0.677561282212445,0.6666666666666666,0.6721139744395559,0.6411355115158007,0.6726768377253814,0.5516643550624133,0.4483356449375867,0.55,0.475,5768.0,3182.0,2586.0,0.6980303236560473,0.2194073726069125,0.6276137918385261,0.26673808248527053,0.5028041346861871,0.5305009726138162,3182.0,2586.0,5768.0,0.7723620782003213,0.6726768377253814,4825.0,0.805181347150259,0.9853281853281853,3885.0,2643.0,0.7124479757850927,0.027615507169410514,1883.0
0.55,0.5,7468.0,0.8085163363685056,0.6667675544794189,0.6569129480614484,0.6618402512704337,0.6411355115158007,0.6623053991387877,0.547201059953627,0.45279894004637294,0.55,0.5,6038.0,3304.0,2734.0,0.6980303236560473,0.2194073726069125,0.6276137918385261,0.2624531333690413,0.5225242592451877,0.5022793271802689,3304.0,2734.0,6038.0,0.8085163363685056,0.6623053991387877,4825.0,0.8364766839378238,0.9484638255698712,4036.0,2643.0,0.7574725690503216,0.08541458541458541,2002.0
0.575,0.25,7468.0,0.6541242635243707,0.6988346686088857,0.6942496493688639,0.6965421589888747,0.6411355115158007,0.6968270214943705,0.562128966223132,0.437871033776868,0.575,0.25,4885.0,2746.0,2139.0,0.6980303236560473,0.2194073726069125,0.6276137918385261,0.2574986609534011,0.44532325482225243,0.5782286421493525,2746.0,2139.0,4885.0,0.6541242635243707,0.6968270214943705,4825.0,0.7054922279792746,1.0,3404.0,2643.0,0.5603480892924707,0.0,1481.0
0.575,0.275,7468.0,0.6541242635243707,0.6988346686088857,0.6942496493688639,0.6965421589888747,0.6411355115158007,0.6968270214943705,0.562128966223132,0.437871033776868,0.575,0.275,4885.0,2746.0,2139.0,0.6980303236560473,0.2194073726069125,0.6276137918385261,0.2574986609534011,0.44532325482225243,0.5782286421493525,2746.0,2139.0,4885.0,0.6541242635243707,0.6968270214943705,4825.0,0.7054922279792746,1.0,3404.0,2643.0,0.5603480892924707,0.0,1481.0
0.575,0.3,7468.0,0.6541242635243707,0.6988346686088857,0.6942496493688639,0.6965421589888747,0.6411355115158007,0.6968270214943705,0.562128966223132,0.437871033776868,0.575,0.3,4885.0,2746.0,2139.0,0.6980303236560473,0.2194073726069125,0.6276137918385261,0.2574986609534011,0.44532325482225243,0.5782286421493525,2746.0,2139.0,4885.0,0.6541242635243707,0.6968270214943705,4825.0,0.7054922279792746,1.0,3404.0,2643.0,0.5603480892924707,0.0,1481.0
0.575,0.325,7468.0,0.6541242635243707,0.6988346686088857,0.6942496493688639,0.6965421589888747,0.6411355115158007,0.6968270214943705,0.562128966223132,0.437871033776868,0.575,0.325,4885.0,2746.0,2139.0,0.6980303236560473,0.2194073726069125,0.6276137918385261,0.2574986609534011,0.44532325482225243,0.5782286421493525,2746.0,2139.0,4885.0,0.6541242635243707,0.6968270214943705,4825.0,0.7054922279792746,1.0,3404.0,2643.0,0.5603480892924707,0.0,1481.0
0.575,0.35,7468.0,0.6541242635243707,0.6988346686088857,0.6942496493688639,0.6965421589888747,0.6411355115158007,0.6968270214943705,0.562128966223132,0.437871033776868,0.575,0.35,4885.0,2746.0,2139.0,0.6980303236560473,0.2194073726069125,0.6276137918385261,0.2574986609534011,0.44532325482225243,0.5782286421493525,2746.0,2139.0,4885.0,0.6541242635243707,0.6968270214943705,4825.0,0.7054922279792746,1.0,3404.0,2643.0,0.5603480892924707,0.0,1481.0
0.575,0.375,7468.0,0.6541242635243707,0.6988346686088857,0.6942496493688639,0.6965421589888747,0.6411355115158007,0.6968270214943705,0.562128966223132,0.437871033776868,0.575,0.375,4885.0,2746.0,2139.0,0.6980303236560473,0.2194073726069125,0.6276137918385261,0.2574986609534011,0.44532325482225243,0.5782286421493525,2746.0,2139.0,4885.0,0.6541242635243707,0.6968270214943705,4825.0,0.7054922279792746,1.0,3404.0,2643.0,0.5603480892924707,0.0,1481.0
0.575,0.4,7468.0,0.6542581681842529,0.6988346686088857,0.694392523364486,0.6966135959866858,0.6411355115158007,0.6968890708145723,0.5620139173147769,0.4379860826852231,0.575,0.4,4886.0,2746.0,2140.0,0.6980303236560473,0.2194073726069125,0.6276137918385261,0.2576325656132834,0.4453232548222524,0.5785293330709074,2746.0,2140.0,4886.0,0.6542581681842529,0.6968890708145723,4825.0,0.7054922279792746,1.0,3404.0,2643.0,0.5607264472190693,0.0006747638326585695,1482.0
0.575,0.425,7468.0,0.6547937868237814,0.6990538573508006,0.6942110177404295,0.696632437545615,0.6411355115158007,0.6969325153374233,0.561963190184049,0.43803680981595094,0.575,0.425,4890.0,2748.0,2142.0,0.6980303236560473,0.2194073726069125,0.6276137918385261,0.2579003749330476,0.4454735749125496,0.5789352937122606,2748.0,2142.0,4890.0,0.6547937868237814,0.6969325153374233,4825.0,0.705699481865285,0.9997063142437592,3405.0,2643.0,0.5618615209988649,0.0026936026936026937,1485.0
0.575,0.45,7468.0,0.6581414033208356,0.6977165639724537,0.6934137291280148,0.6955651465502343,0.6411355115158007,0.6958290946083419,0.5613428280773144,0.43865717192268566,0.575,0.45,4915.0,2759.0,2156.0,0.6980303236560473,0.2194073726069125,0.6276137918385261,0.25776647027316557,0.4474231403535528,0.5761134081475515,2759.0,2156.0,4915.0,0.6581414033208356,0.6958290946083419,4825.0,0.7083937823834197,0.9959040374488005,3418.0,2643.0,0.5664018161180476,0.01068804275217101,1497.0
0.575,0.475,7468.0,0.6687198714515266,0.694593626924454,0.6887778282598819,0.691685727592168,0.6411355115158007,0.6920304365238286,0.5592711253504205,0.4407288746495795,0.575,0.475,4994.0,2793.0,2201.0,0.6980303236560473,0.2194073726069125,0.6276137918385261,0.25682913765399035,0.45381203917345353,0.5659372504126682,2793.0,2201.0,4994.0,0.6687198714515266,0.6920304365238286,4825.0,0.7173056994818653,0.9835307714533372,3461.0,2643.0,0.5800227014755959,0.033920417482061316,1533.0
0.575,0.5,7468.0,0.7048741296197107,0.6816466552315609,0.6760323541932738,0.6788395047124174,0.6411355115158007,0.6791413373860182,0.5537613981762918,0.4462386018237082,0.575,0.5,5264.0,2915.0,2349.0,0.6980303236560473,0.2194073726069125,0.6276137918385261,0.2525441885377611,0.4755680503786759,0.5310369111984504,2915.0,2349.0,5264.0,0.7048741296197107,0.6791413373860182,4825.0,0.7486010362694301,0.9424141749723145,3612.0,2643.0,0.6250472947408248,0.10351089588377724,1652.0
0.6,0.25,7468.0,0.561194429566149,0.7179593529655744,0.7095505617977528,0.7137549573816636,0.6411355115158007,0.7143879742304939,0.5752803626819375,0.4247196373180625,0.6,0.25,4191.0,2411.0,1780.0,0.6980303236560473,0.2194073726069125,0.6276137918385261,0.24062667380824856,0.4003546900923607,0.6010337327451732,2411.0,1780.0,4191.0,0.561194429566149,0.7143879742304939,4825.0,0.6205181347150259,1.0,2994.0,2643.0,0.452894438138479,0.0,1197.0
0.6,0.275,7468.0,0.561194429566149,0.7179593529655744,0.7095505617977528,0.7137549573816636,0.6411355115158007,0.7143879742304939,0.5752803626819375,0.4247196373180625,0.6,0.275,4191.0,2411.0,1780.0,0.6980303236560473,0.2194073726069125,0.6276137918385261,0.24062667380824856,0.4003546900923607,0.6010337327451732,2411.0,1780.0,4191.0,0.561194429566149,0.7143879742304939,4825.0,0.6205181347150259,1.0,2994.0,2643.0,0.452894438138479,0.0,1197.0
0.6,0.3,7468.0,0.561194429566149,0.7179593529655744,0.7095505617977528,0.7137549573816636,0.6411355115158007,0.7143879742304939,0.5752803626819375,0.4247196373180625,0.6,0.3,4191.0,2411.0,1780.0,0.6980303236560473,0.2194073726069125,0.6276137918385261,0.24062667380824856,0.4003546900923607,0.6010337327451732,2411.0,1780.0,4191.0,0.561194429566149,0.7143879742304939,4825.0,0.6205181347150259,1.0,2994.0,2643.0,0.452894438138479,0.0,1197.0
0.6,0.325,7468.0,0.561194429566149,0.7179593529655744,0.7095505617977528,0.7137549573816636,0.6411355115158007,0.7143879742304939,0.5752803626819375,0.4247196373180625,0.6,0.325,4191.0,2411.0,1780.0,0.6980303236560473,0.2194073726069125,0.6276137918385261,0.24062667380824856,0.4003546900923607,0.6010337327451732,2411.0,1780.0,4191.0,0.561194429566149,0.7143879742304939,4825.0,0.6205181347150259,1.0,2994.0,2643.0,0.452894438138479,0.0,1197.0
0.6,0.35,7468.0,0.561194429566149,0.7179593529655744,0.7095505617977528,0.7137549573816636,0.6411355115158007,0.7143879742304939,0.5752803626819375,0.4247196373180625,0.6,0.35,4191.0,2411.0,1780.0,0.6980303236560473,0.2194073726069125,0.6276137918385261,0.24062667380824856,0.4003546900923607,0.6010337327451732,2411.0,1780.0,4191.0,0.561194429566149,0.7143879742304939,4825.0,0.6205181347150259,1.0,2994.0,2643.0,0.452894438138479,0.0,1197.0
0.6,0.375,7468.0,0.561194429566149,0.7179593529655744,0.7095505617977528,0.7137549573816636,0.6411355115158007,0.7143879742304939,0.5752803626819375,0.4247196373180625,0.6,0.375,4191.0,2411.0,1780.0,0.6980303236560473,0.2194073726069125,0.6276137918385261,0.24062667380824856,0.4003546900923607,0.6010337327451732,2411.0,1780.0,4191.0,0.561194429566149,0.7143879742304939,4825.0,0.6205181347150259,1.0,2994.0,2643.0,0.452894438138479,0.0,1197.0
0.6,0.4,7468.0,0.561328334226031,0.7179593529655744,0.7097136440202133,0.7138364984928939,0.6411355115158007,0.714456106870229,0.5751431297709924,0.42485687022900764,0.6,0.4,4192.0,2411.0,1781.0,0.6980303236560473,0.2194073726069125,0.6276137918385261,0.24076057846813065,0.4003546900923607,0.601368197816261,2411.0,1781.0,4192.0,0.561328334226031,0.714456106870229,4825.0,0.6205181347150259,1.0,2994.0,2643.0,0.4532727960650776,0.0008347245409015025,1198.0
0.6,0.425,7468.0,0.5618639528655597,0.7181931205967675,0.709478407178912,0.7138357638878398,0.6411355115158007,0.7144899904671115,0.575071496663489,0.42492850333651094,0.6,0.425,4196.0,2413.0,1783.0,0.6980303236560473,0.2194073726069125,0.6276137918385261,0.24102838778789493,0.40052188771505653,0.6017858079191164,2413.0,1783.0,4196.0,0.5618639528655597,0.7144899904671115,4825.0,0.6207253886010363,0.9996661101836394,2995.0,2643.0,0.45440786984487325,0.0033305578684429643,1201.0
0.6,0.45,7468.0,0.5652115693626139,0.7165841584158416,0.7084028937117418,0.7124935260637917,0.6411355115158007,0.7131011608623549,0.574271499644634,0.425728500355366,0.6,0.45,4221.0,2424.0,1797.0,0.6980303236560473,0.2194073726069125,0.6276137918385261,0.24089448312801284,0.40268913955717817,0.5982145021167328,2424.0,1797.0,4221.0,0.5652115693626139,0.7131011608623549,4825.0,0.623419689119171,0.995345744680851,3008.0,2643.0,0.458948164964056,0.013190436933223413,1213.0
0.6,0.475,7468.0,0.5757900374933048,0.7127746135069162,0.7024972855591748,0.7076359495330455,0.6411355115158007,0.7083720930232558,0.5716279069767441,0.4283720930232558,0.6,0.475,4300.0,2458.0,1842.0,0.6980303236560473,0.2194073726069125,0.6276137918385261,0.23995715050883767,0.40977608945890626,0.5855811421932694,2458.0,1842.0,4300.0,0.5757900374933048,0.7083720930232558,4825.0,0.6323316062176165,0.9813176007866273,3051.0,2643.0,0.47256905032160423,0.041633306645316254,1249.0
0.6,0.5,7468.0,0.611944295661489,0.6972868217054263,0.6864321608040201,0.6918594912547232,0.6411355115158007,0.6925601750547046,0.5645514223194749,0.43544857768052514,0.6,0.5,4570.0,2580.0,1990.0,0.6980303236560473,0.2194073726069125,0.6276137918385261,0.23567220139260844,0.4337465240603552,0.5433408415275623,2580.0,1990.0,4570.0,0.611944295661489,0.6925601750547046,4825.0,0.6636269430051813,0.9350405996252342,3202.0,2643.0,0.5175936435868331,0.125,1368.0
0.625,0.25,7468.0,0.4737546866630959,0.7326876513317191,0.7311608961303462,0.7319242737310326,0.6411355115158007,0.7320520067834935,0.5836630864895421,0.4163369135104579,0.625,0.25,3538.0,2065.0,1473.0,0.6980303236560473,0.2194073726069125,0.6276137918385261,0.2198714515265131,0.3562886716811122,0.6171160325953441,2065.0,1473.0,3538.0,0.4737546866630959,0.7320520067834935,4825.0,0.5367875647668394,1.0,2590.0,2643.0,0.358683314415437,0.0,948.0
0.625,0.275,7468.0,0.4737546866630959,0.7326876513317191,0.7311608961303462,0.7319242737310326,0.6411355115158007,0.7320520067834935,0.5836630864895421,0.4163369135104579,0.625,0.275,3538.0,2065.0,1473.0,0.6980303236560473,0.2194073726069125,0.6276137918385261,0.2198714515265131,0.3562886716811122,0.6171160325953441,2065.0,1473.0,3538.0,0.4737546866630959,0.7320520067834935,4825.0,0.5367875647668394,1.0,2590.0,2643.0,0.358683314415437,0.0,948.0
0.625,0.3,7468.0,0.4737546866630959,0.7326876513317191,0.7311608961303462,0.7319242737310326,0.6411355115158007,0.7320520067834935,0.5836630864895421,0.4163369135104579,0.625,0.3,3538.0,2065.0,1473.0,0.6980303236560473,0.2194073726069125,0.6276137918385261,0.2198714515265131,0.3562886716811122,0.6171160325953441,2065.0,1473.0,3538.0,0.4737546866630959,0.7320520067834935,4825.0,0.5367875647668394,1.0,2590.0,2643.0,0.358683314415437,0.0,948.0
0.625,0.325,7468.0,0.4737546866630959,0.7326876513317191,0.7311608961303462,0.7319242737310326,0.6411355115158007,0.7320520067834935,0.5836630864895421,0.4163369135104579,0.625,0.325,3538.0,2065.0,1473.0,0.6980303236560473,0.2194073726069125,0.6276137918385261,0.2198714515265131,0.3562886716811122,0.6171160325953441,2065.0,1473.0,3538.0,0.4737546866630959,0.7320520067834935,4825.0,0.5367875647668394,1.0,2590.0,2643.0,0.358683314415437,0.0,948.0
0.625,0.35,7468.0,0.4737546866630959,0.7326876513317191,0.7311608961303462,0.7319242737310326,0.6411355115158007,0.7320520067834935,0.5836630864895421,0.4163369135104579,0.625,0.35,3538.0,2065.0,1473.0,0.6980303236560473,0.2194073726069125,0.6276137918385261,0.2198714515265131,0.3562886716811122,0.6171160325953441,2065.0,1473.0,3538.0,0.4737546866630959,0.7320520067834935,4825.0,0.5367875647668394,1.0,2590.0,2643.0,0.358683314415437,0.0,948.0
0.625,0.375,7468.0,0.4737546866630959,0.7326876513317191,0.7311608961303462,0.7319242737310326,0.6411355115158007,0.7320520067834935,0.5836630864895421,0.4163369135104579,0.625,0.375,3538.0,2065.0,1473.0,0.6980303236560473,0.2194073726069125,0.6276137918385261,0.2198714515265131,0.3562886716811122,0.6171160325953441,2065.0,1473.0,3538.0,0.4737546866630959,0.7320520067834935,4825.0,0.5367875647668394,1.0,2590.0,2643.0,0.358683314415437,0.0,948.0
0.625,0.4,7468.0,0.47388859132297806,0.7326876513317191,0.7313432835820896,0.7320154674569044,0.6411355115158007,0.732127719694829,0.5834981633229726,0.4165018366770274,0.625,0.4,3539.0,2065.0,1474.0,0.6980303236560473,0.2194073726069125,0.6276137918385261,0.22000535618639527,0.3562886716811122,0.6174918645274972,2065.0,1474.0,3539.0,0.47388859132297806,0.732127719694829,4825.0,0.5367875647668394,1.0,2590.0,2643.0,0.35906167234203556,0.001053740779768177,949.0
0.625,0.425,7468.0,0.47442420996250667,0.7329462989840348,0.731029810298103,0.7319880546410689,0.6411355115158007,0.7321478972622072,0.5834038950042337,0.4165961049957663,0.625,0.425,3543.0,2067.0,1476.0,0.6980303236560473,0.2194073726069125,0.6276137918385261,0.22027316550615963,0.35647653811741037,0.6179177083278611,2067.0,1476.0,3543.0,0.47442420996250667,0.7321478972622072,4825.0,0.5369948186528497,0.9996140486298727,2591.0,2643.0,0.3601967461218313,0.004201680672268907,952.0
0.625,0.45,7468.0,0.4777718264595608,0.7309913378248316,0.7295302013422819,0.7302607695835568,0.6411355115158007,0.7303811659192825,0.5823991031390134,0.41760089686098656,0.625,0.45,3568.0,2078.0,1490.0,0.6980303236560473,0.2194073726069125,0.6276137918385261,0.2201392608462774,0.35890985331506525,0.6133553002598412,2078.0,1490.0,3568.0,0.4777718264595608,0.7303811659192825,4825.0,0.5396891191709845,0.9946236559139785,2604.0,2643.0,0.364737041241014,0.016597510373443983,964.0
0.625,0.475,7468.0,0.48835029459025175,0.7263257575757576,0.7218241042345277,0.7240749309051426,0.6411355115158007,0.7244310392103098,0.5791061146147518,0.42089388538524813,0.625,0.475,3647.0,2112.0,1535.0,0.6980303236560473,0.2194073726069125,0.6276137918385261,0.2192019282271023,0.366843540465925,0.597535199743999,2112.0,1535.0,3647.0,0.48835029459025175,0.7244310392103098,4825.0,0.54860103626943,0.9784661881375142,2647.0,2643.0,0.37835792659856227,0.052,1000.0
0.625,0.5,7468.0,0.524504552758436,0.7076991942703671,0.7011289364230541,0.7044140653467106,0.6411355115158007,0.7048761807505745,0.5703344396221598,0.4296655603778402,0.625,0.5,3917.0,2234.0,1683.0,0.6980303236560473,0.2194073726069125,0.6276137918385261,0.2149169791108731,0.39343841554146874,0.5462531634464166,2234.0,1683.0,3917.0,0.524504552758436,0.7048761807505745,4825.0,0.5798963730569948,0.9256611865618298,2798.0,2643.0,0.42338251986379116,0.15281501340482573,1119.0
0.65,0.25,7468.0,0.4006427423674344,0.7508551881413911,0.7447495961227787,0.7478023921320849,0.6411355115158007,0.7483288770053476,0.5862299465240641,0.4137700534759358,0.65,0.25,2992.0,1754.0,1238.0,0.6980303236560473,0.2194073726069125,0.6276137918385261,0.19898232458489554,0.3175377282958191,0.6266415195851089,1754.0,1238.0,2992.0,0.4006427423674344,0.7483288770053476,4825.0,0.46404145077720205,1.0,2239.0,2643.0,0.2849035187287174,0.0,753.0
0.65,0.275,7468.0,0.4006427423674344,0.7508551881413911,0.7447495961227787,0.7478023921320849,0.6411355115158007,0.7483288770053476,0.5862299465240641,0.4137700534759358,0.65,0.275,2992.0,1754.0,1238.0,0.6980303236560473,0.2194073726069125,0.6276137918385261,0.19898232458489554,0.3175377282958191,0.6266415195851089,1754.0,1238.0,2992.0,0.4006427423674344,0.7483288770053476,4825.0,0.46404145077720205,1.0,2239.0,2643.0,0.2849035187287174,0.0,753.0
0.65,0.3,7468.0,0.4006427423674344,0.7508551881413911,0.7447495961227787,0.7478023921320849,0.6411355115158007,0.7483288770053476,0.5862299465240641,0.4137700534759358,0.65,0.3,2992.0,1754.0,1238.0,0.6980303236560473,0.2194073726069125,0.6276137918385261,0.19898232458489554,0.3175377282958191,0.6266415195851089,1754.0,1238.0,2992.0,0.4006427423674344,0.7483288770053476,4825.0,0.46404145077720205,1.0,2239.0,2643.0,0.2849035187287174,0.0,753.0
0.65,0.325,7468.0,0.4006427423674344,0.7508551881413911,0.7447495961227787,0.7478023921320849,0.6411355115158007,0.7483288770053476,0.5862299465240641,0.4137700534759358,0.65,0.325,2992.0,1754.0,1238.0,0.6980303236560473,0.2194073726069125,0.6276137918385261,0.19898232458489554,0.3175377282958191,0.6266415195851089,1754.0,1238.0,2992.0,0.4006427423674344,0.7483288770053476,4825.0,0.46404145077720205,1.0,2239.0,2643.0,0.2849035187287174,0.0,753.0
0.65,0.35,7468.0,0.4006427423674344,0.7508551881413911,0.7447495961227787,0.7478023921320849,0.6411355115158007,0.7483288770053476,0.5862299465240641,0.4137700534759358,0.65,0.35,2992.0,1754.0,1238.0,0.6980303236560473,0.2194073726069125,0.6276137918385261,0.19898232458489554,0.3175377282958191,0.6266415195851089,1754.0,1238.0,2992.0,0.4006427423674344,0.7483288770053476,4825.0,0.46404145077720205,1.0,2239.0,2643.0,0.2849035187287174,0.0,753.0
0.65,0.375,7468.0,0.4006427423674344,0.7508551881413911,0.7447495961227787,0.7478023921320849,0.6411355115158007,0.7483288770053476,0.5862299465240641,0.4137700534759358,0.65,0.375,2992.0,1754.0,1238.0,0.6980303236560473,0.2194073726069125,0.6276137918385261,0.19898232458489554,0.3175377282958191,0.6266415195851089,1754.0,1238.0,2992.0,0.4006427423674344,0.7483288770053476,4825.0,0.46404145077720205,1.0,2239.0,2643.0,0.2849035187287174,0.0,753.0
0.65,0.4,7468.0,0.4007766470273165,0.7508551881413911,0.744955609362389,0.74790539875189,0.6411355115158007,0.7484129635816906,0.5860340795188774,0.41396592048112263,0.65,0.4,2993.0,1754.0,1239.0,0.6980303236560473,0.2194073726069125,0.6276137918385261,0.1991162292447777,0.31753772829581906,0.6270632164354355,1754.0,1239.0,2993.0,0.4007766470273165,0.7484129635816906,4825.0,0.46404145077720205,1.0,2239.0,2643.0,0.2852818766553159,0.001326259946949602,754.0
0.65,0.425,7468.0,0.4013122656668452,0.7511389521640092,0.7445608380338437,0.7478498950989264,0.6411355115158007,0.7484150817484151,0.5859192525859193,0.41408074741408074,0.65,0.425,2997.0,1756.0,1241.0,0.6980303236560473,0.2194073726069125,0.6276137918385261,0.19938403856454204,0.3177485067646291,0.6274900882924839,1756.0,1241.0,2997.0,0.4013122656668452,0.7484150817484151,4825.0,0.46424870466321244,0.9995535714285714,2240.0,2643.0,0.2864169504351116,0.005284015852047556,757.0
0.65,0.45,7468.0,0.4046598821638993,0.7487266553480475,0.7426294820717132,0.7456780687098803,0.6411355115158007,0.7461945731303772,0.5847121111846459,0.41528788881535406,0.65,0.45,3022.0,1767.0,1255.0,0.6980303236560473,0.2194073726069125,0.6276137918385261,0.19925013390465984,0.3204760117850004,0.6217318194733774,1767.0,1255.0,3022.0,0.4046598821638993,0.7461945731303772,4825.0,0.4669430051813471,0.9937860630270751,2253.0,2643.0,0.29095724555429436,0.02080624187256177,769.0
0.65,0.475,7468.0,0.4152383502945903,0.7429205996668518,0.7330769230769231,0.7379987613718875,0.6411355115158007,0.7387939374395356,0.5807803934214769,0.41921960657852303,0.65,0.475,3101.0,1801.0,1300.0,0.6980303236560473,0.2194073726069125,0.6276137918385261,0.1983128012854847,0.3293368708549846,0.6021579083163358,1801.0,1300.0,3101.0,0.4152383502945903,0.7387939374395356,4825.0,0.47585492227979276,0.9751742160278746,2296.0,2643.0,0.3045781309118426,0.06459627329192547,805.0
0.65,0.5,7468.0,0.4513926084627745,0.7202288091523661,0.7078729281767956,0.7140508686645808,0.6411355115158007,0.7149213883120735,0.5704538712548205,0.42954612874517945,0.65,0.5,3371.0,1923.0,1448.0,0.6980303236560473,0.2194073726069125,0.6276137918385261,0.19402785216925544,0.3587232612289863,0.5408845010622277,1923.0,1448.0,3371.0,0.4513926084627745,0.7149213883120735,4825.0,0.5071502590673576,0.914997956681651,2447.0,2643.0,0.3496027241770715,0.18506493506493507,924.0
0.675,0.25,7468.0,0.33101231922870916,0.771701982228298,0.757185332011893,0.7644436571200954,0.6411355115158007,0.7657766990291263,0.5918284789644013,0.40817152103559873,0.675,0.25,2472.0,1463.0,1009.0,0.6980303236560473,0.2194073726069125,0.6276137918385261,0.1759507230851634,0.278443527616953,0.6319081093068678,1463.0,1009.0,2472.0,0.33101231922870916,0.7657766990291263,4825.0,0.3923316062176166,1.0,1893.0,2643.0,0.21906923950056753,0.0,579.0
0.675,0.275,7468.0,0.33101231922870916,0.771701982228298,0.757185332011893,0.7644436571200954,0.6411355115158007,0.7657766990291263,0.5918284789644013,0.40817152103559873,0.675,0.275,2472.0,1463.0,1009.0,0.6980303236560473,0.2194073726069125,0.6276137918385261,0.1759507230851634,0.278443527616953,0.6319081093068678,1463.0,1009.0,2472.0,0.33101231922870916,0.7657766990291263,4825.0,0.3923316062176166,1.0,1893.0,2643.0,0.21906923950056753,0.0,579.0
0.675,0.3,7468.0,0.33101231922870916,0.771701982228298,0.757185332011893,0.7644436571200954,0.6411355115158007,0.7657766990291263,0.5918284789644013,0.40817152103559873,0.675,0.3,2472.0,1463.0,1009.0,0.6980303236560473,0.2194073726069125,0.6276137918385261,0.1759507230851634,0.278443527616953,0.6319081093068678,1463.0,1009.0,2472.0,0.33101231922870916,0.7657766990291263,4825.0,0.3923316062176166,1.0,1893.0,2643.0,0.21906923950056753,0.0,579.0
0.675,0.325,7468.0,0.33101231922870916,0.771701982228298,0.757185332011893,0.7644436571200954,0.6411355115158007,0.7657766990291263,0.5918284789644013,0.40817152103559873,0.675,0.325,2472.0,1463.0,1009.0,0.6980303236560473,0.2194073726069125,0.6276137918385261,0.1759507230851634,0.278443527616953,0.6319081093068678,1463.0,1009.0,2472.0,0.33101231922870916,0.7657766990291263,4825.0,0.3923316062176166,1.0,1893.0,2643.0,0.21906923950056753,0.0,579.0
0.675,0.35,7468.0,0.33101231922870916,0.771701982228298,0.757185332011893,0.7644436571200954,0.6411355115158007,0.7657766990291263,0.5918284789644013,0.40817152103559873,0.675,0.35,2472.0,1463.0,1009.0,0.6980303236560473,0.2194073726069125,0.6276137918385261,0.1759507230851634,0.278443527616953,0.6319081093068678,1463.0,1009.0,2472.0,0.33101231922870916,0.7657766990291263,4825.0,0.3923316062176166,1.0,1893.0,2643.0,0.21906923950056753,0.0,579.0
0.675,0.375,7468.0,0.33101231922870916,0.771701982228298,0.757185332011893,0.7644436571200954,0.6411355115158007,0.7657766990291263,0.5918284789644013,0.40817152103559873,0.675,0.375,2472.0,1463.0,1009.0,0.6980303236560473,0.2194073726069125,0.6276137918385261,0.1759507230851634,0.278443527616953,0.6319081093068678,1463.0,1009.0,2472.0,0.33101231922870916,0.7657766990291263,4825.0,0.3923316062176166,1.0,1893.0,2643.0,0.21906923950056753,0.0,579.0
0.675,0.4,7468.0,0.33114622388859133,0.771701982228298,0.7574257425742574,0.7645638624012777,0.6411355115158007,0.7658714112414072,0.5915891629599677,0.40841083704003234,0.675,0.4,2473.0,1463.0,1010.0,0.6980303236560473,0.2194073726069125,0.6276137918385261,0.17608462774504555,0.27844352761695307,0.6323890134996429,1463.0,1010.0,2473.0,0.33114622388859133,0.7658714112414072,4825.0,0.3923316062176166,1.0,1893.0,2643.0,0.2194475974271661,0.0017241379310344827,580.0
0.675,0.425,7468.0,0.33168184252812,0.7720136518771331,0.7569169960474308,0.764465323962282,0.6411355115158007,0.7658457811869197,0.5914412595882116,0.40855874041178847,0.675,0.425,2477.0,1465.0,1012.0,0.6980303236560473,0.2194073726069125,0.6276137918385261,0.1763524370648099,0.2786838759807518,0.6328045942528454,1465.0,1012.0,2477.0,0.33168184252812,0.7658457811869197,4825.0,0.39253886010362693,0.9994720168954594,1894.0,2643.0,0.2205826712069618,0.00686106346483705,583.0
0.675,0.45,7468.0,0.33502945902517406,0.768970189701897,0.7543859649122807,0.7616780773070888,0.6411355115158007,0.7629896083133493,0.5899280575539568,0.41007194244604317,0.675,0.45,2502.0,1476.0,1026.0,0.6980303236560473,0.2194073726069125,0.6276137918385261,0.17621853240492766,0.28178975018641683,0.6253546564002098,1476.0,1026.0,2502.0,0.33502945902517406,0.7629896083133493,4825.0,0.39523316062176167,0.9926586261143157,1907.0,2643.0,0.22512296632614454,0.02689075630252101,595.0
0.675,0.475,7468.0,0.345607927155865,0.7615894039735099,0.742296918767507,0.7519431613705085,0.6411355115158007,0.7535838822161953,0.5850445563734986,0.41495544362650133,0.675,0.475,2581.0,1510.0,1071.0,0.6980303236560473,0.2194073726069125,0.6276137918385261,0.17528119978575257,0.29182762666522205,0.6006326467056223,1510.0,1071.0,2581.0,0.345607927155865,0.7535838822161953,4825.0,0.40414507772020725,0.9707692307692307,1950.0,2643.0,0.23874385168369278,0.08240887480190175,631.0
0.675,0.5,7468.0,0.38176218532404926,0.7334558823529411,0.7112387202625102,0.7223473013077257,0.6411355115158007,0.7239565064889513,0.5724307260610312,0.42756927393896876,0.675,0.5,2851.0,1632.0,1219.0,0.6980303236560473,0.2194073726069125,0.6276137918385261,0.17099625066952331,0.3246274284888185,0.5267461577893537,1632.0,1219.0,2851.0,0.38176218532404926,0.7239565064889513,4825.0,0.43544041450777204,0.9009995240361732,2101.0,2643.0,0.28376844494892167,0.228,750.0
0.7,0.25,7468.0,0.2688805570433851,0.7910447761194029,0.7718204488778054,0.7814326124986042,0.6411355115158007,0.7833665338645418,0.600597609561753,0.399402390438247,0.7,0.25,2008.0,1206.0,802.0,0.6980303236560473,0.2194073726069125,0.6276137918385261,0.1523835029459025,0.24134731622444303,0.6313867720998072,1206.0,802.0,2008.0,0.2688805570433851,0.7833665338645418,4825.0,0.3260103626943005,1.0,1573.0,2643.0,0.16458569807037457,0.0,435.0
0.7,0.275,7468.0,0.2688805570433851,0.7910447761194029,0.7718204488778054,0.7814326124986042,0.6411355115158007,0.7833665338645418,0.600597609561753,0.399402390438247,0.7,0.275,2008.0,1206.0,802.0,0.6980303236560473,0.2194073726069125,0.6276137918385261,0.1523835029459025,0.24134731622444303,0.6313867720998072,1206.0,802.0,2008.0,0.2688805570433851,0.7833665338645418,4825.0,0.3260103626943005,1.0,1573.0,2643.0,0.16458569807037457,0.0,435.0
0.7,0.3,7468.0,0.2688805570433851,0.7910447761194029,0.7718204488778054,0.7814326124986042,0.6411355115158007,0.7833665338645418,0.600597609561753,0.399402390438247,0.7,0.3,2008.0,1206.0,802.0,0.6980303236560473,0.2194073726069125,0.6276137918385261,0.1523835029459025,0.24134731622444303,0.6313867720998072,1206.0,802.0,2008.0,0.2688805570433851,0.7833665338645418,4825.0,0.3260103626943005,1.0,1573.0,2643.0,0.16458569807037457,0.0,435.0
0.7,0.325,7468.0,0.2688805570433851,0.7910447761194029,0.7718204488778054,0.7814326124986042,0.6411355115158007,0.7833665338645418,0.600597609561753,0.399402390438247,0.7,0.325,2008.0,1206.0,802.0,0.6980303236560473,0.2194073726069125,0.6276137918385261,0.1523835029459025,0.24134731622444303,0.6313867720998072,1206.0,802.0,2008.0,0.2688805570433851,0.7833665338645418,4825.0,0.3260103626943005,1.0,1573.0,2643.0,0.16458569807037457,0.0,435.0
0.7,0.35,7468.0,0.2688805570433851,0.7910447761194029,0.7718204488778054,0.7814326124986042,0.6411355115158007,0.7833665338645418,0.600597609561753,0.399402390438247,0.7,0.35,2008.0,1206.0,802.0,0.6980303236560473,0.2194073726069125,0.6276137918385261,0.1523835029459025,0.24134731622444303,0.6313867720998072,1206.0,802.0,2008.0,0.2688805570433851,0.7833665338645418,4825.0,0.3260103626943005,1.0,1573.0,2643.0,0.16458569807037457,0.0,435.0
0.7,0.375,7468.0,0.2688805570433851,0.7910447761194029,0.7718204488778054,0.7814326124986042,0.6411355115158007,0.7833665338645418,0.600597609561753,0.399402390438247,0.7,0.375,2008.0,1206.0,802.0,0.6980303236560473,0.2194073726069125,0.6276137918385261,0.1523835029459025,0.24134731622444303,0.6313867720998072,1206.0,802.0,2008.0,0.2688805570433851,0.7833665338645418,4825.0,0.3260103626943005,1.0,1573.0,2643.0,0.16458569807037457,0.0,435.0
0.7,0.4,7468.0,0.26901446170326726,0.7910447761194029,0.772104607721046,0.7815746919202244,0.6411355115158007,0.7834743653558984,0.600298656047785,0.399701343952215,0.7,0.4,2009.0,1206.0,803.0,0.6980303236560473,0.2194073726069125,0.6276137918385261,0.15251740760578467,0.24134731622444303,0.6319415935164151,1206.0,803.0,2009.0,0.26901446170326726,0.7834743653558984,4825.0,0.3260103626943005,1.0,1573.0,2643.0,0.16496405599697314,0.0022935779816513763,436.0
0.7,0.425,7468.0,0.26955008034279593,0.7913907284768212,0.7714285714285715,0.7814096499526964,0.6411355115158007,0.7834078489816195,0.6000993541977149,0.3999006458022851,0.7,0.425,2013.0,1208.0,805.0,0.6980303236560473,0.2194073726069125,0.6276137918385261,0.15278521692554903,0.24162456768429705,0.6323248434123464,1208.0,805.0,2013.0,0.26955008034279593,0.7834078489816195,4825.0,0.3262176165803109,0.9993646759847522,1574.0,2643.0,0.16609912977676883,0.009111617312072893,439.0
0.7,0.45,7468.0,0.27289769683985005,0.7875307629204266,0.7680097680097681,0.7777702654650973,0.6411355115158007,0.7796859666339548,0.5981354268891069,0.401864573110893,0.7,0.45,2038.0,1219.0,819.0,0.6980303236560473,0.2194073726069125,0.6276137918385261,0.15265131226566683,0.24520031053628705,0.6225575813170761,1219.0,819.0,2038.0,0.27289769683985005,0.7796859666339548,4825.0,0.3289119170984456,0.9911783238815375,1587.0,2643.0,0.17063942489595157,0.03547671840354767,451.0
0.7,0.475,7468.0,0.28347616497054096,0.7781324820430966,0.7523148148148148,0.7652236484289556,0.6411355115158007,0.7675956542276807,0.5918752952290978,0.40812470477090224,0.7,0.475,2117.0,1253.0,864.0,0.6980303236560473,0.2194073726069125,0.6276137918385261,0.15171397964649172,0.25667312415214927,0.5910785562284252,1253.0,864.0,2117.0,0.28347616497054096,0.7675956542276807,4825.0,0.3378238341968912,0.9650306748466257,1630.0,2643.0,0.18426031025349981,0.10677618069815195,487.0
0.7,0.5,7468.0,0.31963042313872525,0.7432727272727273,0.7134387351778656,0.7283557312252964,0.6411355115158007,0.7306242144951822,0.576036866359447,0.423963133640553,0.7,0.5,2387.0,1375.0,1012.0,0.6980303236560473,0.2194073726069125,0.6276137918385261,0.14742903053026246,0.29342920151926155,0.5024347602996997,1375.0,1012.0,2387.0,0.31963042313872525,0.7306242144951822,4825.0,0.36911917098445596,0.8832116788321168,1781.0,2643.0,0.2292849035187287,0.28217821782178215,606.0
0.725,0.25,7468.0,0.21344402785216926,0.797741273100616,0.782258064516129,0.7899996688083726,0.6411355115158007,0.7917189460476788,0.6110414052697616,0.3889585947302384,0.725,0.25,1594.0,974.0,620.0,0.6980303236560473,0.2194073726069125,0.6276137918385261,0.12453133369041243,0.21084673836907797,0.5906248996483208,974.0,620.0,1594.0,0.21344402785216926,0.7917189460476788,4825.0,0.26155440414507775,1.0,1262.0,2643.0,0.12561483163072265,0.0,332.0
0.725,0.275,7468.0,0.21344402785216926,0.797741273100616,0.782258064516129,0.7899996688083726,0.6411355115158007,0.7917189460476788,0.6110414052697616,0.3889585947302384,0.725,0.275,1594.0,974.0,620.0,0.6980303236560473,0.2194073726069125,0.6276137918385261,0.12453133369041243,0.21084673836907797,0.5906248996483208,974.0,620.0,1594.0,0.21344402785216926,0.7917189460476788,4825.0,0.26155440414507775,1.0,1262.0,2643.0,0.12561483163072265,0.0,332.0
0.725,0.3,7468.0,0.21344402785216926,0.797741273100616,0.782258064516129,0.7899996688083726,0.6411355115158007,0.7917189460476788,0.6110414052697616,0.3889585947302384,0.725,0.3,1594.0,974.0,620.0,0.6980303236560473,0.2194073726069125,0.6276137918385261,0.12453133369041243,0.21084673836907797,0.5906248996483208,974.0,620.0,1594.0,0.21344402785216926,0.7917189460476788,4825.0,0.26155440414507775,1.0,1262.0,2643.0,0.12561483163072265,0.0,332.0
0.725,0.325,7468.0,0.21344402785216926,0.797741273100616,0.782258064516129,0.7899996688083726,0.6411355115158007,0.7917189460476788,0.6110414052697616,0.3889585947302384,0.725,0.325,1594.0,974.0,620.0,0.6980303236560473,0.2194073726069125,0.6276137918385261,0.12453133369041243,0.21084673836907797,0.5906248996483208,974.0,620.0,1594.0,0.21344402785216926,0.7917189460476788,4825.0,0.26155440414507775,1.0,1262.0,2643.0,0.12561483163072265,0.0,332.0
0.725,0.35,7468.0,0.21344402785216926,0.797741273100616,0.782258064516129,0.7899996688083726,0.6411355115158007,0.7917189460476788,0.6110414052697616,0.3889585947302384,0.725,0.35,1594.0,974.0,620.0,0.6980303236560473,0.2194073726069125,0.6276137918385261,0.12453133369041243,0.21084673836907797,0.5906248996483208,974.0,620.0,1594.0,0.21344402785216926,0.7917189460476788,4825.0,0.26155440414507775,1.0,1262.0,2643.0,0.12561483163072265,0.0,332.0
0.725,0.375,7468.0,0.21344402785216926,0.797741273100616,0.782258064516129,0.7899996688083726,0.6411355115158007,0.7917189460476788,0.6110414052697616,0.3889585947302384,0.725,0.375,1594.0,974.0,620.0,0.6980303236560473,0.2194073726069125,0.6276137918385261,0.12453133369041243,0.21084673836907797,0.5906248996483208,974.0,620.0,1594.0,0.21344402785216926,0.7917189460476788,4825.0,0.26155440414507775,1.0,1262.0,2643.0,0.12561483163072265,0.0,332.0
0.725,0.4,7468.0,0.21357793251205143,0.797741273100616,0.782608695652174,0.790174984376395,0.6411355115158007,0.7918495297805642,0.6106583072100313,0.38934169278996866,0.725,0.4,1595.0,974.0,621.0,0.6980303236560473,0.2194073726069125,0.6276137918385261,0.12466523835029458,0.210846738369078,0.5912599801855769,974.0,621.0,1595.0,0.21357793251205143,0.7918495297805642,4825.0,0.26155440414507775,1.0,1262.0,2643.0,0.12599318955732122,0.003003003003003003,333.0
0.725,0.425,7468.0,0.21411355115158007,0.798155737704918,0.7817014446227929,0.7899285911638554,0.6411355115158007,0.7917448405253283,0.610381488430269,0.3896185115697311,0.725,0.425,1599.0,976.0,623.0,0.6980303236560473,0.2194073726069125,0.6276137918385261,0.12493304767005892,0.21116403988548943,0.5916397874269119,976.0,623.0,1599.0,0.21411355115158007,0.7917448405253283,4825.0,0.2617616580310881,0.9992082343626286,1263.0,2643.0,0.1271282633371169,0.011904761904761904,336.0
0.725,0.45,7468.0,0.21746116764863418,0.7933130699088146,0.7770800627943485,0.7851965663515815,0.6411355115158007,0.7869458128078818,0.6077586206896551,0.3922413793103448,0.725,0.45,1624.0,987.0,637.0,0.6980303236560473,0.2194073726069125,0.6276137918385261,0.12479914301017676,0.21524639908539403,0.5797966588080555,987.0,637.0,1624.0,0.21746116764863418,0.7869458128078818,4825.0,0.2644559585492228,0.9890282131661442,1276.0,2643.0,0.13166855845629966,0.04597701149425287,348.0
0.725,0.475,7468.0,0.22803963577932512,0.781586679725759,0.7565982404692082,0.7690924600974836,0.6411355115158007,0.7715795654726952,0.5995302407516148,0.4004697592483852,0.725,0.475,1703.0,1021.0,682.0,0.6980303236560473,0.2194073726069125,0.6276137918385261,0.12386181039100161,0.22822995573360164,0.5427061929397982,1021.0,682.0,1703.0,0.22803963577932512,0.7715795654726952,4825.0,0.2733678756476684,0.9567854435178166,1319.0,2643.0,0.1452894438138479,0.13541666666666666,384.0
0.725,0.5,7468.0,0.26419389394750936,0.7392825896762905,0.708433734939759,0.7238581623080247,0.6411355115158007,0.7263051191079575,0.5793208312214901,0.42067916877850986,0.725,0.5,1973.0,1143.0,830.0,0.6980303236560473,0.2194073726069125,0.6276137918385261,0.11957686127477238,0.2689024290265309,0.44468494281609666,1143.0,830.0,1973.0,0.26419389394750936,0.7263051191079575,4825.0,0.30466321243523314,0.8585034013605443,1470.0,2643.0,0.19031403707907682,0.3399602385685885,503.0
0.75,0.25,7468.0,0.16443492233529727,0.825,0.8055555555555556,0.8152777777777778,0.6411355115158007,0.8175895765472313,0.6188925081433225,0.3811074918566775,0.75,0.25,1228.0,760.0,468.0,0.6980303236560473,0.2194073726069125,0.6276137918385261,0.10444563470808785,0.17318961808839672,0.6030709915578101,760.0,468.0,1228.0,0.16443492233529727,0.8175895765472313,4825.0,0.20808290155440415,1.0,1004.0,2643.0,0.08475217555807794,0.0,224.0
0.75,0.275,7468.0,0.16443492233529727,0.825,0.8055555555555556,0.8152777777777778,0.6411355115158007,0.8175895765472313,0.6188925081433225,0.3811074918566775,0.75,0.275,1228.0,760.0,468.0,0.6980303236560473,0.2194073726069125,0.6276137918385261,0.10444563470808785,0.17318961808839672,0.6030709915578101,760.0,468.0,1228.0,0.16443492233529727,0.8175895765472313,4825.0,0.20808290155440415,1.0,1004.0,2643.0,0.08475217555807794,0.0,224.0
0.75,0.3,7468.0,0.16443492233529727,0.825,0.8055555555555556,0.8152777777777778,0.6411355115158007,0.8175895765472313,0.6188925081433225,0.3811074918566775,0.75,0.3,1228.0,760.0,468.0,0.6980303236560473,0.2194073726069125,0.6276137918385261,0.10444563470808785,0.17318961808839672,0.6030709915578101,760.0,468.0,1228.0,0.16443492233529727,0.8175895765472313,4825.0,0.20808290155440415,1.0,1004.0,2643.0,0.08475217555807794,0.0,224.0
0.75,0.325,7468.0,0.16443492233529727,0.825,0.8055555555555556,0.8152777777777778,0.6411355115158007,0.8175895765472313,0.6188925081433225,0.3811074918566775,0.75,0.325,1228.0,760.0,468.0,0.6980303236560473,0.2194073726069125,0.6276137918385261,0.10444563470808785,0.17318961808839672,0.6030709915578101,760.0,468.0,1228.0,0.16443492233529727,0.8175895765472313,4825.0,0.20808290155440415,1.0,1004.0,2643.0,0.08475217555807794,0.0,224.0
0.75,0.35,7468.0,0.16443492233529727,0.825,0.8055555555555556,0.8152777777777778,0.6411355115158007,0.8175895765472313,0.6188925081433225,0.3811074918566775,0.75,0.35,1228.0,760.0,468.0,0.6980303236560473,0.2194073726069125,0.6276137918385261,0.10444563470808785,0.17318961808839672,0.6030709915578101,760.0,468.0,1228.0,0.16443492233529727,0.8175895765472313,4825.0,0.20808290155440415,1.0,1004.0,2643.0,0.08475217555807794,0.0,224.0
0.75,0.375,7468.0,0.16443492233529727,0.825,0.8055555555555556,0.8152777777777778,0.6411355115158007,0.8175895765472313,0.6188925081433225,0.3811074918566775,0.75,0.375,1228.0,760.0,468.0,0.6980303236560473,0.2194073726069125,0.6276137918385261,0.10444563470808785,0.17318961808839672,0.6030709915578101,760.0,468.0,1228.0,0.16443492233529727,0.8175895765472313,4825.0,0.20808290155440415,1.0,1004.0,2643.0,0.08475217555807794,0.0,224.0
0.75,0.4,7468.0,0.16456882699517944,0.825,0.8059701492537313,0.8154850746268656,0.6411355115158007,0.8177379983726607,0.6183889340927583,0.38161106590724164,0.75,0.4,1229.0,760.0,469.0,0.6980303236560473,0.2194073726069125,0.6276137918385261,0.10457953936797001,0.17318961808839672,0.6038441594957047,760.0,469.0,1229.0,0.16456882699517944,0.8177379983726607,4825.0,0.20808290155440415,1.0,1004.0,2643.0,0.0851305334846765,0.0044444444444444444,225.0
0.75,0.425,7468.0,0.16510444563470808,0.8254593175853019,0.8046709129511678,0.8150651152682349,0.6411355115158007,0.8175182481751825,0.6180048661800487,0.3819951338199513,0.75,0.425,1233.0,762.0,471.0,0.6980303236560473,0.2194073726069125,0.6276137918385261,0.10484734868773433,0.1735757715624127,0.6040436850371962,762.0,471.0,1233.0,0.16510444563470808,0.8175182481751825,4825.0,0.20829015544041452,0.9990049751243781,1005.0,2643.0,0.08626560726447219,0.017543859649122806,228.0
0.75,0.45,7468.0,0.1684520621317622,0.8188874514877102,0.797938144329897,0.8084127979088036,0.6411355115158007,0.8108108108108109,0.6144674085850557,0.38553259141494434,0.75,0.45,1258.0,773.0,485.0,0.6980303236560473,0.2194073726069125,0.6276137918385261,0.1047134440278522,0.17851977215971065,0.586564965667621,773.0,485.0,1258.0,0.1684520621317622,0.8108108108108109,4825.0,0.21098445595854923,0.9862475442043221,1018.0,2643.0,0.09080590238365494,0.06666666666666667,240.0
0.75,0.475,7468.0,0.17903053026245314,0.8029739776951673,0.769811320754717,0.7863926492249422,0.6411355115158007,0.7898279730740464,0.6035901271503366,0.39640987284966345,0.75,0.475,1337.0,807.0,530.0,0.6980303236560473,0.2194073726069125,0.6276137918385261,0.10377611140867703,0.19397734256064045,0.5349908914039017,807.0,530.0,1337.0,0.17903053026245314,0.7898279730740464,4825.0,0.21989637305699483,0.946277097078228,1061.0,2643.0,0.10442678774120318,0.18840579710144928,276.0
0.75,0.5,7468.0,0.21518478843063737,0.7481162540365985,0.7079646017699115,0.7280404279032551,0.6411355115158007,0.731176104542626,0.5780958307405103,0.42190416925948976,0.75,0.5,1607.0,929.0,678.0,0.6980303236560473,0.2194073726069125,0.6276137918385261,0.09949116229244778,0.2405136442472543,0.4136611983234027,929.0,678.0,1607.0,0.21518478843063737,0.731176104542626,4825.0,0.2511917098445596,0.8283828382838284,1212.0,2643.0,0.14945138100643207,0.43291139240506327,395.0
