catboost_confidence,continuation_cutoff,sample_count,coverage,precision_up,precision_down,balanced_precision,all_sample_accuracy,accepted_sample_accuracy,share_up_predictions,share_down_predictions,selected_t_up,selected_t_down,accepted_count,up_prediction_count,down_prediction_count,roc_auc,brier_score,log_loss,utility,downside_risk,selection_score,up_signal_count,down_signal_count,total_signal_count,signal_coverage,overall_signal_accuracy,continuation_sample_count,continuation_coverage,continuation_accepted_accuracy,continuation_accepted_count,reversal_sample_count,reversal_coverage,reversal_accepted_accuracy,reversal_accepted_count
0.1,0.35,7468.0,1.0,0.6522169928164478,0.6435441562226756,0.6478805745195617,0.6501071237279057,0.6482324584895555,0.5405731119442957,0.45942688805570436,0.1,0.35,7468.0,4037.0,3431.0,0.7058910363334758,0.21755449978607114,0.623945993595267,0.2964649169791109,0.5930999422613734,0.49985659389671916,4037.0,3431.0,7468.0,1.0,0.6482324584895555,4825.0,1.0,0.9993782383419689,4825.0,2643.0,1.0,0.007188800605372683,2643.0
0.1,0.375,7468.0,1.0,0.6522169928164478,0.6435441562226756,0.6478805745195617,0.6501071237279057,0.6482324584895555,0.5405731119442957,0.45942688805570436,0.1,0.375,7468.0,4037.0,3431.0,0.7058910363334758,0.21755449978607114,0.623945993595267,0.2964649169791109,0.5930999422613734,0.49985659389671916,4037.0,3431.0,7468.0,1.0,0.6482324584895555,4825.0,1.0,0.9993782383419689,4825.0,2643.0,1.0,0.007188800605372683,2643.0
0.1,0.4,7468.0,1.0,0.6522169928164478,0.6435441562226756,0.6478805745195617,0.6501071237279057,0.6482324584895555,0.5405731119442957,0.45942688805570436,0.1,0.4,7468.0,4037.0,3431.0,0.7058910363334758,0.21755449978607114,0.623945993595267,0.2964649169791109,0.5930999422613734,0.49985659389671916,4037.0,3431.0,7468.0,1.0,0.6482324584895555,4825.0,1.0,0.9993782383419689,4825.0,2643.0,1.0,0.007188800605372683,2643.0
0.1,0.425,7468.0,0.9998660953401178,0.652378592666006,0.6435441562226756,0.6479613744443408,0.6501071237279057,0.6483192714610955,0.5405115843042722,0.45948841569572785,0.1,0.425,7467.0,4036.0,3431.0,0.7058910363334758,0.21755449978607114,0.623945993595267,0.296598821638993,0.5929870461068795,0.5001775731632665,4036.0,3431.0,7467.0,0.9998660953401178,0.6483192714610955,4825.0,1.0,0.9993782383419689,4825.0,2643.0,0.9996216420734014,0.007191521574564724,2642.0
0.1,0.45,7468.0,0.9989287627209427,0.6524435623914662,0.6436278798483522,0.6480357211199093,0.6501071237279057,0.6483914209115281,0.5403485254691689,0.4596514745308311,0.1,0.45,7460.0,4031.0,3429.0,0.7058910363334758,0.21755449978607114,0.623945993595267,0.2964649169791108,0.5926482286069165,0.500237582209574,4031.0,3429.0,7460.0,0.9989287627209427,0.6483914209115281,4825.0,0.9991709844559585,0.9993777224642191,4821.0,2643.0,0.9984865682936057,0.0071996968548692685,2639.0
0.1,0.475,7468.0,0.989421531869309,0.6537208719619143,0.644496762801648,0.6491088173817812,0.6501071237279057,0.6494789552036812,0.5401272161320883,0.45987278386791175,0.1,0.475,7389.0,3991.0,3398.0,0.7058910363334758,0.21755449978607114,0.623945993595267,0.29579539367970004,0.5889083707121207,0.5022774482251252,3991.0,3398.0,7389.0,0.989421531869309,0.6494789552036812,4825.0,0.9912953367875648,0.9993727785908426,4783.0,2643.0,0.9860007567158532,0.0072908672294704525,2606.0
0.1,0.5,7468.0,0.9467059453668988,0.6580392156862745,0.649306625577812,0.6536729206320433,0.6501071237279057,0.654031117397454,0.541018387553041,0.458981612446959,0.1,0.5,7070.0,3825.0,3245.0,0.7058910363334758,0.21755449978607114,0.623945993595267,0.2916443492233529,0.5723030648806391,0.5095977413368893,3825.0,3245.0,7070.0,0.9467059453668988,0.654031117397454,4825.0,0.9550259067357513,0.9993489583333334,4608.0,2643.0,0.9315172152856602,0.007717303005686434,2462.0
0.1,0.525,7468.0,0.8572576325656133,0.6705235753543535,0.6573853989813243,0.6639544871678389,0.6501071237279057,0.6644798500468604,0.5399875039050297,0.4600124960949703,0.1,0.525,6402.0,3457.0,2945.0,0.7058910363334758,0.21755449978607114,0.623945993595267,0.28200321371183723,0.536308875021557,0.5258223886384541,3457.0,2945.0,6402.0,0.8572576325656133,0.6644798500468604,4825.0,0.8783419689119171,0.9992921189240208,4238.0,2643.0,0.8187665531592887,0.00878003696857671,2164.0
0.1,0.55,7468.0,0.7517407605784682,0.6868752015478877,0.6740947075208914,0.6804849545343896,0.6501071237279057,0.6811542572141076,0.5523690773067331,0.4476309226932668,0.1,0.55,5614.0,3101.0,2513.0,0.7058910363334758,0.21755449978607114,0.623945993595267,0.27236207820032143,0.48958078106587616,0.5563169322279287,3101.0,2513.0,5614.0,0.7517407605784682,0.6811542572141076,4825.0,0.7892227979274612,0.9992121848739496,3808.0,2643.0,0.6833144154370034,0.010520487264673311,1806.0
0.1,0.575,7468.0,0.6711301553294055,0.7014978601997147,0.6915760869565217,0.6965369735781182,0.6501071237279057,0.6971268954509178,0.5594573024740622,0.4405426975259378,0.1,0.575,5012.0,2804.0,2208.0,0.7058910363334758,0.21755449978607114,0.623945993595267,0.2645956079271558,0.45085172030405385,0.5868794461928921,2804.0,2208.0,5012.0,0.6711301553294055,0.6971268954509178,4825.0,0.7208290155440414,0.9991374353076481,3478.0,2643.0,0.5804010594021944,0.012385919165580182,1534.0
0.1,0.6,7468.0,0.6238618103910016,0.7088846880907372,0.7030784508440914,0.7059815694674143,0.6501071237279057,0.7063747585318738,0.5677183945052586,0.43228160549474137,0.1,0.6,4659.0,2645.0,2014.0,0.7058910363334758,0.21755449978607114,0.623945993595267,0.25749866095340124,0.42799716671819243,0.6016363681279856,2645.0,2014.0,4659.0,0.6238618103910016,0.7063747585318738,4825.0,0.6787564766839378,0.9990839694656488,3275.0,2643.0,0.5236473704124102,0.013728323699421965,1384.0
0.1,0.625,7468.0,0.6009641135511515,0.7151775263363246,0.7101298701298702,0.7126536982330973,0.6501071237279057,0.7130124777183601,0.571078431372549,0.42892156862745096,0.1,0.625,4488.0,2563.0,1925.0,0.7058910363334758,0.21755449978607114,0.623945993595267,0.25602570969469735,0.4152941149694119,0.6164925060726052,2563.0,1925.0,4488.0,0.6009641135511515,0.7130124777183601,4825.0,0.6598963730569948,0.9990577889447236,3184.0,2643.0,0.49337873628452517,0.014570552147239263,1304.0
0.1,0.65,7468.0,0.5926620246384574,0.7158642462509865,0.7114164904862579,0.7136403683686222,0.6501071237279057,0.7139629462268414,0.5725259828287392,0.4274740171712607,0.1,0.65,4426.0,2534.0,1892.0,0.7058910363334758,0.21755449978607114,0.623945993595267,0.25361542581681845,0.4117320723611648,0.615971994511885,2534.0,1892.0,4426.0,0.5926620246384574,0.7139629462268414,4825.0,0.6516062176165803,0.9990458015267175,3144.0,2643.0,0.4850548618993568,0.014820592823712949,1282.0
0.1,0.675,7468.0,0.5903856454204607,0.7159810126582279,0.7118553960659224,0.7139182043620751,0.6501071237279057,0.7142209117713767,0.5733726468586982,0.4266273531413019,0.1,0.675,4409.0,2528.0,1881.0,0.7058910363334758,0.21755449978607114,0.623945993595267,0.2529459025174076,0.4107552451905228,0.6158068715594426,2528.0,1881.0,4409.0,0.5903856454204607,0.7142209117713767,4825.0,0.6493264248704663,0.999042451324609,3133.0,2643.0,0.48278471433976544,0.014890282131661442,1276.0
0.1,0.7,7468.0,0.5897161221210498,0.7159810126582279,0.7132196162046909,0.7146003144314594,0.6501071237279057,0.7148047229791099,0.5740236148955495,0.4259763851044505,0.1,0.7,4404.0,2528.0,1876.0,0.7058910363334758,0.21755449978607114,0.623945993595267,0.2533476164970541,0.41010273446052253,0.6177662210185579,2528.0,1876.0,4404.0,0.5897161221210498,0.7148047229791099,4825.0,0.6491191709844559,0.9990421455938697,3132.0,2643.0,0.48127128263337116,0.014937106918238994,1272.0
0.125,0.35,7468.0,1.0,0.6501111934766494,0.641917567962584,0.6460143807196167,0.6501071237279057,0.6463577932512051,0.5419121585431173,0.4580878414568827,0.125,0.35,7468.0,4047.0,3421.0,0.7058910363334758,0.21755449978607114,0.623945993595267,0.29271558650241025,0.594678237998327,0.4922251526938064,4047.0,3421.0,7468.0,1.0,0.6463577932512051,4825.0,1.0,0.9995854922279793,4825.0,2643.0,1.0,0.001513431706394249,2643.0
0.125,0.375,7468.0,1.0,0.6501111934766494,0.641917567962584,0.6460143807196167,0.6501071237279057,0.6463577932512051,0.5419121585431173,0.4580878414568827,0.125,0.375,7468.0,4047.0,3421.0,0.7058910363334758,0.21755449978607114,0.623945993595267,0.29271558650241025,0.594678237998327,0.4922251526938064,4047.0,3421.0,7468.0,1.0,0.6463577932512051,4825.0,1.0,0.9995854922279793,4825.0,2643.0,1.0,0.001513431706394249,2643.0
0.125,0.4,7468.0,1.0,0.6501111934766494,0.641917567962584,0.6460143807196167,0.6501071237279057,0.6463577932512051,0.5419121585431173,0.4580878414568827,0.125,0.4,7468.0,4047.0,3421.0,0.7058910363334758,0.21755449978607114,0.623945993595267,0.29271558650241025,0.594678237998327,0.4922251526938064,4047.0,3421.0,7468.0,1.0,0.6463577932512051,4825.0,1.0,0.9995854922279793,4825.0,2643.0,1.0,0.001513431706394249,2643.0
0.125,0.425,7468.0,0.9998660953401178,0.6502718734552645,0.641917567962584,0.6460947207089243,0.6501071237279057,0.6464443551627159,0.5418508102316861,0.4581491897683139,0.125,0.425,7467.0,4046.0,3421.0,0.7058910363334758,0.21755449978607114,0.623945993595267,0.29284949116229236,0.594565641530784,0.49254358258629705,4046.0,3421.0,7467.0,0.9998660953401178,0.6464443551627159,4825.0,1.0,0.9995854922279793,4825.0,2643.0,0.9996216420734014,0.001514004542013626,2642.0
0.125,0.45,7468.0,0.9987948580610605,0.6504950495049505,0.6420005849663645,0.6462478172356575,0.6501071237279057,0.6466014211020245,0.5416275640166243,0.4583724359833758,0.125,0.45,7459.0,4040.0,3419.0,0.7058910363334758,0.21755449978607114,0.623945993595267,0.29284949116229253,0.5941150422682328,0.4929171462217851,4040.0,3419.0,7459.0,0.9987948580610605,0.6466014211020245,4825.0,0.9991709844559585,0.9995851483094793,4821.0,2643.0,0.9981082103670071,0.001516300227445034,2638.0
0.125,0.475,7468.0,0.9892876272094269,0.65175,0.6428571428571429,0.6473035714285715,0.6501071237279057,0.6476719003789929,0.5414185165132648,0.4585814834867352,0.125,0.475,7388.0,4000.0,3388.0,0.7058910363334758,0.21755449978607114,0.623945993595267,0.29217996786288153,0.5903844761452257,0.4948977821547761,4000.0,3388.0,7388.0,0.9892876272094269,0.6476719003789929,4825.0,0.9912953367875648,0.9995818523938951,4783.0,2643.0,0.9856223987892546,0.0015355086372360845,2605.0
0.125,0.5,7468.0,0.9463042313872523,0.656054279749478,0.6476043276661515,0.6518293037078148,0.6501071237279057,0.6521862176312438,0.5422385736521862,0.4577614263478138,0.125,0.5,7067.0,3832.0,3235.0,0.7058910363334758,0.21755449978607114,0.623945993595267,0.28802892340653463,0.5737051978066425,0.502050398894259,3832.0,3235.0,7067.0,0.9463042313872523,0.6521862176312438,4825.0,0.9548186528497409,0.9995658780117213,4607.0,2643.0,0.9307604994324631,0.0016260162601626016,2460.0
0.125,0.525,7468.0,0.8544456347080879,0.6690793283149971,0.6559617355654254,0.6625205319402112,0.6501071237279057,0.6630622159536123,0.5412944679517318,0.4587055320482683,0.125,0.525,6381.0,3454.0,2927.0,0.7058910363334758,0.21755449978607114,0.623945993595267,0.27865559721478306,0.5365584951770426,0.5193387109132211,3454.0,2927.0,6381.0,0.8544456347080879,0.6630622159536123,4825.0,0.8764766839378239,0.999527074958619,4229.0,2643.0,0.814226258040106,0.0018587360594795538,2152.0
0.125,0.55,7468.0,0.7423674343867167,0.6861788617886179,0.6743620899149453,0.6802704758517816,0.6501071237279057,0.6809163059163059,0.5546536796536796,0.4453463203463203,0.125,0.55,5544.0,3075.0,2469.0,0.7058910363334758,0.21755449978607114,0.623945993595267,0.2686127477236208,0.4867004657194689,0.5519056722630044,3075.0,2469.0,5544.0,0.7423674343867167,0.6809163059163059,4825.0,0.7819689119170985,0.9994699178372648,3773.0,2643.0,0.6700718880060538,0.002258610954263128,1771.0
0.125,0.575,7468.0,0.64542046063203,0.7028423772609819,0.693983893889152,0.6984131355750669,0.6501071237279057,0.6989626556016597,0.5620331950207469,0.4379668049792531,0.125,0.575,4820.0,2709.0,2111.0,0.7058910363334758,0.21755449978607114,0.623945993595267,0.2568291376539903,0.4407898155459355,0.5826566962212985,2709.0,2111.0,4820.0,0.64542046063203,0.6989626556016597,4825.0,0.6978238341968912,0.9994059994059994,3367.0,2643.0,0.5497540673477109,0.0027529249827942187,1453.0
0.125,0.6,7468.0,0.5755222281735405,0.7153972153972153,0.7122844827586207,0.713840849077918,0.6501071237279057,0.7140530479292694,0.5681712424383434,0.43182875756165656,0.125,0.6,4298.0,2442.0,1856.0,0.7058910363334758,0.21755449978607114,0.623945993595267,0.24638457418318155,0.4056708357710466,0.6073509664920468,2442.0,1856.0,4298.0,0.5755222281735405,0.7140530479292694,4825.0,0.6356476683937824,0.9993478969677209,3067.0,2643.0,0.4657586076428301,0.003249390739236393,1231.0
0.125,0.625,7468.0,0.5333422603106588,0.7289024923480543,0.7246462264150944,0.7267743593815743,0.6501071237279057,0.7270901330655285,0.5741903088124529,0.4258096911875471,0.125,0.625,3983.0,2287.0,1696.0,0.7058910363334758,0.21755449978607114,0.623945993595267,0.24223352972683448,0.3815158781648703,0.63492384875828,2287.0,1696.0,3983.0,0.5333422603106588,0.7270901330655285,4825.0,0.5997927461139896,0.9993089149965446,2894.0,2643.0,0.4120317820658343,0.0036730945821854912,1089.0
0.125,0.65,7468.0,0.509775040171398,0.7335152341973624,0.7251243781094527,0.7293198061534076,0.6501071237279057,0.7299711058576307,0.5776201733648542,0.4223798266351458,0.125,0.65,3807.0,2199.0,1608.0,0.7058910363334758,0.21755449978607114,0.623945993595267,0.234467059453669,0.3710175068091322,0.6319568622789792,2199.0,1608.0,3807.0,0.509775040171398,0.7299711058576307,4825.0,0.5755440414507772,0.9992797983435362,2777.0,2643.0,0.38970866439651913,0.003883495145631068,1030.0
0.125,0.675,7468.0,0.5002678093197643,0.7362840018441679,0.7262284620293554,0.7312562319367617,0.6501071237279057,0.732066381156317,0.5805674518201285,0.4194325481798715,0.125,0.675,3736.0,2169.0,1567.0,0.7058910363334758,0.21755449978607114,0.623945993595267,0.23219068023567224,0.3661127757154154,0.6342053477427877,2169.0,1567.0,3736.0,0.5002678093197643,0.732066381156317,4825.0,0.5664248704663213,0.9992682034394438,2733.0,2643.0,0.3794930003783579,0.003988035892323031,1003.0
0.125,0.7,7468.0,0.4969201928227102,0.7353077279037482,0.727741935483871,0.7315248316938097,0.6501071237279057,0.732147669091889,0.5823228240366478,0.4176771759633522,0.125,0.7,3711.0,2161.0,1550.0,0.7058910363334758,0.21755449978607114,0.623945993595267,0.2307177289769684,0.364830415293011,0.6323971886819498,2161.0,1550.0,3711.0,0.4969201928227102,0.732147669091889,4825.0,0.5626943005181347,0.9992633517495396,2715.0,2643.0,0.376844494892168,0.004016064257028112,996.0
0.15,0.35,7468.0,1.0,0.649864096861873,0.6416252557731658,0.6457446763175194,0.6501071237279057,0.6460899839314408,0.5419121585431173,0.4580878414568827,0.15,0.35,7468.0,4047.0,3421.0,0.7058910363334758,0.21755449978607114,0.623945993595267,0.2921799678628816,0.5949033670005233,0.4911385345422404,4047.0,3421.0,7468.0,1.0,0.6460899839314408,4825.0,1.0,1.0,4825.0,2643.0,1.0,0.0,2643.0
0.15,0.375,7468.0,1.0,0.649864096861873,0.6416252557731658,0.6457446763175194,0.6501071237279057,0.6460899839314408,0.5419121585431173,0.4580878414568827,0.15,0.375,7468.0,4047.0,3421.0,0.7058910363334758,0.21755449978607114,0.623945993595267,0.2921799678628816,0.5949033670005233,0.4911385345422404,4047.0,3421.0,7468.0,1.0,0.6460899839314408,4825.0,1.0,1.0,4825.0,2643.0,1.0,0.0,2643.0
0.15,0.4,7468.0,1.0,0.649864096861873,0.6416252557731658,0.6457446763175194,0.6501071237279057,0.6460899839314408,0.5419121585431173,0.4580878414568827,0.15,0.4,7468.0,4047.0,3421.0,0.7058910363334758,0.21755449978607114,0.623945993595267,0.2921799678628816,0.5949033670005233,0.4911385345422404,4047.0,3421.0,7468.0,1.0,0.6460899839314408,4825.0,1.0,1.0,4825.0,2643.0,1.0,0.0,2643.0
0.15,0.425,7468.0,0.9998660953401178,0.6500247157686604,0.6416252557731658,0.6458249857709131,0.6501071237279057,0.6461765099772332,0.5418508102316861,0.4581491897683139,0.15,0.425,7467.0,4046.0,3421.0,0.7058910363334758,0.21755449978607114,0.623945993595267,0.29231387252276386,0.5947908131508732,0.491456602993322,4046.0,3421.0,7467.0,0.9998660953401178,0.6461765099772332,4825.0,1.0,1.0,4825.0,2643.0,0.9996216420734014,0.0,2642.0
0.15,0.45,7468.0,0.9987948580610605,0.6502475247524753,0.6417081017841474,0.6459778132683114,0.6501071237279057,0.6463332886445904,0.5416275640166243,0.4583724359833758,0.15,0.45,7459.0,4040.0,3419.0,0.7058910363334758,0.21755449978607114,0.623945993595267,0.2923138725227637,0.5943403846022483,0.4918290597371901,4040.0,3419.0,7459.0,0.9987948580610605,0.6463332886445904,4825.0,0.9991709844559585,1.0,4821.0,2643.0,0.9981082103670071,0.0,2638.0
0.15,0.475,7468.0,0.9892876272094269,0.6515,0.6425619834710744,0.6470309917355372,0.6501071237279057,0.6474011911207364,0.5414185165132648,0.4585814834867352,0.15,0.475,7388.0,4000.0,3388.0,0.7058910363334758,0.21755449978607114,0.623945993595267,0.291644349223353,0.5906112418444445,0.49380087705842635,4000.0,3388.0,7388.0,0.9892876272094269,0.6474011911207364,4825.0,0.9912953367875648,1.0,4783.0,2643.0,0.9856223987892546,0.0,2605.0
0.15,0.5,7468.0,0.946036422067488,0.6561357702349869,0.6472952086553323,0.6517154894451596,0.6501071237279057,0.6520877565463553,0.5421089879688605,0.4578910120311394,0.15,0.5,7065.0,3830.0,3235.0,0.7058910363334758,0.21755449978607114,0.623945993595267,0.2877611140867703,0.5737051978066425,0.5015835923866865,3830.0,3235.0,7065.0,0.946036422067488,0.6520877565463553,4825.0,0.9548186528497409,1.0,4607.0,2643.0,0.9300037835792659,0.0,2458.0
0.15,0.525,7468.0,0.853776111408677,0.6690814256737178,0.6557264957264958,0.6624039607001068,0.6501071237279057,0.6629548306148055,0.5412484316185696,0.4587515683814304,0.15,0.525,6376.0,3451.0,2925.0,0.7058910363334758,0.21755449978607114,0.623945993595267,0.2782538832351366,0.5364336996188533,0.5187106690590868,3451.0,2925.0,6376.0,0.853776111408677,0.6629548306148055,4825.0,0.8760621761658031,1.0,4227.0,2643.0,0.8130911842603102,0.0,2149.0
0.15,0.55,7468.0,0.7400910551687199,0.6863384414737529,0.6739837398373983,0.6801610906555756,0.6501071237279057,0.6808395151076534,0.5549122489596526,0.44508775104034737,0.15,0.55,5527.0,3067.0,2460.0,0.7058910363334758,0.21755449978607114,0.623945993595267,0.2676754151044457,0.48601216037475553,0.5507586783385129,3067.0,2460.0,5527.0,0.7400910551687199,0.6808395151076534,4825.0,0.7798963730569948,1.0,3763.0,2643.0,0.6674233825198638,0.0,1764.0
0.15,0.575,7468.0,0.6395286555972148,0.7024916325771662,0.6938188787733589,0.6981552556752626,0.6501071237279057,0.6987018425460636,0.5630234505862647,0.4369765494137353,0.15,0.575,4776.0,2689.0,2087.0,0.7058910363334758,0.21755449978607114,0.623945993595267,0.25415104445634706,0.4389633305532865,0.57898012605291,2689.0,2087.0,4776.0,0.6395286555972148,0.6987018425460636,4825.0,0.6916062176165804,1.0,3337.0,2643.0,0.544457056375331,0.0,1439.0
0.15,0.6,7468.0,0.5585163363685056,0.7160909856781803,0.7134112409571508,0.7147511133176656,0.6501071237279057,0.7149364660752817,0.5691680652121793,0.43083193478782067,0.15,0.6,4171.0,2374.0,1797.0,0.7058910363334758,0.21755449978607114,0.623945993595267,0.24009105516871987,0.39901458695127034,0.6017099700619241,2374.0,1797.0,4171.0,0.5585163363685056,0.7149364660752817,4825.0,0.6180310880829015,1.0,2982.0,2643.0,0.4498675747256905,0.0,1189.0
0.15,0.625,7468.0,0.4965184788430637,0.7329279700654817,0.7305732484076433,0.7317506092365624,0.6501071237279057,0.7319309600862999,0.5765911542610572,0.42340884573894283,0.15,0.625,3708.0,2138.0,1570.0,0.7058910363334758,0.21755449978607114,0.623945993595267,0.23031601499732188,0.364830415293011,0.6312960908490735,2138.0,1570.0,3708.0,0.4965184788430637,0.7319309600862999,4825.0,0.5624870466321243,1.0,2714.0,2643.0,0.3760877790389709,0.0,994.0
0.15,0.65,7468.0,0.450990894483128,0.7409484956654768,0.7327647476901208,0.7368566216777988,0.6501071237279057,0.7375296912114014,0.5822446555819477,0.41775534441805223,0.15,0.65,3368.0,1961.0,1407.0,0.7058910363334758,0.21755449978607114,0.623945993595267,0.21424745581146226,0.3440519137220906,0.6227183958770872,1961.0,1407.0,3368.0,0.450990894483128,0.7375296912114014,4825.0,0.5148186528497409,1.0,2484.0,2643.0,0.33446840711312903,0.0,884.0
0.15,0.675,7468.0,0.42755757900374936,0.7436034115138592,0.7327258921791951,0.7381646518465272,0.6501071237279057,0.7391168180394613,0.5875352333228938,0.4124647666771062,0.15,0.675,3193.0,1876.0,1317.0,0.7058910363334758,0.21755449978607114,0.623945993595267,0.20447241564006424,0.33397991209329125,0.6122296827928638,1876.0,1317.0,3193.0,0.42755757900374936,0.7391168180394613,4825.0,0.48911917098445595,1.0,2360.0,2643.0,0.31517215285660233,0.0,833.0
0.15,0.7,7468.0,0.4173808248527049,0.7456616052060737,0.7376276512175962,0.741644628211835,0.6501071237279057,0.7423804940648059,0.5915944818735964,0.4084055181264036,0.15,0.7,3117.0,1844.0,1273.0,0.7058910363334758,0.21755449978607114,0.623945993595267,0.20232994108194965,0.32791072243123986,0.6170275237778373,1844.0,1273.0,3117.0,0.4173808248527049,0.7423804940648059,4825.0,0.47958549222797925,1.0,2314.0,2643.0,0.30382141505864546,0.0,803.0
0.175,0.35,7468.0,1.0,0.649864096861873,0.6416252557731658,0.6457446763175194,0.6501071237279057,0.6460899839314408,0.5419121585431173,0.4580878414568827,0.175,0.35,7468.0,4047.0,3421.0,0.7058910363334758,0.21755449978607114,0.623945993595267,0.2921799678628816,0.5949033670005233,0.4911385345422404,4047.0,3421.0,7468.0,1.0,0.6460899839314408,4825.0,1.0,1.0,4825.0,2643.0,1.0,0.0,2643.0
0.175,0.375,7468.0,1.0,0.649864096861873,0.6416252557731658,0.6457446763175194,0.6501071237279057,0.6460899839314408,0.5419121585431173,0.4580878414568827,0.175,0.375,7468.0,4047.0,3421.0,0.7058910363334758,0.21755449978607114,0.623945993595267,0.2921799678628816,0.5949033670005233,0.4911385345422404,4047.0,3421.0,7468.0,1.0,0.6460899839314408,4825.0,1.0,1.0,4825.0,2643.0,1.0,0.0,2643.0
0.175,0.4,7468.0,1.0,0.649864096861873,0.6416252557731658,0.6457446763175194,0.6501071237279057,0.6460899839314408,0.5419121585431173,0.4580878414568827,0.175,0.4,7468.0,4047.0,3421.0,0.7058910363334758,0.21755449978607114,0.623945993595267,0.2921799678628816,0.5949033670005233,0.4911385345422404,4047.0,3421.0,7468.0,1.0,0.6460899839314408,4825.0,1.0,1.0,4825.0,2643.0,1.0,0.0,2643.0
0.175,0.425,7468.0,0.9998660953401178,0.6500247157686604,0.6416252557731658,0.6458249857709131,0.6501071237279057,0.6461765099772332,0.5418508102316861,0.4581491897683139,0.175,0.425,7467.0,4046.0,3421.0,0.7058910363334758,0.21755449978607114,0.623945993595267,0.29231387252276386,0.5947908131508732,0.491456602993322,4046.0,3421.0,7467.0,0.9998660953401178,0.6461765099772332,4825.0,1.0,1.0,4825.0,2643.0,0.9996216420734014,0.0,2642.0
0.175,0.45,7468.0,0.9987948580610605,0.6502475247524753,0.6417081017841474,0.6459778132683114,0.6501071237279057,0.6463332886445904,0.5416275640166243,0.4583724359833758,0.175,0.45,7459.0,4040.0,3419.0,0.7058910363334758,0.21755449978607114,0.623945993595267,0.2923138725227637,0.5943403846022483,0.4918290597371901,4040.0,3419.0,7459.0,0.9987948580610605,0.6463332886445904,4825.0,0.9991709844559585,1.0,4821.0,2643.0,0.9981082103670071,0.0,2638.0
0.175,0.475,7468.0,0.9892876272094269,0.6515,0.6425619834710744,0.6470309917355372,0.6501071237279057,0.6474011911207364,0.5414185165132648,0.4585814834867352,0.175,0.475,7388.0,4000.0,3388.0,0.7058910363334758,0.21755449978607114,0.623945993595267,0.291644349223353,0.5906112418444445,0.49380087705842635,4000.0,3388.0,7388.0,0.9892876272094269,0.6474011911207364,4825.0,0.9912953367875648,1.0,4783.0,2643.0,0.9856223987892546,0.0,2605.0
0.175,0.5,7468.0,0.946036422067488,0.6561357702349869,0.6472952086553323,0.6517154894451596,0.6501071237279057,0.6520877565463553,0.5421089879688605,0.4578910120311394,0.175,0.5,7065.0,3830.0,3235.0,0.7058910363334758,0.21755449978607114,0.623945993595267,0.2877611140867703,0.5737051978066425,0.5015835923866865,3830.0,3235.0,7065.0,0.946036422067488,0.6520877565463553,4825.0,0.9548186528497409,1.0,4607.0,2643.0,0.9300037835792659,0.0,2458.0
0.175,0.525,7468.0,0.853776111408677,0.6690814256737178,0.6557264957264958,0.6624039607001068,0.6501071237279057,0.6629548306148055,0.5412484316185696,0.4587515683814304,0.175,0.525,6376.0,3451.0,2925.0,0.7058910363334758,0.21755449978607114,0.623945993595267,0.2782538832351366,0.5364336996188533,0.5187106690590868,3451.0,2925.0,6376.0,0.853776111408677,0.6629548306148055,4825.0,0.8760621761658031,1.0,4227.0,2643.0,0.8130911842603102,0.0,2149.0
0.175,0.55,7468.0,0.7400910551687199,0.6863384414737529,0.6739837398373983,0.6801610906555756,0.6501071237279057,0.6808395151076534,0.5549122489596526,0.44508775104034737,0.175,0.55,5527.0,3067.0,2460.0,0.7058910363334758,0.21755449978607114,0.623945993595267,0.2676754151044457,0.48601216037475553,0.5507586783385129,3067.0,2460.0,5527.0,0.7400910551687199,0.6808395151076534,4825.0,0.7798963730569948,1.0,3763.0,2643.0,0.6674233825198638,0.0,1764.0
0.175,0.575,7468.0,0.6383235136582753,0.7026423520655005,0.6932692307692307,0.6979557914173656,0.6501071237279057,0.6985525487728131,0.5636668764422068,0.43633312355779313,0.175,0.575,4767.0,2687.0,2080.0,0.7058910363334758,0.21755449978607114,0.623945993595267,0.25348152115693634,0.43865817700194476,0.5778565964263617,2687.0,2080.0,4767.0,0.6383235136582753,0.6985525487728131,4825.0,0.6901554404145078,1.0,3330.0,2643.0,0.5437003405221339,0.0,1437.0
0.175,0.6,7468.0,0.5534279592929834,0.7165254237288136,0.7117879300620418,0.7141566768954277,0.6501071237279057,0.7144931042826035,0.5710137914347931,0.42898620856520686,0.175,0.6,4133.0,2360.0,1773.0,0.7058910363334758,0.21755449978607114,0.623945993595267,0.23741296197107664,0.3975015706396056,0.5972629531728991,2360.0,1773.0,4133.0,0.5534279592929834,0.7144931042826035,4825.0,0.6120207253886011,1.0,2953.0,2643.0,0.44646235338630347,0.0,1180.0
0.175,0.625,7468.0,0.48312801285484736,0.7351532567049809,0.7302631578947368,0.7327082072998589,0.6501071237279057,0.7330931263858093,0.5787139689578714,0.4212860310421286,0.175,0.625,3608.0,2088.0,1520.0,0.7058910363334758,0.21755449978607114,0.623945993595267,0.22522763792179962,0.3590963484449875,0.6272067062144014,2088.0,1520.0,3608.0,0.48312801285484736,0.7330931263858093,4825.0,0.5481865284974093,1.0,2645.0,2643.0,0.36435868331441545,0.0,963.0
0.175,0.65,7468.0,0.419925013390466,0.747546346782988,0.7380952380952381,0.742820792439113,0.6501071237279057,0.7436224489795918,0.5848214285714286,0.41517857142857145,0.175,0.65,3136.0,1834.0,1302.0,0.7058910363334758,0.21755449978607114,0.623945993595267,0.20460632029994646,0.3281148374354012,0.6235814323399169,1834.0,1302.0,3136.0,0.419925013390466,0.7436224489795918,4825.0,0.4833160621761658,1.0,2332.0,2643.0,0.30419977298524403,0.0,804.0
0.175,0.675,7468.0,0.37694161756829137,0.7560240963855421,0.7376623376623377,0.7468432170239399,0.6501071237279057,0.7484902309058614,0.5896980461811723,0.4103019538188277,0.175,0.675,2815.0,1660.0,1155.0,0.7058910363334758,0.21755449978607114,0.623945993595267,0.18733261917514726,0.30790339263569677,0.6084136247137566,1660.0,1155.0,2815.0,0.37694161756829137,0.7484902309058614,4825.0,0.4366839378238342,1.0,2107.0,2643.0,0.26787741203178206,0.0,708.0
0.175,0.7,7468.0,0.35069630423138726,0.7628865979381443,0.7450796626054358,0.7539831302717901,0.6501071237279057,0.7556319205803742,0.5925925925925926,0.4074074074074074,0.175,0.7,2619.0,1552.0,1067.0,0.7058910363334758,0.21755449978607114,0.623945993595267,0.17929833958221747,0.2927438852044307,0.6124750973261449,1552.0,1067.0,2619.0,0.35069630423138726,0.7556319205803742,4825.0,0.4101554404145078,1.0,1979.0,2643.0,0.24214907302307984,0.0,640.0
0.2,0.35,7468.0,1.0,0.649864096861873,0.6416252557731658,0.6457446763175194,0.6501071237279057,0.6460899839314408,0.5419121585431173,0.4580878414568827,0.2,0.35,7468.0,4047.0,3421.0,0.7058910363334758,0.21755449978607114,0.623945993595267,0.2921799678628816,0.5949033670005233,0.4911385345422404,4047.0,3421.0,7468.0,1.0,0.6460899839314408,4825.0,1.0,1.0,4825.0,2643.0,1.0,0.0,2643.0
0.2,0.375,7468.0,1.0,0.649864096861873,0.6416252557731658,0.6457446763175194,0.6501071237279057,0.6460899839314408,0.5419121585431173,0.4580878414568827,0.2,0.375,7468.0,4047.0,3421.0,0.7058910363334758,0.21755449978607114,0.623945993595267,0.2921799678628816,0.5949033670005233,0.4911385345422404,4047.0,3421.0,7468.0,1.0,0.6460899839314408,4825.0,1.0,1.0,4825.0,2643.0,1.0,0.0,2643.0
0.2,0.4,7468.0,1.0,0.649864096861873,0.6416252557731658,0.6457446763175194,0.6501071237279057,0.6460899839314408,0.5419121585431173,0.4580878414568827,0.2,0.4,7468.0,4047.0,3421.0,0.7058910363334758,0.21755449978607114,0.623945993595267,0.2921799678628816,0.5949033670005233,0.4911385345422404,4047.0,3421.0,7468.0,1.0,0.6460899839314408,4825.0,1.0,1.0,4825.0,2643.0,1.0,0.0,2643.0
0.2,0.425,7468.0,0.9998660953401178,0.6500247157686604,0.6416252557731658,0.6458249857709131,0.6501071237279057,0.6461765099772332,0.5418508102316861,0.4581491897683139,0.2,0.425,7467.0,4046.0,3421.0,0.7058910363334758,0.21755449978607114,0.623945993595267,0.29231387252276386,0.5947908131508732,0.491456602993322,4046.0,3421.0,7467.0,0.9998660953401178,0.6461765099772332,4825.0,1.0,1.0,4825.0,2643.0,0.9996216420734014,0.0,2642.0
0.2,0.45,7468.0,0.9987948580610605,0.6502475247524753,0.6417081017841474,0.6459778132683114,0.6501071237279057,0.6463332886445904,0.5416275640166243,0.4583724359833758,0.2,0.45,7459.0,4040.0,3419.0,0.7058910363334758,0.21755449978607114,0.623945993595267,0.2923138725227637,0.5943403846022483,0.4918290597371901,4040.0,3419.0,7459.0,0.9987948580610605,0.6463332886445904,4825.0,0.9991709844559585,1.0,4821.0,2643.0,0.9981082103670071,0.0,2638.0
0.2,0.475,7468.0,0.9892876272094269,0.6515,0.6425619834710744,0.6470309917355372,0.6501071237279057,0.6474011911207364,0.5414185165132648,0.4585814834867352,0.2,0.475,7388.0,4000.0,3388.0,0.7058910363334758,0.21755449978607114,0.623945993595267,0.291644349223353,0.5906112418444445,0.49380087705842635,4000.0,3388.0,7388.0,0.9892876272094269,0.6474011911207364,4825.0,0.9912953367875648,1.0,4783.0,2643.0,0.9856223987892546,0.0,2605.0
0.2,0.5,7468.0,0.946036422067488,0.6561357702349869,0.6472952086553323,0.6517154894451596,0.6501071237279057,0.6520877565463553,0.5421089879688605,0.4578910120311394,0.2,0.5,7065.0,3830.0,3235.0,0.7058910363334758,0.21755449978607114,0.623945993595267,0.2877611140867703,0.5737051978066425,0.5015835923866865,3830.0,3235.0,7065.0,0.946036422067488,0.6520877565463553,4825.0,0.9548186528497409,1.0,4607.0,2643.0,0.9300037835792659,0.0,2458.0
0.2,0.525,7468.0,0.853776111408677,0.6690814256737178,0.6557264957264958,0.6624039607001068,0.6501071237279057,0.6629548306148055,0.5412484316185696,0.4587515683814304,0.2,0.525,6376.0,3451.0,2925.0,0.7058910363334758,0.21755449978607114,0.623945993595267,0.2782538832351366,0.5364336996188533,0.5187106690590868,3451.0,2925.0,6376.0,0.853776111408677,0.6629548306148055,4825.0,0.8760621761658031,1.0,4227.0,2643.0,0.8130911842603102,0.0,2149.0
0.2,0.55,7468.0,0.7400910551687199,0.6863384414737529,0.6739837398373983,0.6801610906555756,0.6501071237279057,0.6808395151076534,0.5549122489596526,0.44508775104034737,0.2,0.55,5527.0,3067.0,2460.0,0.7058910363334758,0.21755449978607114,0.623945993595267,0.2676754151044457,0.48601216037475553,0.5507586783385129,3067.0,2460.0,5527.0,0.7400910551687199,0.6808395151076534,4825.0,0.7798963730569948,1.0,3763.0,2643.0,0.6674233825198638,0.0,1764.0
0.2,0.575,7468.0,0.6381896089983932,0.7026423520655005,0.6931216931216931,0.6978820225935969,0.6501071237279057,0.6984892992026857,0.5637851447754931,0.4362148552245069,0.2,0.575,4766.0,2687.0,2079.0,0.7058910363334758,0.21755449978607114,0.623945993595267,0.25334761649705406,0.4386581770019448,0.5775513367346412,2687.0,2079.0,4766.0,0.6381896089983932,0.6984892992026857,4825.0,0.6899481865284974,1.0,3329.0,2643.0,0.5437003405221339,0.0,1437.0
0.2,0.6,7468.0,0.552356722013926,0.716893039049236,0.7122668174109666,0.7145799282301013,0.6501071237279057,0.7149090909090909,0.5711515151515152,0.42884848484848487,0.2,0.6,4125.0,2356.0,1769.0,0.7058910363334758,0.21755449978607114,0.623945993595267,0.2374129619710766,0.39682726723528555,0.598277844224627,2356.0,1769.0,4125.0,0.552356722013926,0.7149090909090909,4825.0,0.6111917098445596,1.0,2949.0,2643.0,0.4449489216799092,0.0,1176.0
0.2,0.625,7468.0,0.48004820567755757,0.7358036573628489,0.7332448573324486,0.7345242573476487,0.6501071237279057,0.7347280334728034,0.5796373779637378,0.4203626220362622,0.2,0.625,3585.0,2078.0,1507.0,0.7058910363334758,0.21755449978607114,0.623945993595267,0.22536154258168184,0.3568519742805662,0.6315266800359546,2078.0,1507.0,3585.0,0.48004820567755757,0.7347280334728034,4825.0,0.5459067357512953,1.0,2634.0,2643.0,0.3598183881952327,0.0,951.0
0.2,0.65,7468.0,0.4092126405998929,0.750974930362117,0.746233148295004,0.7486040393285605,0.6501071237279057,0.7490183246073299,0.587369109947644,0.41263089005235604,0.2,0.65,3056.0,1795.0,1261.0,0.7058910363334758,0.21755449978607114,0.623945993595267,0.20380289234065346,0.3204760117850004,0.6359380572839252,1795.0,1261.0,3056.0,0.4092126405998929,0.7490183246073299,4825.0,0.4744041450777202,1.0,2289.0,2643.0,0.2902005297010972,0.0,767.0
0.2,0.675,7468.0,0.3544456347080878,0.7628734901462174,0.7467411545623837,0.7548073223543006,0.6501071237279057,0.7563279183981866,0.5942576501700038,0.40574234982999624,0.2,0.675,2647.0,1573.0,1074.0,0.7058910363334758,0.21755449978607114,0.623945993595267,0.18170862346009636,0.2938851912294931,0.6182979914704217,1573.0,1074.0,2647.0,0.3544456347080878,0.7563279183981866,4825.0,0.4149222797927461,1.0,2002.0,2643.0,0.24404086265607264,0.0,645.0
0.2,0.7,7468.0,0.30623995715050883,0.7714285714285715,0.7592190889370932,0.7653238301828323,0.6501071237279057,0.7665063401836467,0.5968517708788806,0.40314822912111936,0.2,0.7,2287.0,1365.0,922.0,0.7058910363334758,0.21755449978607114,0.623945993595267,0.1632297803963578,0.26740435369880483,0.6104230471139385,1365.0,922.0,2287.0,0.30623995715050883,0.7665063401836467,4825.0,0.3633160621761658,1.0,1753.0,2643.0,0.20204313280363223,0.0,534.0
0.225,0.35,7468.0,1.0,0.649864096861873,0.6416252557731658,0.6457446763175194,0.6501071237279057,0.6460899839314408,0.5419121585431173,0.4580878414568827,0.225,0.35,7468.0,4047.0,3421.0,0.7058910363334758,0.21755449978607114,0.623945993595267,0.2921799678628816,0.5949033670005233,0.4911385345422404,4047.0,3421.0,7468.0,1.0,0.6460899839314408,4825.0,1.0,1.0,4825.0,2643.0,1.0,0.0,2643.0
0.225,0.375,7468.0,1.0,0.649864096861873,0.6416252557731658,0.6457446763175194,0.6501071237279057,0.6460899839314408,0.5419121585431173,0.4580878414568827,0.225,0.375,7468.0,4047.0,3421.0,0.7058910363334758,0.21755449978607114,0.623945993595267,0.2921799678628816,0.5949033670005233,0.4911385345422404,4047.0,3421.0,7468.0,1.0,0.6460899839314408,4825.0,1.0,1.0,4825.0,2643.0,1.0,0.0,2643.0
0.225,0.4,7468.0,1.0,0.649864096861873,0.6416252557731658,0.6457446763175194,0.6501071237279057,0.6460899839314408,0.5419121585431173,0.4580878414568827,0.225,0.4,7468.0,4047.0,3421.0,0.7058910363334758,0.21755449978607114,0.623945993595267,0.2921799678628816,0.5949033670005233,0.4911385345422404,4047.0,3421.0,7468.0,1.0,0.6460899839314408,4825.0,1.0,1.0,4825.0,2643.0,1.0,0.0,2643.0
0.225,0.425,7468.0,0.9998660953401178,0.6500247157686604,0.6416252557731658,0.6458249857709131,0.6501071237279057,0.6461765099772332,0.5418508102316861,0.4581491897683139,0.225,0.425,7467.0,4046.0,3421.0,0.7058910363334758,0.21755449978607114,0.623945993595267,0.29231387252276386,0.5947908131508732,0.491456602993322,4046.0,3421.0,7467.0,0.9998660953401178,0.6461765099772332,4825.0,1.0,1.0,4825.0,2643.0,0.9996216420734014,0.0,2642.0
0.225,0.45,7468.0,0.9987948580610605,0.6502475247524753,0.6417081017841474,0.6459778132683114,0.6501071237279057,0.6463332886445904,0.5416275640166243,0.4583724359833758,0.225,0.45,7459.0,4040.0,3419.0,0.7058910363334758,0.21755449978607114,0.623945993595267,0.2923138725227637,0.5943403846022483,0.4918290597371901,4040.0,3419.0,7459.0,0.9987948580610605,0.6463332886445904,4825.0,0.9991709844559585,1.0,4821.0,2643.0,0.9981082103670071,0.0,2638.0
0.225,0.475,7468.0,0.9892876272094269,0.6515,0.6425619834710744,0.6470309917355372,0.6501071237279057,0.6474011911207364,0.5414185165132648,0.4585814834867352,0.225,0.475,7388.0,4000.0,3388.0,0.7058910363334758,0.21755449978607114,0.623945993595267,0.291644349223353,0.5906112418444445,0.49380087705842635,4000.0,3388.0,7388.0,0.9892876272094269,0.6474011911207364,4825.0,0.9912953367875648,1.0,4783.0,2643.0,0.9856223987892546,0.0,2605.0
0.225,0.5,7468.0,0.946036422067488,0.6561357702349869,0.6472952086553323,0.6517154894451596,0.6501071237279057,0.6520877565463553,0.5421089879688605,0.4578910120311394,0.225,0.5,7065.0,3830.0,3235.0,0.7058910363334758,0.21755449978607114,0.623945993595267,0.2877611140867703,0.5737051978066425,0.5015835923866865,3830.0,3235.0,7065.0,0.946036422067488,0.6520877565463553,4825.0,0.9548186528497409,1.0,4607.0,2643.0,0.9300037835792659,0.0,2458.0
0.225,0.525,7468.0,0.853776111408677,0.6690814256737178,0.6557264957264958,0.6624039607001068,0.6501071237279057,0.6629548306148055,0.5412484316185696,0.4587515683814304,0.225,0.525,6376.0,3451.0,2925.0,0.7058910363334758,0.21755449978607114,0.623945993595267,0.2782538832351366,0.5364336996188533,0.5187106690590868,3451.0,2925.0,6376.0,0.853776111408677,0.6629548306148055,4825.0,0.8760621761658031,1.0,4227.0,2643.0,0.8130911842603102,0.0,2149.0
0.225,0.55,7468.0,0.7400910551687199,0.6863384414737529,0.6739837398373983,0.6801610906555756,0.6501071237279057,0.6808395151076534,0.5549122489596526,0.44508775104034737,0.225,0.55,5527.0,3067.0,2460.0,0.7058910363334758,0.21755449978607114,0.623945993595267,0.2676754151044457,0.48601216037475553,0.5507586783385129,3067.0,2460.0,5527.0,0.7400910551687199,0.6808395151076534,4825.0,0.7798963730569948,1.0,3763.0,2643.0,0.6674233825198638,0.0,1764.0
0.225,0.575,7468.0,0.6381896089983932,0.7026423520655005,0.6931216931216931,0.6978820225935969,0.6501071237279057,0.6984892992026857,0.5637851447754931,0.4362148552245069,0.225,0.575,4766.0,2687.0,2079.0,0.7058910363334758,0.21755449978607114,0.623945993595267,0.25334761649705406,0.4386581770019448,0.5775513367346412,2687.0,2079.0,4766.0,0.6381896089983932,0.6984892992026857,4825.0,0.6899481865284974,1.0,3329.0,2643.0,0.5437003405221339,0.0,1437.0
0.225,0.6,7468.0,0.552356722013926,0.716893039049236,0.7122668174109666,0.7145799282301013,0.6501071237279057,0.7149090909090909,0.5711515151515152,0.42884848484848487,0.225,0.6,4125.0,2356.0,1769.0,0.7058910363334758,0.21755449978607114,0.623945993595267,0.2374129619710766,0.39682726723528555,0.598277844224627,2356.0,1769.0,4125.0,0.552356722013926,0.7149090909090909,4825.0,0.6111917098445596,1.0,2949.0,2643.0,0.4449489216799092,0.0,1176.0
0.225,0.625,7468.0,0.48004820567755757,0.7358036573628489,0.7332448573324486,0.7345242573476487,0.6501071237279057,0.7347280334728034,0.5796373779637378,0.4203626220362622,0.225,0.625,3585.0,2078.0,1507.0,0.7058910363334758,0.21755449978607114,0.623945993595267,0.22536154258168184,0.3568519742805662,0.6315266800359546,2078.0,1507.0,3585.0,0.48004820567755757,0.7347280334728034,4825.0,0.5459067357512953,1.0,2634.0,2643.0,0.3598183881952327,0.0,951.0
0.225,0.65,7468.0,0.4068023567220139,0.7533557046979866,0.7472,0.7502778523489932,0.6501071237279057,0.750822909809085,0.5885450954575379,0.41145490454246214,0.225,0.65,3038.0,1788.0,1250.0,0.7058910363334758,0.21755449978607114,0.623945993595267,0.2040707016604178,0.31838000491676305,0.640965822315914,1788.0,1250.0,3038.0,0.4068023567220139,0.750822909809085,4825.0,0.4727461139896373,1.0,2281.0,2643.0,0.2864169504351116,0.0,757.0
0.225,0.675,7468.0,0.3465452597750402,0.7645536869340233,0.7485604606525912,0.7565570737933072,0.6501071237279057,0.7581143740340031,0.5973724884080371,0.4026275115919629,0.225,0.675,2588.0,1546.0,1042.0,0.7058910363334758,0.21755449978607114,0.623945993595267,0.17889662560257097,0.2895242944663446,0.6178984942604414,1546.0,1042.0,2588.0,0.3465452597750402,0.7581143740340031,4825.0,0.4066321243523316,1.0,1962.0,2643.0,0.23685206205069997,0.0,626.0
0.225,0.7,7468.0,0.2868237814675951,0.7765709852598914,0.7631887456037515,0.7698798654318215,0.6501071237279057,0.7712418300653595,0.6017740429505135,0.39822595704948643,0.225,0.7,2142.0,1289.0,853.0,0.7058910363334758,0.21755449978607114,0.623945993595267,0.15559721478307448,0.2561508995538768,0.6074435617991939,1289.0,853.0,2142.0,0.2868237814675951,0.7712418300653595,4825.0,0.3423834196891192,1.0,1652.0,2643.0,0.1853953840332955,0.0,490.0
0.25,0.35,7468.0,1.0,0.649864096861873,0.6416252557731658,0.6457446763175194,0.6501071237279057,0.6460899839314408,0.5419121585431173,0.4580878414568827,0.25,0.35,7468.0,4047.0,3421.0,0.7058910363334758,0.21755449978607114,0.623945993595267,0.2921799678628816,0.5949033670005233,0.4911385345422404,4047.0,3421.0,7468.0,1.0,0.6460899839314408,4825.0,1.0,1.0,4825.0,2643.0,1.0,0.0,2643.0
0.25,0.375,7468.0,1.0,0.649864096861873,0.6416252557731658,0.6457446763175194,0.6501071237279057,0.6460899839314408,0.5419121585431173,0.4580878414568827,0.25,0.375,7468.0,4047.0,3421.0,0.7058910363334758,0.21755449978607114,0.623945993595267,0.2921799678628816,0.5949033670005233,0.4911385345422404,4047.0,3421.0,7468.0,1.0,0.6460899839314408,4825.0,1.0,1.0,4825.0,2643.0,1.0,0.0,2643.0
0.25,0.4,7468.0,1.0,0.649864096861873,0.6416252557731658,0.6457446763175194,0.6501071237279057,0.6460899839314408,0.5419121585431173,0.4580878414568827,0.25,0.4,7468.0,4047.0,3421.0,0.7058910363334758,0.21755449978607114,0.623945993595267,0.2921799678628816,0.5949033670005233,0.4911385345422404,4047.0,3421.0,7468.0,1.0,0.6460899839314408,4825.0,1.0,1.0,4825.0,2643.0,1.0,0.0,2643.0
0.25,0.425,7468.0,0.9998660953401178,0.6500247157686604,0.6416252557731658,0.6458249857709131,0.6501071237279057,0.6461765099772332,0.5418508102316861,0.4581491897683139,0.25,0.425,7467.0,4046.0,3421.0,0.7058910363334758,0.21755449978607114,0.623945993595267,0.29231387252276386,0.5947908131508732,0.491456602993322,4046.0,3421.0,7467.0,0.9998660953401178,0.6461765099772332,4825.0,1.0,1.0,4825.0,2643.0,0.9996216420734014,0.0,2642.0
0.25,0.45,7468.0,0.9987948580610605,0.6502475247524753,0.6417081017841474,0.6459778132683114,0.6501071237279057,0.6463332886445904,0.5416275640166243,0.4583724359833758,0.25,0.45,7459.0,4040.0,3419.0,0.7058910363334758,0.21755449978607114,0.623945993595267,0.2923138725227637,0.5943403846022483,0.4918290597371901,4040.0,3419.0,7459.0,0.9987948580610605,0.6463332886445904,4825.0,0.9991709844559585,1.0,4821.0,2643.0,0.9981082103670071,0.0,2638.0
0.25,0.475,7468.0,0.9892876272094269,0.6515,0.6425619834710744,0.6470309917355372,0.6501071237279057,0.6474011911207364,0.5414185165132648,0.4585814834867352,0.25,0.475,7388.0,4000.0,3388.0,0.7058910363334758,0.21755449978607114,0.623945993595267,0.291644349223353,0.5906112418444445,0.49380087705842635,4000.0,3388.0,7388.0,0.9892876272094269,0.6474011911207364,4825.0,0.9912953367875648,1.0,4783.0,2643.0,0.9856223987892546,0.0,2605.0
0.25,0.5,7468.0,0.946036422067488,0.6561357702349869,0.6472952086553323,0.6517154894451596,0.6501071237279057,0.6520877565463553,0.5421089879688605,0.4578910120311394,0.25,0.5,7065.0,3830.0,3235.0,0.7058910363334758,0.21755449978607114,0.623945993595267,0.2877611140867703,0.5737051978066425,0.5015835923866865,3830.0,3235.0,7065.0,0.946036422067488,0.6520877565463553,4825.0,0.9548186528497409,1.0,4607.0,2643.0,0.9300037835792659,0.0,2458.0
0.25,0.525,7468.0,0.853776111408677,0.6690814256737178,0.6557264957264958,0.6624039607001068,0.6501071237279057,0.6629548306148055,0.5412484316185696,0.4587515683814304,0.25,0.525,6376.0,3451.0,2925.0,0.7058910363334758,0.21755449978607114,0.623945993595267,0.2782538832351366,0.5364336996188533,0.5187106690590868,3451.0,2925.0,6376.0,0.853776111408677,0.6629548306148055,4825.0,0.8760621761658031,1.0,4227.0,2643.0,0.8130911842603102,0.0,2149.0
0.25,0.55,7468.0,0.7400910551687199,0.6863384414737529,0.6739837398373983,0.6801610906555756,0.6501071237279057,0.6808395151076534,0.5549122489596526,0.44508775104034737,0.25,0.55,5527.0,3067.0,2460.0,0.7058910363334758,0.21755449978607114,0.623945993595267,0.2676754151044457,0.48601216037475553,0.5507586783385129,3067.0,2460.0,5527.0,0.7400910551687199,0.6808395151076534,4825.0,0.7798963730569948,1.0,3763.0,2643.0,0.6674233825198638,0.0,1764.0
0.25,0.575,7468.0,0.6381896089983932,0.7026423520655005,0.6931216931216931,0.6978820225935969,0.6501071237279057,0.6984892992026857,0.5637851447754931,0.4362148552245069,0.25,0.575,4766.0,2687.0,2079.0,0.7058910363334758,0.21755449978607114,0.623945993595267,0.25334761649705406,0.4386581770019448,0.5775513367346412,2687.0,2079.0,4766.0,0.6381896089983932,0.6984892992026857,4825.0,0.6899481865284974,1.0,3329.0,2643.0,0.5437003405221339,0.0,1437.0
0.25,0.6,7468.0,0.552356722013926,0.716893039049236,0.7122668174109666,0.7145799282301013,0.6501071237279057,0.7149090909090909,0.5711515151515152,0.42884848484848487,0.25,0.6,4125.0,2356.0,1769.0,0.7058910363334758,0.21755449978607114,0.623945993595267,0.2374129619710766,0.39682726723528555,0.598277844224627,2356.0,1769.0,4125.0,0.552356722013926,0.7149090909090909,4825.0,0.6111917098445596,1.0,2949.0,2643.0,0.4449489216799092,0.0,1176.0
0.25,0.625,7468.0,0.4799143010176754,0.7358036573628489,0.7330677290836654,0.7344356932232572,0.6501071237279057,0.7346540178571429,0.5797991071428571,0.42020089285714285,0.25,0.625,3584.0,2078.0,1506.0,0.7058910363334758,0.21755449978607114,0.623945993595267,0.22522763792179973,0.35685197428056614,0.6311514413668902,2078.0,1506.0,3584.0,0.4799143010176754,0.7346540178571429,4825.0,0.5456994818652849,1.0,2633.0,2643.0,0.3598183881952327,0.0,951.0
0.25,0.65,7468.0,0.4064006427423674,0.7532176832680471,0.7467948717948718,0.7500062775314594,0.6501071237279057,0.7505766062602965,0.5887973640856672,0.41120263591433276,0.25,0.65,3035.0,1787.0,1248.0,0.7058910363334758,0.21755449978607114,0.623945993595267,0.2036689876807713,0.31838000491676305,0.6397040785711977,1787.0,1248.0,3035.0,0.4064006427423674,0.7505766062602965,4825.0,0.4721243523316062,1.0,2278.0,2643.0,0.2864169504351116,0.0,757.0
0.25,0.675,7468.0,0.34467059453668986,0.7651268705270007,0.7473481195756991,0.75623749505135,0.6501071237279057,0.7579642579642579,0.5971250971250971,0.40287490287490285,0.25,0.675,2574.0,1537.0,1037.0,0.7058910363334758,0.21755449978607114,0.623945993595267,0.17782538832351363,0.28882971299121585,0.6156755358785466,1537.0,1037.0,2574.0,0.34467059453668986,0.7579642579642579,4825.0,0.40435233160621764,1.0,1951.0,2643.0,0.2357169882709043,0.0,623.0
0.25,0.7,7468.0,0.2791912158543117,0.7772474144789181,0.7620772946859904,0.7696623545824542,0.6501071237279057,0.7712230215827338,0.6028776978417266,0.3971223021582734,0.25,0.7,2085.0,1257.0,828.0,0.7058910363334758,0.21755449978607114,0.623945993595267,0.15144617032672736,0.2527301382182034,0.5992406421903311,1257.0,828.0,2085.0,0.2791912158543117,0.7712230215827338,4825.0,0.3332642487046632,1.0,1608.0,2643.0,0.18047673098751418,0.0,477.0
0.275,0.35,7468.0,1.0,0.649864096861873,0.6416252557731658,0.6457446763175194,0.6501071237279057,0.6460899839314408,0.5419121585431173,0.4580878414568827,0.275,0.35,7468.0,4047.0,3421.0,0.7058910363334758,0.21755449978607114,0.623945993595267,0.2921799678628816,0.5949033670005233,0.4911385345422404,4047.0,3421.0,7468.0,1.0,0.6460899839314408,4825.0,1.0,1.0,4825.0,2643.0,1.0,0.0,2643.0
0.275,0.375,7468.0,1.0,0.649864096861873,0.6416252557731658,0.6457446763175194,0.6501071237279057,0.6460899839314408,0.5419121585431173,0.4580878414568827,0.275,0.375,7468.0,4047.0,3421.0,0.7058910363334758,0.21755449978607114,0.623945993595267,0.2921799678628816,0.5949033670005233,0.4911385345422404,4047.0,3421.0,7468.0,1.0,0.6460899839314408,4825.0,1.0,1.0,4825.0,2643.0,1.0,0.0,2643.0
0.275,0.4,7468.0,1.0,0.649864096861873,0.6416252557731658,0.6457446763175194,0.6501071237279057,0.6460899839314408,0.5419121585431173,0.4580878414568827,0.275,0.4,7468.0,4047.0,3421.0,0.7058910363334758,0.21755449978607114,0.623945993595267,0.2921799678628816,0.5949033670005233,0.4911385345422404,4047.0,3421.0,7468.0,1.0,0.6460899839314408,4825.0,1.0,1.0,4825.0,2643.0,1.0,0.0,2643.0
0.275,0.425,7468.0,0.9998660953401178,0.6500247157686604,0.6416252557731658,0.6458249857709131,0.6501071237279057,0.6461765099772332,0.5418508102316861,0.4581491897683139,0.275,0.425,7467.0,4046.0,3421.0,0.7058910363334758,0.21755449978607114,0.623945993595267,0.29231387252276386,0.5947908131508732,0.491456602993322,4046.0,3421.0,7467.0,0.9998660953401178,0.6461765099772332,4825.0,1.0,1.0,4825.0,2643.0,0.9996216420734014,0.0,2642.0
0.275,0.45,7468.0,0.9987948580610605,0.6502475247524753,0.6417081017841474,0.6459778132683114,0.6501071237279057,0.6463332886445904,0.5416275640166243,0.4583724359833758,0.275,0.45,7459.0,4040.0,3419.0,0.7058910363334758,0.21755449978607114,0.623945993595267,0.2923138725227637,0.5943403846022483,0.4918290597371901,4040.0,3419.0,7459.0,0.9987948580610605,0.6463332886445904,4825.0,0.9991709844559585,1.0,4821.0,2643.0,0.9981082103670071,0.0,2638.0
0.275,0.475,7468.0,0.9892876272094269,0.6515,0.6425619834710744,0.6470309917355372,0.6501071237279057,0.6474011911207364,0.5414185165132648,0.4585814834867352,0.275,0.475,7388.0,4000.0,3388.0,0.7058910363334758,0.21755449978607114,0.623945993595267,0.291644349223353,0.5906112418444445,0.49380087705842635,4000.0,3388.0,7388.0,0.9892876272094269,0.6474011911207364,4825.0,0.9912953367875648,1.0,4783.0,2643.0,0.9856223987892546,0.0,2605.0
0.275,0.5,7468.0,0.946036422067488,0.6561357702349869,0.6472952086553323,0.6517154894451596,0.6501071237279057,0.6520877565463553,0.5421089879688605,0.4578910120311394,0.275,0.5,7065.0,3830.0,3235.0,0.7058910363334758,0.21755449978607114,0.623945993595267,0.2877611140867703,0.5737051978066425,0.5015835923866865,3830.0,3235.0,7065.0,0.946036422067488,0.6520877565463553,4825.0,0.9548186528497409,1.0,4607.0,2643.0,0.9300037835792659,0.0,2458.0
0.275,0.525,7468.0,0.853776111408677,0.6690814256737178,0.6557264957264958,0.6624039607001068,0.6501071237279057,0.6629548306148055,0.5412484316185696,0.4587515683814304,0.275,0.525,6376.0,3451.0,2925.0,0.7058910363334758,0.21755449978607114,0.623945993595267,0.2782538832351366,0.5364336996188533,0.5187106690590868,3451.0,2925.0,6376.0,0.853776111408677,0.6629548306148055,4825.0,0.8760621761658031,1.0,4227.0,2643.0,0.8130911842603102,0.0,2149.0
0.275,0.55,7468.0,0.7400910551687199,0.6863384414737529,0.6739837398373983,0.6801610906555756,0.6501071237279057,0.6808395151076534,0.5549122489596526,0.44508775104034737,0.275,0.55,5527.0,3067.0,2460.0,0.7058910363334758,0.21755449978607114,0.623945993595267,0.2676754151044457,0.48601216037475553,0.5507586783385129,3067.0,2460.0,5527.0,0.7400910551687199,0.6808395151076534,4825.0,0.7798963730569948,1.0,3763.0,2643.0,0.6674233825198638,0.0,1764.0
0.275,0.575,7468.0,0.6381896089983932,0.7026423520655005,0.6931216931216931,0.6978820225935969,0.6501071237279057,0.6984892992026857,0.5637851447754931,0.4362148552245069,0.275,0.575,4766.0,2687.0,2079.0,0.7058910363334758,0.21755449978607114,0.623945993595267,0.25334761649705406,0.4386581770019448,0.5775513367346412,2687.0,2079.0,4766.0,0.6381896089983932,0.6984892992026857,4825.0,0.6899481865284974,1.0,3329.0,2643.0,0.5437003405221339,0.0,1437.0
0.275,0.6,7468.0,0.552356722013926,0.716893039049236,0.7122668174109666,0.7145799282301013,0.6501071237279057,0.7149090909090909,0.5711515151515152,0.42884848484848487,0.275,0.6,4125.0,2356.0,1769.0,0.7058910363334758,0.21755449978607114,0.623945993595267,0.2374129619710766,0.39682726723528555,0.598277844224627,2356.0,1769.0,4125.0,0.552356722013926,0.7149090909090909,4825.0,0.6111917098445596,1.0,2949.0,2643.0,0.4449489216799092,0.0,1176.0
0.275,0.625,7468.0,0.4799143010176754,0.7358036573628489,0.7330677290836654,0.7344356932232572,0.6501071237279057,0.7346540178571429,0.5797991071428571,0.42020089285714285,0.275,0.625,3584.0,2078.0,1506.0,0.7058910363334758,0.21755449978607114,0.623945993595267,0.22522763792179973,0.35685197428056614,0.6311514413668902,2078.0,1506.0,3584.0,0.4799143010176754,0.7346540178571429,4825.0,0.5456994818652849,1.0,2633.0,2643.0,0.3598183881952327,0.0,951.0
0.275,0.65,7468.0,0.4064006427423674,0.7532176832680471,0.7467948717948718,0.7500062775314594,0.6501071237279057,0.7505766062602965,0.5887973640856672,0.41120263591433276,0.275,0.65,3035.0,1787.0,1248.0,0.7058910363334758,0.21755449978607114,0.623945993595267,0.2036689876807713,0.31838000491676305,0.6397040785711977,1787.0,1248.0,3035.0,0.4064006427423674,0.7505766062602965,4825.0,0.4721243523316062,1.0,2278.0,2643.0,0.2864169504351116,0.0,757.0
0.275,0.675,7468.0,0.3444027852169255,0.7651268705270007,0.7478260869565218,0.7564764787417613,0.6501071237279057,0.7581648522550545,0.5975894245723172,0.4024105754276827,0.275,0.675,2572.0,1537.0,1035.0,0.7058910363334758,0.21755449978607114,0.623945993595267,0.1778253883235137,0.28859781434845605,0.6161702531426847,1537.0,1035.0,2572.0,0.3444027852169255,0.7581648522550545,4825.0,0.40414507772020725,1.0,1950.0,2643.0,0.23533863034430572,0.0,622.0
0.275,0.7,7468.0,0.2775843599357258,0.7763578274760383,0.7624847746650426,0.7694213010705404,0.6501071237279057,0.7708634828750603,0.6039556198745779,0.3960443801254221,0.275,0.7,2073.0,1252.0,821.0,0.7058910363334758,0.21755449978607114,0.623945993595267,0.1503749330476701,0.252199749095886,0.5962533015466949,1252.0,821.0,2073.0,0.2775843599357258,0.7708634828750603,4825.0,0.3311917098445596,1.0,1598.0,2643.0,0.17972001513431707,0.0,475.0
0.3,0.35,7468.0,1.0,0.649864096861873,0.6416252557731658,0.6457446763175194,0.6501071237279057,0.6460899839314408,0.5419121585431173,0.4580878414568827,0.3,0.35,7468.0,4047.0,3421.0,0.7058910363334758,0.21755449978607114,0.623945993595267,0.2921799678628816,0.5949033670005233,0.4911385345422404,4047.0,3421.0,7468.0,1.0,0.6460899839314408,4825.0,1.0,1.0,4825.0,2643.0,1.0,0.0,2643.0
0.3,0.375,7468.0,1.0,0.649864096861873,0.6416252557731658,0.6457446763175194,0.6501071237279057,0.6460899839314408,0.5419121585431173,0.4580878414568827,0.3,0.375,7468.0,4047.0,3421.0,0.7058910363334758,0.21755449978607114,0.623945993595267,0.2921799678628816,0.5949033670005233,0.4911385345422404,4047.0,3421.0,7468.0,1.0,0.6460899839314408,4825.0,1.0,1.0,4825.0,2643.0,1.0,0.0,2643.0
0.3,0.4,7468.0,1.0,0.649864096861873,0.6416252557731658,0.6457446763175194,0.6501071237279057,0.6460899839314408,0.5419121585431173,0.4580878414568827,0.3,0.4,7468.0,4047.0,3421.0,0.7058910363334758,0.21755449978607114,0.623945993595267,0.2921799678628816,0.5949033670005233,0.4911385345422404,4047.0,3421.0,7468.0,1.0,0.6460899839314408,4825.0,1.0,1.0,4825.0,2643.0,1.0,0.0,2643.0
0.3,0.425,7468.0,0.9998660953401178,0.6500247157686604,0.6416252557731658,0.6458249857709131,0.6501071237279057,0.6461765099772332,0.5418508102316861,0.4581491897683139,0.3,0.425,7467.0,4046.0,3421.0,0.7058910363334758,0.21755449978607114,0.623945993595267,0.29231387252276386,0.5947908131508732,0.491456602993322,4046.0,3421.0,7467.0,0.9998660953401178,0.6461765099772332,4825.0,1.0,1.0,4825.0,2643.0,0.9996216420734014,0.0,2642.0
0.3,0.45,7468.0,0.9987948580610605,0.6502475247524753,0.6417081017841474,0.6459778132683114,0.6501071237279057,0.6463332886445904,0.5416275640166243,0.4583724359833758,0.3,0.45,7459.0,4040.0,3419.0,0.7058910363334758,0.21755449978607114,0.623945993595267,0.2923138725227637,0.5943403846022483,0.4918290597371901,4040.0,3419.0,7459.0,0.9987948580610605,0.6463332886445904,4825.0,0.9991709844559585,1.0,4821.0,2643.0,0.9981082103670071,0.0,2638.0
0.3,0.475,7468.0,0.9892876272094269,0.6515,0.6425619834710744,0.6470309917355372,0.6501071237279057,0.6474011911207364,0.5414185165132648,0.4585814834867352,0.3,0.475,7388.0,4000.0,3388.0,0.7058910363334758,0.21755449978607114,0.623945993595267,0.291644349223353,0.5906112418444445,0.49380087705842635,4000.0,3388.0,7388.0,0.9892876272094269,0.6474011911207364,4825.0,0.9912953367875648,1.0,4783.0,2643.0,0.9856223987892546,0.0,2605.0
0.3,0.5,7468.0,0.946036422067488,0.6561357702349869,0.6472952086553323,0.6517154894451596,0.6501071237279057,0.6520877565463553,0.5421089879688605,0.4578910120311394,0.3,0.5,7065.0,3830.0,3235.0,0.7058910363334758,0.21755449978607114,0.623945993595267,0.2877611140867703,0.5737051978066425,0.5015835923866865,3830.0,3235.0,7065.0,0.946036422067488,0.6520877565463553,4825.0,0.9548186528497409,1.0,4607.0,2643.0,0.9300037835792659,0.0,2458.0
0.3,0.525,7468.0,0.853776111408677,0.6690814256737178,0.6557264957264958,0.6624039607001068,0.6501071237279057,0.6629548306148055,0.5412484316185696,0.4587515683814304,0.3,0.525,6376.0,3451.0,2925.0,0.7058910363334758,0.21755449978607114,0.623945993595267,0.2782538832351366,0.5364336996188533,0.5187106690590868,3451.0,2925.0,6376.0,0.853776111408677,0.6629548306148055,4825.0,0.8760621761658031,1.0,4227.0,2643.0,0.8130911842603102,0.0,2149.0
0.3,0.55,7468.0,0.7400910551687199,0.6863384414737529,0.6739837398373983,0.6801610906555756,0.6501071237279057,0.6808395151076534,0.5549122489596526,0.44508775104034737,0.3,0.55,5527.0,3067.0,2460.0,0.7058910363334758,0.21755449978607114,0.623945993595267,0.2676754151044457,0.48601216037475553,0.5507586783385129,3067.0,2460.0,5527.0,0.7400910551687199,0.6808395151076534,4825.0,0.7798963730569948,1.0,3763.0,2643.0,0.6674233825198638,0.0,1764.0
0.3,0.575,7468.0,0.6381896089983932,0.7026423520655005,0.6931216931216931,0.6978820225935969,0.6501071237279057,0.6984892992026857,0.5637851447754931,0.4362148552245069,0.3,0.575,4766.0,2687.0,2079.0,0.7058910363334758,0.21755449978607114,0.623945993595267,0.25334761649705406,0.4386581770019448,0.5775513367346412,2687.0,2079.0,4766.0,0.6381896089983932,0.6984892992026857,4825.0,0.6899481865284974,1.0,3329.0,2643.0,0.5437003405221339,0.0,1437.0
0.3,0.6,7468.0,0.5522228173540439,0.716893039049236,0.7121040723981901,0.714498555723713,0.6501071237279057,0.7148399612027158,0.5712900096993211,0.42870999030067897,0.3,0.6,4124.0,2356.0,1768.0,0.7058910363334758,0.21755449978607114,0.623945993595267,0.23727905731119436,0.3968272672352856,0.5979404060722158,2356.0,1768.0,4124.0,0.5522228173540439,0.7148399612027158,4825.0,0.6109844559585492,1.0,2948.0,2643.0,0.4449489216799092,0.0,1176.0
0.3,0.625,7468.0,0.47978039635779324,0.7358036573628489,0.7328903654485049,0.7343470114056769,0.6501071237279057,0.7345799609265978,0.5799609265978231,0.42003907340217694,0.3,0.625,3583.0,2078.0,1505.0,0.7058910363334758,0.21755449978607114,0.623945993595267,0.2250937332619175,0.3568519742805662,0.6307762026978251,2078.0,1505.0,3583.0,0.47978039635779324,0.7345799609265978,4825.0,0.5454922279792747,1.0,2632.0,2643.0,0.3598183881952327,0.0,951.0
0.3,0.65,7468.0,0.40626673808248526,0.7532176832680471,0.7465918203688853,0.7499047518184662,0.6501071237279057,0.7504943968358603,0.5889914304548451,0.4110085695451549,0.3,0.65,3034.0,1787.0,1247.0,0.7058910363334758,0.21755449978607114,0.623945993595267,0.20353508302088913,0.31838000491676305,0.6392834973229589,1787.0,1247.0,3034.0,0.40626673808248526,0.7504943968358603,4825.0,0.4719170984455959,1.0,2277.0,2643.0,0.2864169504351116,0.0,757.0
0.3,0.675,7468.0,0.3442688805570434,0.7651268705270007,0.7475822050290135,0.7563545377780071,0.6501071237279057,0.7580707895760405,0.5978218591987553,0.40217814080124464,0.3,0.675,2571.0,1537.0,1034.0,0.7058910363334758,0.21755449978607114,0.623945993595267,0.17769148366363152,0.2885978143484561,0.6157062695183302,1537.0,1034.0,2571.0,0.3442688805570434,0.7580707895760405,4825.0,0.4039378238341969,1.0,1949.0,2643.0,0.23533863034430572,0.0,622.0
0.3,0.7,7468.0,0.27731655061596144,0.7763578274760383,0.7619047619047619,0.7691312946904001,0.6501071237279057,0.7706422018348624,0.6045388701110574,0.39546112988894255,0.3,0.7,2071.0,1252.0,819.0,0.7058910363334758,0.21755449978607114,0.623945993595267,0.15010712372790577,0.252199749095886,0.5951914078662911,1252.0,819.0,2071.0,0.27731655061596144,0.7706422018348624,4825.0,0.33077720207253886,1.0,1596.0,2643.0,0.17972001513431707,0.0,475.0
0.325,0.35,7468.0,1.0,0.649864096861873,0.6416252557731658,0.6457446763175194,0.6501071237279057,0.6460899839314408,0.5419121585431173,0.4580878414568827,0.325,0.35,7468.0,4047.0,3421.0,0.7058910363334758,0.21755449978607114,0.623945993595267,0.2921799678628816,0.5949033670005233,0.4911385345422404,4047.0,3421.0,7468.0,1.0,0.6460899839314408,4825.0,1.0,1.0,4825.0,2643.0,1.0,0.0,2643.0
0.325,0.375,7468.0,1.0,0.649864096861873,0.6416252557731658,0.6457446763175194,0.6501071237279057,0.6460899839314408,0.5419121585431173,0.4580878414568827,0.325,0.375,7468.0,4047.0,3421.0,0.7058910363334758,0.21755449978607114,0.623945993595267,0.2921799678628816,0.5949033670005233,0.4911385345422404,4047.0,3421.0,7468.0,1.0,0.6460899839314408,4825.0,1.0,1.0,4825.0,2643.0,1.0,0.0,2643.0
0.325,0.4,7468.0,1.0,0.649864096861873,0.6416252557731658,0.6457446763175194,0.6501071237279057,0.6460899839314408,0.5419121585431173,0.4580878414568827,0.325,0.4,7468.0,4047.0,3421.0,0.7058910363334758,0.21755449978607114,0.623945993595267,0.2921799678628816,0.5949033670005233,0.4911385345422404,4047.0,3421.0,7468.0,1.0,0.6460899839314408,4825.0,1.0,1.0,4825.0,2643.0,1.0,0.0,2643.0
0.325,0.425,7468.0,0.9998660953401178,0.6500247157686604,0.6416252557731658,0.6458249857709131,0.6501071237279057,0.6461765099772332,0.5418508102316861,0.4581491897683139,0.325,0.425,7467.0,4046.0,3421.0,0.7058910363334758,0.21755449978607114,0.623945993595267,0.29231387252276386,0.5947908131508732,0.491456602993322,4046.0,3421.0,7467.0,0.9998660953401178,0.6461765099772332,4825.0,1.0,1.0,4825.0,2643.0,0.9996216420734014,0.0,2642.0
0.325,0.45,7468.0,0.9987948580610605,0.6502475247524753,0.6417081017841474,0.6459778132683114,0.6501071237279057,0.6463332886445904,0.5416275640166243,0.4583724359833758,0.325,0.45,7459.0,4040.0,3419.0,0.7058910363334758,0.21755449978607114,0.623945993595267,0.2923138725227637,0.5943403846022483,0.4918290597371901,4040.0,3419.0,7459.0,0.9987948580610605,0.6463332886445904,4825.0,0.9991709844559585,1.0,4821.0,2643.0,0.9981082103670071,0.0,2638.0
0.325,0.475,7468.0,0.9892876272094269,0.6515,0.6425619834710744,0.6470309917355372,0.6501071237279057,0.6474011911207364,0.5414185165132648,0.4585814834867352,0.325,0.475,7388.0,4000.0,3388.0,0.7058910363334758,0.21755449978607114,0.623945993595267,0.291644349223353,0.5906112418444445,0.49380087705842635,4000.0,3388.0,7388.0,0.9892876272094269,0.6474011911207364,4825.0,0.9912953367875648,1.0,4783.0,2643.0,0.9856223987892546,0.0,2605.0
0.325,0.5,7468.0,0.946036422067488,0.6561357702349869,0.6472952086553323,0.6517154894451596,0.6501071237279057,0.6520877565463553,0.5421089879688605,0.4578910120311394,0.325,0.5,7065.0,3830.0,3235.0,0.7058910363334758,0.21755449978607114,0.623945993595267,0.2877611140867703,0.5737051978066425,0.5015835923866865,3830.0,3235.0,7065.0,0.946036422067488,0.6520877565463553,4825.0,0.9548186528497409,1.0,4607.0,2643.0,0.9300037835792659,0.0,2458.0
0.325,0.525,7468.0,0.853776111408677,0.6690814256737178,0.6557264957264958,0.6624039607001068,0.6501071237279057,0.6629548306148055,0.5412484316185696,0.4587515683814304,0.325,0.525,6376.0,3451.0,2925.0,0.7058910363334758,0.21755449978607114,0.623945993595267,0.2782538832351366,0.5364336996188533,0.5187106690590868,3451.0,2925.0,6376.0,0.853776111408677,0.6629548306148055,4825.0,0.8760621761658031,1.0,4227.0,2643.0,0.8130911842603102,0.0,2149.0
0.325,0.55,7468.0,0.7400910551687199,0.6863384414737529,0.6739837398373983,0.6801610906555756,0.6501071237279057,0.6808395151076534,0.5549122489596526,0.44508775104034737,0.325,0.55,5527.0,3067.0,2460.0,0.7058910363334758,0.21755449978607114,0.623945993595267,0.2676754151044457,0.48601216037475553,0.5507586783385129,3067.0,2460.0,5527.0,0.7400910551687199,0.6808395151076534,4825.0,0.7798963730569948,1.0,3763.0,2643.0,0.6674233825198638,0.0,1764.0
0.325,0.575,7468.0,0.6381896089983932,0.7026423520655005,0.6931216931216931,0.6978820225935969,0.6501071237279057,0.6984892992026857,0.5637851447754931,0.4362148552245069,0.325,0.575,4766.0,2687.0,2079.0,0.7058910363334758,0.21755449978607114,0.623945993595267,0.25334761649705406,0.4386581770019448,0.5775513367346412,2687.0,2079.0,4766.0,0.6381896089983932,0.6984892992026857,4825.0,0.6899481865284974,1.0,3329.0,2643.0,0.5437003405221339,0.0,1437.0
0.325,0.6,7468.0,0.5522228173540439,0.716893039049236,0.7121040723981901,0.714498555723713,0.6501071237279057,0.7148399612027158,0.5712900096993211,0.42870999030067897,0.325,0.6,4124.0,2356.0,1768.0,0.7058910363334758,0.21755449978607114,0.623945993595267,0.23727905731119436,0.3968272672352856,0.5979404060722158,2356.0,1768.0,4124.0,0.5522228173540439,0.7148399612027158,4825.0,0.6109844559585492,1.0,2948.0,2643.0,0.4449489216799092,0.0,1176.0
0.325,0.625,7468.0,0.47978039635779324,0.7358036573628489,0.7328903654485049,0.7343470114056769,0.6501071237279057,0.7345799609265978,0.5799609265978231,0.42003907340217694,0.325,0.625,3583.0,2078.0,1505.0,0.7058910363334758,0.21755449978607114,0.623945993595267,0.2250937332619175,0.3568519742805662,0.6307762026978251,2078.0,1505.0,3583.0,0.47978039635779324,0.7345799609265978,4825.0,0.5454922279792747,1.0,2632.0,2643.0,0.3598183881952327,0.0,951.0
0.325,0.65,7468.0,0.40626673808248526,0.7532176832680471,0.7465918203688853,0.7499047518184662,0.6501071237279057,0.7504943968358603,0.5889914304548451,0.4110085695451549,0.325,0.65,3034.0,1787.0,1247.0,0.7058910363334758,0.21755449978607114,0.623945993595267,0.20353508302088913,0.31838000491676305,0.6392834973229589,1787.0,1247.0,3034.0,0.40626673808248526,0.7504943968358603,4825.0,0.4719170984455959,1.0,2277.0,2643.0,0.2864169504351116,0.0,757.0
0.325,0.675,7468.0,0.3442688805570434,0.7651268705270007,0.7475822050290135,0.7563545377780071,0.6501071237279057,0.7580707895760405,0.5978218591987553,0.40217814080124464,0.325,0.675,2571.0,1537.0,1034.0,0.7058910363334758,0.21755449978607114,0.623945993595267,0.17769148366363152,0.2885978143484561,0.6157062695183302,1537.0,1034.0,2571.0,0.3442688805570434,0.7580707895760405,4825.0,0.4039378238341969,1.0,1949.0,2643.0,0.23533863034430572,0.0,622.0
0.325,0.7,7468.0,0.27731655061596144,0.7763578274760383,0.7619047619047619,0.7691312946904001,0.6501071237279057,0.7706422018348624,0.6045388701110574,0.39546112988894255,0.325,0.7,2071.0,1252.0,819.0,0.7058910363334758,0.21755449978607114,0.623945993595267,0.15010712372790577,0.252199749095886,0.5951914078662911,1252.0,819.0,2071.0,0.27731655061596144,0.7706422018348624,4825.0,0.33077720207253886,1.0,1596.0,2643.0,0.17972001513431707,0.0,475.0
0.35,0.35,7468.0,1.0,0.649864096861873,0.6416252557731658,0.6457446763175194,0.6501071237279057,0.6460899839314408,0.5419121585431173,0.4580878414568827,0.35,0.35,7468.0,4047.0,3421.0,0.7058910363334758,0.21755449978607114,0.623945993595267,0.2921799678628816,0.5949033670005233,0.4911385345422404,4047.0,3421.0,7468.0,1.0,0.6460899839314408,4825.0,1.0,1.0,4825.0,2643.0,1.0,0.0,2643.0
0.35,0.375,7468.0,1.0,0.649864096861873,0.6416252557731658,0.6457446763175194,0.6501071237279057,0.6460899839314408,0.5419121585431173,0.4580878414568827,0.35,0.375,7468.0,4047.0,3421.0,0.7058910363334758,0.21755449978607114,0.623945993595267,0.2921799678628816,0.5949033670005233,0.4911385345422404,4047.0,3421.0,7468.0,1.0,0.6460899839314408,4825.0,1.0,1.0,4825.0,2643.0,1.0,0.0,2643.0
0.35,0.4,7468.0,1.0,0.649864096861873,0.6416252557731658,0.6457446763175194,0.6501071237279057,0.6460899839314408,0.5419121585431173,0.4580878414568827,0.35,0.4,7468.0,4047.0,3421.0,0.7058910363334758,0.21755449978607114,0.623945993595267,0.2921799678628816,0.5949033670005233,0.4911385345422404,4047.0,3421.0,7468.0,1.0,0.6460899839314408,4825.0,1.0,1.0,4825.0,2643.0,1.0,0.0,2643.0
0.35,0.425,7468.0,0.9998660953401178,0.6500247157686604,0.6416252557731658,0.6458249857709131,0.6501071237279057,0.6461765099772332,0.5418508102316861,0.4581491897683139,0.35,0.425,7467.0,4046.0,3421.0,0.7058910363334758,0.21755449978607114,0.623945993595267,0.29231387252276386,0.5947908131508732,0.491456602993322,4046.0,3421.0,7467.0,0.9998660953401178,0.6461765099772332,4825.0,1.0,1.0,4825.0,2643.0,0.9996216420734014,0.0,2642.0
0.35,0.45,7468.0,0.9987948580610605,0.6502475247524753,0.6417081017841474,0.6459778132683114,0.6501071237279057,0.6463332886445904,0.5416275640166243,0.4583724359833758,0.35,0.45,7459.0,4040.0,3419.0,0.7058910363334758,0.21755449978607114,0.623945993595267,0.2923138725227637,0.5943403846022483,0.4918290597371901,4040.0,3419.0,7459.0,0.9987948580610605,0.6463332886445904,4825.0,0.9991709844559585,1.0,4821.0,2643.0,0.9981082103670071,0.0,2638.0
0.35,0.475,7468.0,0.9892876272094269,0.6515,0.6425619834710744,0.6470309917355372,0.6501071237279057,0.6474011911207364,0.5414185165132648,0.4585814834867352,0.35,0.475,7388.0,4000.0,3388.0,0.7058910363334758,0.21755449978607114,0.623945993595267,0.291644349223353,0.5906112418444445,0.49380087705842635,4000.0,3388.0,7388.0,0.9892876272094269,0.6474011911207364,4825.0,0.9912953367875648,1.0,4783.0,2643.0,0.9856223987892546,0.0,2605.0
0.35,0.5,7468.0,0.946036422067488,0.6561357702349869,0.6472952086553323,0.6517154894451596,0.6501071237279057,0.6520877565463553,0.5421089879688605,0.4578910120311394,0.35,0.5,7065.0,3830.0,3235.0,0.7058910363334758,0.21755449978607114,0.623945993595267,0.2877611140867703,0.5737051978066425,0.5015835923866865,3830.0,3235.0,7065.0,0.946036422067488,0.6520877565463553,4825.0,0.9548186528497409,1.0,4607.0,2643.0,0.9300037835792659,0.0,2458.0
0.35,0.525,7468.0,0.853776111408677,0.6690814256737178,0.6557264957264958,0.6624039607001068,0.6501071237279057,0.6629548306148055,0.5412484316185696,0.4587515683814304,0.35,0.525,6376.0,3451.0,2925.0,0.7058910363334758,0.21755449978607114,0.623945993595267,0.2782538832351366,0.5364336996188533,0.5187106690590868,3451.0,2925.0,6376.0,0.853776111408677,0.6629548306148055,4825.0,0.8760621761658031,1.0,4227.0,2643.0,0.8130911842603102,0.0,2149.0
0.35,0.55,7468.0,0.7400910551687199,0.6863384414737529,0.6739837398373983,0.6801610906555756,0.6501071237279057,0.6808395151076534,0.5549122489596526,0.44508775104034737,0.35,0.55,5527.0,3067.0,2460.0,0.7058910363334758,0.21755449978607114,0.623945993595267,0.2676754151044457,0.48601216037475553,0.5507586783385129,3067.0,2460.0,5527.0,0.7400910551687199,0.6808395151076534,4825.0,0.7798963730569948,1.0,3763.0,2643.0,0.6674233825198638,0.0,1764.0
0.35,0.575,7468.0,0.6381896089983932,0.7026423520655005,0.6931216931216931,0.6978820225935969,0.6501071237279057,0.6984892992026857,0.5637851447754931,0.4362148552245069,0.35,0.575,4766.0,2687.0,2079.0,0.7058910363334758,0.21755449978607114,0.623945993595267,0.25334761649705406,0.4386581770019448,0.5775513367346412,2687.0,2079.0,4766.0,0.6381896089983932,0.6984892992026857,4825.0,0.6899481865284974,1.0,3329.0,2643.0,0.5437003405221339,0.0,1437.0
0.35,0.6,7468.0,0.5522228173540439,0.716893039049236,0.7121040723981901,0.714498555723713,0.6501071237279057,0.7148399612027158,0.5712900096993211,0.42870999030067897,0.35,0.6,4124.0,2356.0,1768.0,0.7058910363334758,0.21755449978607114,0.623945993595267,0.23727905731119436,0.3968272672352856,0.5979404060722158,2356.0,1768.0,4124.0,0.5522228173540439,0.7148399612027158,4825.0,0.6109844559585492,1.0,2948.0,2643.0,0.4449489216799092,0.0,1176.0
0.35,0.625,7468.0,0.47978039635779324,0.7358036573628489,0.7328903654485049,0.7343470114056769,0.6501071237279057,0.7345799609265978,0.5799609265978231,0.42003907340217694,0.35,0.625,3583.0,2078.0,1505.0,0.7058910363334758,0.21755449978607114,0.623945993595267,0.2250937332619175,0.3568519742805662,0.6307762026978251,2078.0,1505.0,3583.0,0.47978039635779324,0.7345799609265978,4825.0,0.5454922279792747,1.0,2632.0,2643.0,0.3598183881952327,0.0,951.0
0.35,0.65,7468.0,0.40626673808248526,0.7532176832680471,0.7465918203688853,0.7499047518184662,0.6501071237279057,0.7504943968358603,0.5889914304548451,0.4110085695451549,0.35,0.65,3034.0,1787.0,1247.0,0.7058910363334758,0.21755449978607114,0.623945993595267,0.20353508302088913,0.31838000491676305,0.6392834973229589,1787.0,1247.0,3034.0,0.40626673808248526,0.7504943968358603,4825.0,0.4719170984455959,1.0,2277.0,2643.0,0.2864169504351116,0.0,757.0
0.35,0.675,7468.0,0.3442688805570434,0.7651268705270007,0.7475822050290135,0.7563545377780071,0.6501071237279057,0.7580707895760405,0.5978218591987553,0.40217814080124464,0.35,0.675,2571.0,1537.0,1034.0,0.7058910363334758,0.21755449978607114,0.623945993595267,0.17769148366363152,0.2885978143484561,0.6157062695183302,1537.0,1034.0,2571.0,0.3442688805570434,0.7580707895760405,4825.0,0.4039378238341969,1.0,1949.0,2643.0,0.23533863034430572,0.0,622.0
0.35,0.7,7468.0,0.27731655061596144,0.7763578274760383,0.7619047619047619,0.7691312946904001,0.6501071237279057,0.7706422018348624,0.6045388701110574,0.39546112988894255,0.35,0.7,2071.0,1252.0,819.0,0.7058910363334758,0.21755449978607114,0.623945993595267,0.15010712372790577,0.252199749095886,0.5951914078662911,1252.0,819.0,2071.0,0.27731655061596144,0.7706422018348624,4825.0,0.33077720207253886,1.0,1596.0,2643.0,0.17972001513431707,0.0,475.0
