epoch,loss,train_sample_count,train_mean_gap,train_median_gap,train_min_gap,train_violation_rate,train_max_violation,train_p90_violation,train_p95_violation,train_p99_violation,train_coverage,validation_sample_count,validation_mean_gap,validation_median_gap,validation_min_gap,validation_violation_rate,validation_max_violation,validation_p90_violation,validation_p95_violation,validation_p99_violation,validation_coverage
1,0.0057059473568393335,15657.0,0.2334057241678238,0.20082011818885803,-0.3832252025604248,0.10404292009963595,0.39322519302368164,0.001870273146778345,0.034481778740882874,0.09499013423919678,0.8959570799003641,7432.0,0.21937352418899536,0.19126294553279877,-0.23952990770339966,0.16321313240043056,0.2495298981666565,0.032832980155944824,0.07168188691139221,0.13295839726924896,0.8367868675995694
2,0.005010701881180848,15657.0,0.23335617780685425,0.19878098368644714,-0.3806025981903076,0.09548444785080155,0.39060258865356445,0.0,0.02502290904521942,0.08254241943359375,0.9045155521491984,7432.0,0.22104768455028534,0.1918618530035019,-0.2755715847015381,0.15258342303552205,0.2855715751647949,0.026307493448257446,0.05937721207737923,0.12567101418972015,0.8474165769644779
3,0.004889317893333012,15657.0,0.22455452382564545,0.18823882937431335,-0.3637707233428955,0.10155202146004982,0.37377071380615234,0.0007348654908128083,0.025340694934129715,0.08242490887641907,0.8984479785399502,7432.0,0.2066340297460556,0.17876994609832764,-0.24652886390686035,0.1811087190527449,0.2565288543701172,0.03596248850226402,0.07036930322647095,0.14178572595119476,0.8188912809472552
4,0.004771912695779916,15657.0,0.22082342207431793,0.18580973148345947,-0.37606167793273926,0.09918886121223734,0.3860616683959961,0.0,0.024167336523532867,0.07378382980823517,0.9008111387877626,7432.0,0.20575211942195892,0.17910964787006378,-0.26789408922195435,0.17855220667384283,0.2778940796852112,0.03822949901223183,0.07263421267271042,0.14023548364639282,0.8214477933261571
5,0.004612349349284364,15657.0,0.21200335025787354,0.17521730065345764,-0.3837990164756775,0.10755572587341125,0.3937990069389343,0.002715380396693945,0.02543794922530651,0.07284682244062424,0.8924442741265888,7432.0,0.19760538637638092,0.17053090035915375,-0.32004213333129883,0.19200753498385362,0.33004212379455566,0.04298422858119011,0.07717973738908768,0.1451822817325592,0.8079924650161464
6,0.004553566551617076,15657.0,0.20582254230976105,0.1701430082321167,-0.3594821095466614,0.11496455259628281,0.3694821000099182,0.0048411753959953785,0.027383891865611076,0.07463916391134262,0.8850354474037172,7432.0,0.19014419615268707,0.16476044058799744,-0.315762460231781,0.2080193756727664,0.32576245069503784,0.049915023148059845,0.08619748055934906,0.1559416502714157,0.7919806243272336
7,0.004386112244138794,15657.0,0.21732115745544434,0.17860761284828186,-0.36098456382751465,0.06323050392795555,0.3709845542907715,0.0,0.007231057155877352,0.048543963581323624,0.9367694960720444,7432.0,0.2010512501001358,0.1746739149093628,-0.3570396304130554,0.1689989235737352,0.36703962087631226,0.03259529173374176,0.06746959686279297,0.14110435545444489,0.8310010764262648
8,0.004221206455821952,15657.0,0.2015339732170105,0.16436833143234253,-0.39432811737060547,0.09152455770581848,0.4043281078338623,0.0,0.01958223059773445,0.06314210593700409,0.9084754422941815,7432.0,0.18824970722198486,0.16350175440311432,-0.38840222358703613,0.1936221743810549,0.39840221405029297,0.044970884919166565,0.08221988379955292,0.14983932673931122,0.8063778256189451
9,0.004135215790161202,15657.0,0.19658403098583221,0.16082143783569336,-0.4582330584526062,0.07823976496135913,0.46823304891586304,0.0,0.014342093840241432,0.06008569523692131,0.9217602350386409,7432.0,0.18479716777801514,0.15781788527965546,-0.37876731157302856,0.18164693218514533,0.3887673020362854,0.038811784237623215,0.07243403047323227,0.13875636458396912,0.8183530678148547
10,0.003963921406877137,15657.0,0.1786949634552002,0.14393329620361328,-0.3797013759613037,0.11317621511145175,0.38970136642456055,0.004748804960399866,0.028287839144468307,0.07452848553657532,0.8868237848885483,7432.0,0.16396409273147583,0.13820214569568634,-0.543303906917572,0.2109795479009688,0.5533038973808289,0.05294491723179817,0.09320271015167236,0.16334964334964752,0.7890204520990313
11,0.0038495438338647927,15657.0,0.17870394885540009,0.14085325598716736,-0.38008376955986023,0.0867343680143067,0.39008376002311707,0.0,0.014502757228910923,0.0606539361178875,0.9132656319856933,7432.0,0.16222399473190308,0.1345207542181015,-0.5102073550224304,0.211248654467169,0.5202073454856873,0.05331379175186157,0.09127824008464813,0.16532814502716064,0.788751345532831
12,0.0037265069136816647,15657.0,0.1841905266046524,0.14610248804092407,-0.38090839982032776,0.07683464265184901,0.3909083902835846,0.0,0.012456441298127174,0.054222092032432556,0.923165357348151,7432.0,0.1711655706167221,0.1451939195394516,-0.5384758710861206,0.19214208826695373,0.5484758615493774,0.04491887986660004,0.07895467430353165,0.15268583595752716,0.8078579117330463
13,0.0036217577214683254,15657.0,0.170521080493927,0.12946799397468567,-0.3541331887245178,0.08788401354026953,0.36413317918777466,0.0,0.015229281038045883,0.05755836144089699,0.9121159864597305,7432.0,0.16515986621379852,0.137247234582901,-0.5634957551956177,0.19456404736275565,0.5734957456588745,0.044955380260944366,0.08124405890703201,0.15311183035373688,0.8054359526372443
14,0.003514463727873179,15657.0,0.16596856713294983,0.12427514791488647,-0.3718535006046295,0.08775627514849588,0.38185349106788635,0.0,0.014030040241777897,0.05370277911424637,0.9122437248515041,7432.0,0.15745067596435547,0.12906761467456818,-0.5767780542373657,0.211248654467169,0.5867780447006226,0.05151628330349922,0.09049536287784576,0.1636582612991333,0.788751345532831
15,0.003399745748949147,15657.0,0.16643430292606354,0.12528347969055176,-0.4124261736869812,0.08628728364309893,0.42242616415023804,0.0,0.013550438918173313,0.0510668084025383,0.9137127163569011,7432.0,0.15630847215652466,0.12835553288459778,-0.5974341630935669,0.21757265877287404,0.6074341535568237,0.0510568842291832,0.0905764251947403,0.16926157474517822,0.782427341227126
16,0.003365151982213701,15657.0,0.15534238517284393,0.11345905065536499,-0.3190799355506897,0.10870537139937408,0.32907992601394653,0.0024395459331572056,0.02040897123515606,0.06582599878311157,0.8912946286006259,7432.0,0.14596018195152283,0.11696230620145798,-0.6382973194122314,0.2373519913885899,0.6482973098754883,0.06173674762248993,0.10032711178064346,0.18210020661354065,0.7626480086114101
17,0.0033118946462749473,15657.0,0.15178316831588745,0.10728341341018677,-0.39479154348373413,0.10308488216133359,0.40479153394699097,0.0009020939469337463,0.016705051064491272,0.05506083741784096,0.8969151178386664,7432.0,0.14300309121608734,0.11379428207874298,-0.6447755098342896,0.2431377825618945,0.6547755002975464,0.062253110110759735,0.09900877624750137,0.1760016679763794,0.7568622174381054
18,0.003177693308961968,15657.0,0.15432828664779663,0.10956329107284546,-0.32665330171585083,0.08443507696238105,0.33665329217910767,0.0,0.010736760683357716,0.043812818825244904,0.9155649230376189,7432.0,0.14555376768112183,0.1162346601486206,-0.5906145572662354,0.23546824542518838,0.6006145477294922,0.0605766661465168,0.09881407767534256,0.17360898852348328,0.7645317545748116
19,0.0031446144886074527,15657.0,0.15329891443252563,0.10869139432907104,-0.2988104224205017,0.08641502203487259,0.30881041288375854,0.0,0.012236264534294605,0.04441855475306511,0.9135849779651274,7432.0,0.14198170602321625,0.113920658826828,-0.6540842652320862,0.24502152852529602,0.664084255695343,0.06544140726327896,0.10655862838029861,0.1799517273902893,0.754978471474704
20,0.003078551624991721,15657.0,0.1564708948135376,0.11103619635105133,-0.27025216817855835,0.08469055374592833,0.2802521586418152,0.0,0.011204463429749012,0.039209119975566864,0.9153094462540716,7432.0,0.14690852165222168,0.11721281707286835,-0.6381207704544067,0.23815931108719052,0.6481207609176636,0.06347979605197906,0.1032046303153038,0.18053381145000458,0.7618406889128094
21,0.003078517346312442,15657.0,0.158291757106781,0.11242711544036865,-0.26126188039779663,0.06667944050584403,0.27126187086105347,0.0,0.0053453934378921986,0.03402915224432945,0.9333205594941559,7432.0,0.15033254027366638,0.119906485080719,-0.6214687824249268,0.2253767491926803,0.6314687728881836,0.058708857744932175,0.094569131731987,0.17380152642726898,0.7746232508073198
22,0.003022081406426526,15657.0,0.1531202793121338,0.1067018210887909,-0.25252264738082886,0.07396052883694194,0.2625226378440857,0.0,0.0076628257520496845,0.036079853773117065,0.9260394711630581,7432.0,0.1424245536327362,0.11374157667160034,-0.6626421213150024,0.23856297093649084,0.6726421117782593,0.06382706016302109,0.1037616953253746,0.18525633215904236,0.7614370290635092
23,0.0029872401632488736,15657.0,0.14431580901145935,0.09852230548858643,-0.2553907632827759,0.10104106789295522,0.2653907537460327,0.0003056396672036499,0.0153960594907403,0.047640107572078705,0.8989589321070448,7432.0,0.13357017934322357,0.10337328910827637,-0.6585114598274231,0.26506996770721203,0.6685114502906799,0.07333351671695709,0.11416786909103394,0.19656632840633392,0.734930032292788
24,0.0029168805528071618,15657.0,0.15206141769886017,0.10615313053131104,-0.26304352283477783,0.06316663473206872,0.27304351329803467,0.0,0.004814848303794861,0.03316209092736244,0.9368333652679313,7432.0,0.1413087695837021,0.11277516186237335,-0.6575659513473511,0.24421420882669537,0.6675659418106079,0.0674009695649147,0.10581555962562561,0.18585775792598724,0.7557857911733046
25,0.00285916636517692,15657.0,0.14303599298000336,0.09521669149398804,-0.24193018674850464,0.08417960017883375,0.2519301772117615,0.0,0.010828151367604733,0.03932333365082741,0.9158203998211663,7432.0,0.1333325207233429,0.1041303351521492,-0.6531227827072144,0.26560818083961246,0.6631227731704712,0.07603684812784195,0.11482224613428116,0.20281347632408142,0.7343918191603875
26,0.0028569711402298944,15657.0,0.13901978731155396,0.091960608959198,-0.26219242811203003,0.09912499201635051,0.27219241857528687,0.0,0.014301503077149391,0.041765764355659485,0.9008750079836495,7432.0,0.12950611114501953,0.1001509577035904,-0.6900820136070251,0.2732777179763186,0.700082004070282,0.07920355349779129,0.12081428617238998,0.20518258213996887,0.7267222820236814
27,0.00282031376545708,15657.0,0.13833312690258026,0.09053817391395569,-0.23871582746505737,0.09510123267548061,0.2487158179283142,0.0,0.012529846280813217,0.03730505704879761,0.9048987673245193,7432.0,0.12574034929275513,0.09727128595113754,-0.675026535987854,0.2867330462863294,0.6850265264511108,0.08419640362262726,0.1255534142255783,0.20710934698581696,0.7132669537136707
28,0.002715619851744944,15657.0,0.13258078694343567,0.08389031887054443,-0.24668580293655396,0.11202656958548891,0.2566857933998108,0.002383223734796047,0.015131629072129726,0.0410330630838871,0.887973430414511,7432.0,0.11995217949151993,0.09190903604030609,-0.6958233118057251,0.302475780409042,0.7058233022689819,0.08958663791418076,0.13281597197055817,0.2149726003408432,0.697524219590958
29,0.0027092912519771245,15657.0,0.1278357058763504,0.07959336042404175,-0.24193185567855835,0.1318260203104043,0.2519318461418152,0.006242396309971809,0.019781190901994705,0.04635399207472801,0.8681739796895958,7432.0,0.12003836780786514,0.09121981263160706,-0.6934577226638794,0.30045748116254034,0.7034577131271362,0.09058690071105957,0.12968304753303528,0.2086443305015564,0.6995425188374597
30,0.002668435152079309,15657.0,0.1325109601020813,0.08412245661020279,-0.1734933853149414,0.09637861659321709,0.18349337577819824,0.0,0.012373410165309906,0.03953803330659866,0.9036213834067829,7432.0,0.12240920960903168,0.09392520785331726,-0.672576904296875,0.29157696447793324,0.6825768947601318,0.08469554036855698,0.1264195293188095,0.2122780829668045,0.7084230355220668
31,0.0026315632351343672,15657.0,0.1363183856010437,0.08796989917755127,-0.20084452629089355,0.0700645078878457,0.2108445167541504,0.0,0.00544807268306613,0.030007466673851013,0.9299354921121543,7432.0,0.1268778145313263,0.0996483713388443,-0.6871569156646729,0.2798708288482239,0.6971569061279297,0.0815821960568428,0.12110292166471481,0.21180589497089386,0.7201291711517761
32,0.0026514742508410446,15657.0,0.1349136382341385,0.08678328990936279,-0.2433537244796753,0.07702625023950949,0.25335371494293213,0.0,0.007527805864810944,0.02946103923022747,0.9229737497604905,7432.0,0.12508636713027954,0.09772102534770966,-0.6899783611297607,0.28619483315392896,0.6999783515930176,0.08628818392753601,0.12904897332191467,0.21069514751434326,0.7138051668460711
33,0.002571105829349929,15657.0,0.1336977779865265,0.0859057605266571,-0.17949944734573364,0.07715398863128313,0.18949943780899048,0.0,0.006549682468175888,0.030103150755167007,0.9228460113687169,7432.0,0.12767857313156128,0.09807314723730087,-0.7002576589584351,0.2817545748116254,0.7102576494216919,0.0815247967839241,0.1202775165438652,0.2037167102098465,0.7182454251883746
34,0.0025477441583549782,15657.0,0.12883426249027252,0.0807524174451828,-0.1710314154624939,0.09248259564412084,0.18103140592575073,0.0,0.010855334810912609,0.03316456824541092,0.9075174043558791,7432.0,0.11897164583206177,0.09007839858531952,-0.7130489349365234,0.30072658772874056,0.7230489253997803,0.0888526514172554,0.13169623911380768,0.2139062136411667,0.6992734122712594
35,0.0025723904085856292,15657.0,0.12791109085083008,0.07987821102142334,-0.18741685152053833,0.09152455770581848,0.19741684198379517,0.0,0.010992798954248428,0.03600993752479553,0.9084754422941815,7432.0,0.12023290991783142,0.092038094997406,-0.7053884267807007,0.3022066738428418,0.7153884172439575,0.09029005467891693,0.1318294107913971,0.21496844291687012,0.6977933261571583
36,0.002533666293827757,15657.0,0.1252843141555786,0.07753437757492065,-0.1671910285949707,0.09369611036597049,0.17719101905822754,0.0,0.01128318440169096,0.036598868668079376,0.9063038896340295,7432.0,0.11394650489091873,0.08598174154758453,-0.6690940856933594,0.31512378902045207,0.6790940761566162,0.095003642141819,0.13913796842098236,0.22336821258068085,0.6848762109795479
37,0.0024921714793890715,15657.0,0.1337313950061798,0.0859573483467102,-0.15818804502487183,0.058951267803538356,0.16818803548812866,0.0,0.0025465204380452633,0.024560054764151573,0.9410487321964617,7432.0,0.12450435757637024,0.09639963507652283,-0.6689045429229736,0.29184607104413346,0.6789045333862305,0.08537043631076813,0.12917104363441467,0.20856399834156036,0.7081539289558665
38,0.002490285566196807,15657.0,0.1264672428369522,0.07834231853485107,-0.14591103792190552,0.07281088331097911,0.15591102838516235,0.0,0.006967699620872736,0.032055407762527466,0.9271891166890209,7432.0,0.11741408705711365,0.09019815921783447,-0.6925410628318787,0.3013993541442411,0.7025410532951355,0.09233465790748596,0.13778232038021088,0.2204328030347824,0.6986006458557589
39,0.0024444975274344606,15657.0,0.128516286611557,0.07929372787475586,-0.15394699573516846,0.06438014945391837,0.1639469861984253,0.0,0.003724632551893592,0.023462217301130295,0.9356198505460817,7432.0,0.11673693358898163,0.09119251370429993,-0.6724089980125427,0.30853067814854684,0.6824089884757996,0.09358569234609604,0.13600464165210724,0.22127115726470947,0.6914693218514532
40,0.0024150197634533526,15657.0,0.11579348146915436,0.06803154945373535,-0.19226810336112976,0.11777479721530305,0.2022680938243866,0.003032071515917778,0.015252367593348026,0.0399688221514225,0.882225202784697,7432.0,0.10427237302064896,0.0769149512052536,-0.6525123119354248,0.33745963401506995,0.6625123023986816,0.10677317529916763,0.15248094499111176,0.23396167159080505,0.66254036598493
41,0.0024105248927709555,15657.0,0.12207312136888504,0.07420751452445984,-0.12045514583587646,0.07587660471354665,0.1304551362991333,0.0,0.007046635262668133,0.029152696952223778,0.9241233952864534,7432.0,0.11239569634199142,0.08373220264911652,-0.7080323696136475,0.3127018299246502,0.7180323600769043,0.09756942093372345,0.1432660073041916,0.22323785722255707,0.6872981700753499
42,0.002393212071770141,15657.0,0.11628752201795578,0.06937897205352783,-0.1631801724433899,0.10493708884205148,0.17318016290664673,0.0009493332472629845,0.013251805678009987,0.03606347367167473,0.8950629111579486,7432.0,0.10608521103858948,0.07838542759418488,-0.6947933435440063,0.33180839612486546,0.7047933340072632,0.10800036787986755,0.1506389081478119,0.23321941494941711,0.6681916038751345
43,0.002367222726705574,15657.0,0.12262419611215591,0.07664880156517029,-0.12281239032745361,0.0813693555598135,0.13281238079071045,0.0,0.007195225916802883,0.030588842928409576,0.9186306444401865,7432.0,0.10997643321752548,0.08210325986146927,-0.7021129131317139,0.32198600645855757,0.7121129035949707,0.10129059106111526,0.14951704442501068,0.2351337969303131,0.6780139935414424
44,0.002356235133183579,15657.0,0.12272950261831284,0.07588431239128113,-0.12150532007217407,0.06744587085648591,0.1315053105354309,0.0,0.004514217376708984,0.025460081174969673,0.9325541291435141,7432.0,0.10949445515871048,0.08264534175395966,-0.7041414976119995,0.32171689989235736,0.7141414880752563,0.10382210463285446,0.14793774485588074,0.23523248732089996,0.6782831001076426
45,0.0023192931191935657,15657.0,0.12048415839672089,0.07601714134216309,-0.11377805471420288,0.07242766813565817,0.12377804517745972,0.0,0.0062552765011787415,0.027908390387892723,0.9275723318643418,7432.0,0.1077578142285347,0.08113949000835419,-0.7384873032569885,0.32534983853606025,0.7484872937202454,0.10255611687898636,0.15206728875637054,0.23394329845905304,0.6746501614639397
46,0.002301775752716968,15657.0,0.12032274901866913,0.07450607419013977,-0.13176608085632324,0.07185284537267676,0.14176607131958008,0.0,0.005872231908142567,0.03171680122613907,0.9281471546273232,7432.0,0.11116272211074829,0.08607576787471771,-0.7419958114624023,0.31902583423035524,0.7519958019256592,0.10215942561626434,0.1450023204088211,0.2321544587612152,0.6809741657696448
47,0.0022996481162525953,15657.0,0.11338730156421661,0.06739112734794617,-0.12136155366897583,0.10378744331608865,0.13136154413223267,0.0006350515177473426,0.012123229913413525,0.03375629335641861,0.8962125566839113,7432.0,0.10344930738210678,0.07568417489528656,-0.7173451781272888,0.3405543595263724,0.7273451685905457,0.10687481611967087,0.1527375429868698,0.23888301849365234,0.6594456404736275
48,0.002284792972908866,15657.0,0.11680426448583603,0.07163071632385254,-0.1102222204208374,0.08041131762151114,0.12022221088409424,0.0,0.007144490256905556,0.02855687215924263,0.9195886823784889,7432.0,0.10741665214300156,0.07981041073799133,-0.6946466565132141,0.3304628632938644,0.704646646976471,0.10502474755048752,0.15154245495796204,0.23825646936893463,0.6695371367061357
49,0.002249754995347992,15657.0,0.11679472774267197,0.0711093544960022,-0.09870719909667969,0.08034744842562432,0.10870718955993652,0.0,0.007283646613359451,0.027420563623309135,0.9196525515743756,7432.0,0.1059497594833374,0.08016562461853027,-0.7275670170783997,0.3311356297093649,0.7375670075416565,0.10960454493761063,0.15453004837036133,0.23874947428703308,0.6688643702906351
50,0.002261066005655354,15657.0,0.11094474047422409,0.06673777103424072,-0.15808913111686707,0.10212684422303123,0.1680891215801239,0.00047084002289921045,0.012441737577319145,0.04076284170150757,0.8978731557769688,7432.0,0.09861312806606293,0.07232171297073364,-0.715575098991394,0.34755113024757806,0.7255750894546509,0.11369723081588745,0.15832576155662537,0.2504397928714752,0.652448869752422
51,0.002252351064535399,15657.0,0.11337635666131973,0.06845879554748535,-0.07360827922821045,0.08347703902407869,0.08360826969146729,0.0,0.008109981194138527,0.027976378798484802,0.9165229609759213,7432.0,0.10437271744012833,0.07763099670410156,-0.7154902219772339,0.3385360602798708,0.7254902124404907,0.10630986839532852,0.15077272057533264,0.23998281359672546,0.6614639397201292
52,0.0022334416186617265,15657.0,0.10997196286916733,0.06510260701179504,-0.09641867876052856,0.08686210640608034,0.1064186692237854,0.0,0.008648361079394817,0.03006766363978386,0.9131378935939196,7432.0,0.09823562204837799,0.07175348699092865,-0.7105348110198975,0.3519913885898816,0.7205348014831543,0.11568540334701538,0.15916107594966888,0.24615533649921417,0.6480086114101185
53,0.002183824229324537,15657.0,0.1094135269522667,0.06627672910690308,-0.11346226930618286,0.09229098805646037,0.1234622597694397,0.0,0.010550535283982754,0.035425879061222076,0.9077090119435396,7432.0,0.1012527123093605,0.07302889227867126,-0.7327932119369507,0.34391819160387516,0.7427932024002075,0.10805998742580414,0.1548856794834137,0.2413366287946701,0.6560818083961248
54,0.0021667109592066656,15657.0,0.11301009356975555,0.06860935688018799,-0.07376536726951599,0.07594047390943348,0.08376535773277283,0.0,0.00570084061473608,0.024706421419978142,0.9240595260905665,7432.0,0.10048998147249222,0.0742141455411911,-0.6801090836524963,0.348762109795479,0.6901090741157532,0.11250706762075424,0.15722985565662384,0.2469208836555481,0.6512378902045209
55,0.0021665693531113285,15657.0,0.10702089965343475,0.06415480375289917,-0.13004913926124573,0.09669796257265122,0.14004912972450256,0.0,0.010605772025883198,0.03217625245451927,0.9033020374273488,7432.0,0.09507650136947632,0.06942480802536011,-0.7359921932220459,0.35979547900968784,0.7459921836853027,0.11838796734809875,0.16363485157489777,0.2567298412322998,0.6402045209903121
56,0.002162010221171283,15657.0,0.11324281245470047,0.07151180505752563,-0.09872817993164062,0.06731813246471227,0.10872817039489746,0.0,0.004388619214296341,0.025700416415929794,0.9326818675352877,7432.0,0.10241010785102844,0.0747620016336441,-0.7237378358840942,0.3453982777179763,0.7337378263473511,0.10989674925804138,0.15559425950050354,0.25136539340019226,0.6546017222820237
57,0.0021535415022123244,15657.0,0.10739117115736008,0.06437712907791138,-0.07300680875778198,0.07970875646675608,0.08300679922103882,0.0,0.006317034363746643,0.027477549389004707,0.9202912435332439,7432.0,0.09474115073680878,0.06846137344837189,-0.7231718301773071,0.35939181916038754,0.733171820640564,0.1159234419465065,0.16504904627799988,0.2533285617828369,0.6406081808396125
58,0.0021242239182033846,15657.0,0.10391371697187424,0.06227123737335205,-0.09811010956764221,0.09784760809861404,0.10811010003089905,0.0,0.010584942065179348,0.03491004556417465,0.902152391901386,7432.0,0.09219925105571747,0.06485019624233246,-0.7242673635482788,0.36706135629709363,0.7342673540115356,0.12211857736110687,0.16619378328323364,0.26137256622314453,0.6329386437029063
59,0.0021148125768729277,15657.0,0.10967057943344116,0.06738835573196411,-0.06248462200164795,0.07479082838347065,0.07248461246490479,0.0,0.005961707327514887,0.027330445125699043,0.9252091716165294,7432.0,0.10067425668239594,0.0734490156173706,-0.6840829849243164,0.3447255113024758,0.6940829753875732,0.11138558387756348,0.15921680629253387,0.25134024024009705,0.6552744886975242
60,0.002126104870600806,15657.0,0.10977703332901001,0.07051354646682739,-0.11871641874313354,0.08021971003385067,0.12871640920639038,0.0,0.007368190214037895,0.027771690860390663,0.9197802899661494,7432.0,0.10179858654737473,0.0757758617401123,-0.7008451223373413,0.3402852529601722,0.7108451128005981,0.11205415427684784,0.15903586149215698,0.25255700945854187,0.6597147470398278
61,0.002110009678759642,15657.0,0.10805290192365646,0.06683370471000671,-0.06714215874671936,0.07779268059015138,0.0771421492099762,0.0,0.0065975431352853775,0.026000484824180603,0.9222073194098487,7432.0,0.1015288308262825,0.07552114874124527,-0.698969304561615,0.34391819160387516,0.7089692950248718,0.11293080449104309,0.15795357525348663,0.24029304087162018,0.6560818083961248
62,0.00209128669643354,15657.0,0.10474814474582672,0.06367963552474976,-0.11049561202526093,0.08960848182921377,0.12049560248851776,0.0,0.009329171851277351,0.03148365020751953,0.9103915181707862,7432.0,0.09433045983314514,0.06815952807664871,-0.7466013431549072,0.35871905274488697,0.7566013336181641,0.12084472924470901,0.16641220450401306,0.260142982006073,0.641280947255113
63,0.0020576065421224602,15657.0,0.10229919105768204,0.06196272373199463,-0.06660386919975281,0.10225458261480488,0.07660385966300964,0.0004002653295174241,0.012289963662624359,0.031748026609420776,0.8977454173851951,7432.0,0.09296475350856781,0.06565243005752563,-0.7265088558197021,0.36235199138858987,0.736508846282959,0.12370052933692932,0.16782981157302856,0.25617313385009766,0.6376480086114101
64,0.002028888474488931,15657.0,0.10685679316520691,0.06624996662139893,-0.11568436026573181,0.06303889634029508,0.12568435072898865,0.0,0.003763319458812475,0.02445397339761257,0.936961103659705,7432.0,0.09727270156145096,0.07156066596508026,-0.7289412617683411,0.34956942949407965,0.7389412522315979,0.11913088709115982,0.16599208116531372,0.2474425733089447,0.6504305705059203
65,0.002054219765047873,15657.0,0.09974094480276108,0.060418009757995605,-0.09330308437347412,0.09931659960401099,0.10330307483673096,0.0,0.010478382930159569,0.03145071864128113,0.900683400395989,7432.0,0.08884918689727783,0.06258680671453476,-0.7066249847412109,0.370021528525296,0.7166249752044678,0.12273053079843521,0.1713203638792038,0.26346004009246826,0.629978471474704
66,0.0020118104369049113,15657.0,0.1049719750881195,0.06504583358764648,-0.07139149308204651,0.06865938557833556,0.08139148354530334,0.0,0.004183523822575808,0.025561152026057243,0.9313406144216644,7432.0,0.09592226892709732,0.06882808357477188,-0.7254469394683838,0.3494348762109796,0.7354469299316406,0.11870390176773071,0.16779373586177826,0.2497984766960144,0.6505651237890204
67,0.001995608800150935,15657.0,0.10508307069540024,0.0650305449962616,-0.09873801469802856,0.0655297949798812,0.1087380051612854,0.0,0.0033036258537322283,0.020609064027667046,0.9344702050201188,7432.0,0.09545234590768814,0.06991845369338989,-0.7045937776565552,0.36248654467169,0.714593768119812,0.12092156708240509,0.16816778481006622,0.2549973130226135,0.63751345532831
68,0.001983475969022801,15657.0,0.10693500936031342,0.0672878623008728,-0.07941591739654541,0.05537459283387622,0.08941590785980225,0.0,0.0012411783682182431,0.021735630929470062,0.9446254071661238,7432.0,0.09870733320713043,0.07411177456378937,-0.7220666408538818,0.3505113024757804,0.7320666313171387,0.11558486521244049,0.16445448994636536,0.2474871128797531,0.6494886975242196
69,0.001995092148952667,15657.0,0.10621751099824905,0.06703709065914154,-0.06903046369552612,0.05563006961742352,0.07903045415878296,0.0,0.0011514617362990975,0.019294731318950653,0.9443699303825764,7432.0,0.09790193289518356,0.07151030004024506,-0.7266954183578491,0.3517222820236814,0.736695408821106,0.11624184995889664,0.16374748945236206,0.24638774991035461,0.6482777179763186
70,0.001970041374255332,15657.0,0.10074497014284134,0.06105184555053711,-0.06510138511657715,0.08820335951970365,0.07510137557983398,0.0,0.00758054805919528,0.025497423484921455,0.9117966404802964,7432.0,0.09189078956842422,0.06472562253475189,-0.7300267219543457,0.3684068891280947,0.7400267124176025,0.1225702315568924,0.16918644309043884,0.24840429425239563,0.6315931108719053
71,0.0019531125510712304,15657.0,0.10241620242595673,0.06423807144165039,-0.06415629386901855,0.06565753337165485,0.07415628433227539,0.0,0.0042261905036866665,0.023043854162096977,0.9343424666283452,7432.0,0.09250625222921371,0.06736268103122711,-0.7020703554153442,0.36558127018299247,0.7120703458786011,0.12372398376464844,0.17273618280887604,0.26196083426475525,0.6344187298170075
72,0.001964197167375636,15657.0,0.09861994534730911,0.06121945381164551,-0.06990441679954529,0.08481829213770199,0.07990440726280212,0.0,0.008376240730285645,0.02953634411096573,0.915181707862298,7432.0,0.0889628678560257,0.06294885277748108,-0.7299197316169739,0.3690796555435953,0.7399197220802307,0.128079354763031,0.178911030292511,0.26795873045921326,0.6309203444564048
73,0.001974184880964458,15657.0,0.09628184884786606,0.059028953313827515,-0.10665011405944824,0.08903365906623235,0.11665010452270508,0.0,0.008114519529044628,0.028149014338850975,0.9109663409337676,7432.0,0.089745432138443,0.061820968985557556,-0.7044769525527954,0.37029063509149623,0.7144769430160522,0.12523001432418823,0.17438125610351562,0.2566843628883362,0.6297093649085038
74,0.001943733302816268,15657.0,0.10288817435503006,0.06503364443778992,-0.056550413370132446,0.059589959762406594,0.06655040383338928,0.0,0.0024657147005200386,0.021323809400200844,0.9404100402375934,7432.0,0.09587030112743378,0.06917550414800644,-0.718094527721405,0.35804628632938645,0.7280945181846619,0.12086953967809677,0.16840723156929016,0.25675827264785767,0.6419537136706136
75,0.0019378177521209563,15657.0,0.10098052769899368,0.06384721398353577,-0.062431156635284424,0.0695535543207511,0.07243114709854126,0.0,0.004692878574132919,0.02358306758105755,0.930446445679249,7432.0,0.0910894051194191,0.0653177797794342,-0.7077555656433105,0.36827233584499464,0.7177555561065674,0.12488441914319992,0.17294664680957794,0.2535114884376526,0.6317276641550054
76,0.0019201410130687778,15657.0,0.09840541332960129,0.06211531162261963,-0.09959927201271057,0.06744587085648591,0.10959926247596741,0.0,0.004307795315980911,0.02530527114868164,0.9325541291435141,7432.0,0.08826646208763123,0.06316079199314117,-0.7231999635696411,0.3713670613562971,0.733199954032898,0.13011930882930756,0.1776624619960785,0.26688650250434875,0.628632938643703
77,0.0019015079183924582,15657.0,0.09727629274129868,0.06081897020339966,-0.08615767955780029,0.07191671456856358,0.09615767002105713,0.0,0.005055598448961973,0.023315388709306717,0.9280832854314364,7432.0,0.08872567117214203,0.06345215439796448,-0.7519203424453735,0.3766146393972013,0.7619203329086304,0.12659431993961334,0.17510460317134857,0.25732865929603577,0.6233853606027987
78,0.0018752567928224321,15657.0,0.09308908134698868,0.057420045137405396,-0.11058706045150757,0.10353196653254136,0.1205870509147644,0.0005291776615194976,0.012417476624250412,0.035617150366306305,0.8964680334674586,7432.0,0.08266617357730865,0.05654364824295044,-0.7351483702659607,0.39006996770721203,0.7451483607292175,0.13226193189620972,0.18054044246673584,0.2683029770851135,0.609930032292788
79,0.001880310212952956,15657.0,0.09868732839822769,0.0630585253238678,-0.060758769512176514,0.06457175704157884,0.07075875997543335,0.0,0.003613702952861786,0.023494865745306015,0.9354282429584212,7432.0,0.08679496496915817,0.06316867470741272,-0.7012671232223511,0.3751345532831001,0.7112671136856079,0.1320132315158844,0.1782522350549698,0.2721915543079376,0.6248654467168999
80,0.0018858581428386032,15657.0,0.10012959688901901,0.06406742334365845,-0.08818942308425903,0.05997317493772753,0.09818941354751587,0.0,0.0024870079942047596,0.02252308465540409,0.9400268250622724,7432.0,0.09018538892269135,0.06338435411453247,-0.6844847798347473,0.3729817007534984,0.6944847702980042,0.1247139722108841,0.170591339468956,0.2559455335140228,0.6270182992465017
81,0.0018585480359052458,15657.0,0.09394196420907974,0.05863450467586517,-0.09544248878955841,0.07530178195056524,0.10544247925281525,0.0,0.006031653378158808,0.025486717000603676,0.9246982180494348,7432.0,0.08652659505605698,0.06070861965417862,-0.7264645099639893,0.37715285252960173,0.7364645004272461,0.13281582295894623,0.17565222084522247,0.2557277977466583,0.6228471474703983
82,0.0018498642302508797,15657.0,0.10241464525461197,0.06767576932907104,-0.06487023830413818,0.04183432330586958,0.07487022876739502,0.0,0.0,0.01703219674527645,0.9581656766941304,7432.0,0.0942833349108696,0.06920693814754486,-0.7132003307342529,0.36019913885898813,0.7232003211975098,0.12380784749984741,0.170523539185524,0.24944081902503967,0.6398008611410119
83,0.0018537721311252925,15657.0,0.09740694612264633,0.06215548515319824,-0.08241015672683716,0.061058951267803536,0.092410147190094,0.0,0.002743865130469203,0.02184213511645794,0.9389410487321964,7432.0,0.09007351100444794,0.06475646793842316,-0.7304800152778625,0.37082884822389667,0.7404800057411194,0.12542934715747833,0.17272843420505524,0.2536695599555969,0.6291711517761034
84,0.0018489447670177587,15657.0,0.09444848448038101,0.05928152799606323,-0.07862979173660278,0.06706265568116497,0.08862978219985962,0.0,0.0038590915501117706,0.023789355531334877,0.932937344318835,7432.0,0.08149360120296478,0.05635035037994385,-0.7149046063423157,0.38966630785791173,0.7249045968055725,0.1336512416601181,0.1828111708164215,0.2688082754611969,0.6103336921420882
85,0.0018039197856259922,15657.0,0.09723680466413498,0.06358277797698975,-0.06464976072311401,0.058184837452896467,0.07464975118637085,0.0,0.0018885084427893162,0.020823640748858452,0.9418151625471035,7432.0,0.08934926241636276,0.06450092792510986,-0.7289413213729858,0.3731162540365985,0.7389413118362427,0.12688177824020386,0.17152540385723114,0.2607313394546509,0.6268837459634015
86,0.001817979583246333,15657.0,0.09492319822311401,0.06130850315093994,-0.0898045003414154,0.07549338953822571,0.09980449080467224,0.0,0.005680004600435495,0.025255881249904633,0.9245066104617743,7432.0,0.0879383534193039,0.0641743391752243,-0.7201865315437317,0.3752691065662002,0.7301865220069885,0.12814442813396454,0.17719213664531708,0.2704800069332123,0.6247308934337998
87,0.0018171810642665914,15657.0,0.09802491962909698,0.0648183822631836,-0.056909918785095215,0.05358625534904515,0.06690990924835205,0.0,0.0008964660228230059,0.019247109070420265,0.9464137446509548,7432.0,0.09312058985233307,0.06753453612327576,-0.703635573387146,0.3638320775026911,0.7136355638504028,0.12232917547225952,0.16738058626651764,0.25684303045272827,0.6361679224973089
88,0.0018118448149893553,15657.0,0.09179055690765381,0.058486998081207275,-0.06532233953475952,0.07523791275467842,0.07532232999801636,0.0,0.005393014755100012,0.025141995400190353,0.9247620872453216,7432.0,0.08488861471414566,0.05943673849105835,-0.7130033373832703,0.3836114101184069,0.7230033278465271,0.13052289187908173,0.17665085196495056,0.26489219069480896,0.6163885898815931
89,0.0017853561608541396,15657.0,0.09523393213748932,0.061703383922576904,-0.0729602575302124,0.05352238615315833,0.08296024799346924,0.0,0.000878608669154346,0.018933087587356567,0.9464776138468417,7432.0,0.08804301917552948,0.06124667823314667,-0.7079006433486938,0.37446178686759957,0.7179006338119507,0.12832486629486084,0.17727148532867432,0.2608860731124878,0.6255382131324004
90,0.0018057786153569337,15657.0,0.09336534142494202,0.061117708683013916,-0.0760398805141449,0.07166123778501629,0.08603987097740173,0.0,0.0055928779765963554,0.028743544593453407,0.9283387622149837,7432.0,0.0857122614979744,0.060206711292266846,-0.7032666802406311,0.382534983853606,0.7132666707038879,0.13127736747264862,0.18061326444149017,0.2673969268798828,0.6174650161463939
91,0.001798857183706376,15657.0,0.09256931394338608,0.060283124446868896,-0.06412965059280396,0.06521044900044709,0.07412964105606079,0.0,0.0036694779992103577,0.022040070965886116,0.934789550999553,7432.0,0.08660885691642761,0.06019553542137146,-0.7396061420440674,0.37917115177610333,0.7496061325073242,0.13040679693222046,0.1774127185344696,0.26205679774284363,0.6208288482238966
92,0.0017846448482164452,15657.0,0.09344019740819931,0.060769081115722656,-0.09576499462127686,0.0727470141150923,0.10576498508453369,0.0,0.005435632541775703,0.025615347549319267,0.9272529858849077,7432.0,0.08488615602254868,0.058721959590911865,-0.7599706649780273,0.38118945102260493,0.7699706554412842,0.13163036108016968,0.17854438722133636,0.2751505374908447,0.6188105489773951
93,0.0017554130960976886,15657.0,0.09055965393781662,0.05912637710571289,-0.0771050751209259,0.0671265248770518,0.08710506558418274,0.0,0.0043977415189146996,0.025364894419908524,0.9328734751229482,7432.0,0.08213678002357483,0.05611300468444824,-0.7466139197349548,0.3884553283100108,0.7566139101982117,0.13785800337791443,0.18610337376594543,0.2694112956523895,0.6115446716899893
94,0.0017632779124523363,15657.0,0.09022031724452972,0.057680726051330566,-0.06714415550231934,0.07057546145494029,0.07714414596557617,0.0,0.004595739301294088,0.022785328328609467,0.9294245385450597,7432.0,0.0835399478673935,0.057367801666259766,-0.6882086992263794,0.3871097954790097,0.6982086896896362,0.13397417962551117,0.1798381209373474,0.268715500831604,0.6128902045209903
95,0.00176494060865333,15657.0,0.0913485437631607,0.059034496545791626,-0.057613879442214966,0.06297502714440825,0.0676138699054718,0.0,0.0027101400773972273,0.021427355706691742,0.9370249728555917,7432.0,0.08242614567279816,0.05517081543803215,-0.6943767070770264,0.38657158234660927,0.7043766975402832,0.13268093764781952,0.1789841204881668,0.2705872654914856,0.6134284176533907
96,0.0017386491057432949,15657.0,0.08666107803583145,0.05609613656997681,-0.0823640376329422,0.07938941048732197,0.09236402809619904,0.0,0.00664267735555768,0.025063052773475647,0.920610589512678,7432.0,0.0792723149061203,0.05437788367271423,-0.6780942678451538,0.3927610333692142,0.6880942583084106,0.1409579962491989,0.18793633580207825,0.2723957300186157,0.6072389666307858
97,0.001743552729397291,15657.0,0.09129656106233597,0.0606178343296051,-0.07296834886074066,0.06457175704157884,0.0829683393239975,0.0,0.0034447491634637117,0.022901829332113266,0.9354282429584212,7432.0,0.08058643341064453,0.05438530445098877,-0.7022014260292053,0.38670613562970935,0.7122014164924622,0.1379288285970688,0.18470989167690277,0.2763868570327759,0.6132938643702907
98,0.0017294275364087475,15657.0,0.08617419749498367,0.055649176239967346,-0.09910553693771362,0.08743692916906176,0.10910552740097046,0.0,0.00833530630916357,0.030552877113223076,0.9125630708309382,7432.0,0.0784790888428688,0.05110105872154236,-0.7348303198814392,0.3982777179763186,0.744830310344696,0.137082040309906,0.18791906535625458,0.2806115746498108,0.6017222820236814
99,0.0017114045030827965,15657.0,0.08756398409605026,0.056803107261657715,-0.05954080820083618,0.07376892124928147,0.06954079866409302,0.0,0.005189122632145882,0.023062335327267647,0.9262310787507185,7432.0,0.07932725548744202,0.05355072021484375,-0.7351104021072388,0.39451022604951563,0.7451103925704956,0.13932181894779205,0.18737997114658356,0.2804667055606842,0.6054897739504844
100,0.001712645636871457,15657.0,0.09376666694879532,0.062475740909576416,-0.04634559154510498,0.044580698729003,0.056345582008361816,0.0,0.0,0.016573866829276085,0.955419301270997,7432.0,0.08455336838960648,0.05907563865184784,-0.728452205657959,0.3754036598493003,0.7384521961212158,0.1336139589548111,0.18325626850128174,0.26895925402641296,0.6245963401506996
101,0.0016893283614227849,15657.0,0.08565979450941086,0.05516207218170166,-0.05865126848220825,0.0776010730024909,0.06865125894546509,0.0,0.005943839438259602,0.025310665369033813,0.9223989269975091,7432.0,0.08089759945869446,0.05622567981481552,-0.737910270690918,0.39222282023681376,0.7479102611541748,0.13708703219890594,0.18653035163879395,0.2778967022895813,0.6077771797631862
102,0.0017062380136321149,15657.0,0.08957745134830475,0.05956000089645386,-0.0804624855518341,0.06271955036086095,0.09046247601509094,0.0,0.003054777393117547,0.02417452074587345,0.937280449639139,7432.0,0.0822383463382721,0.05781656503677368,-0.7335788607597351,0.38832077502691065,0.7435788512229919,0.1372293084859848,0.185757115483284,0.2716802954673767,0.6116792249730894
103,0.0016899132282443105,15657.0,0.08831387758255005,0.05788084864616394,-0.060674577951431274,0.07185284537267676,0.07067456841468811,0.0,0.005081539042294025,0.022339412942528725,0.9281471546273232,7432.0,0.08402735739946365,0.05707992613315582,-0.7292842864990234,0.3891280947255113,0.7392842769622803,0.13036230206489563,0.177250936627388,0.2637413740158081,0.6108719052744886
104,0.0017001366528171685,15657.0,0.09110750257968903,0.060731351375579834,-0.05784808099269867,0.048029635306891486,0.0678480714559555,0.0,0.0,0.016170144081115723,0.9519703646931085,7432.0,0.08333205431699753,0.05850081145763397,-0.7234360575675964,0.3877825618945102,0.7334360480308533,0.13437263667583466,0.1802869290113449,0.2684561014175415,0.6122174381054898
105,0.0017075797940994944,15657.0,0.08461874723434448,0.05519825220108032,-0.08005982637405396,0.08124161716803985,0.09005981683731079,0.0,0.006319906562566757,0.025618359446525574,0.9187583828319601,7432.0,0.077206090092659,0.053647637367248535,-0.7480309009552002,0.3996232508073197,0.758030891418457,0.1404639035463333,0.18758037686347961,0.27781006693840027,0.6003767491926802
106,0.001689351178825863,15657.0,0.08738350868225098,0.057824671268463135,-0.06077095866203308,0.05978156735006706,0.07077094912528992,0.0,0.002402976155281067,0.01994149014353752,0.940218432649933,7432.0,0.08073708415031433,0.055657774209976196,-0.7239723801612854,0.39222282023681376,0.7339723706245422,0.13710637390613556,0.1843164712190628,0.2744891047477722,0.6077771797631862
107,0.0016677089170703003,15657.0,0.09003247320652008,0.06076383590698242,-0.04579254984855652,0.04317557641949288,0.055792540311813354,0.0,0.0,0.015379293821752071,0.9568244235805071,7432.0,0.08192843198776245,0.0560542568564415,-0.7239719033241272,0.3893972012917115,0.733971893787384,0.13706772029399872,0.1865471601486206,0.2710495591163635,0.6106027987082885
108,0.0016441653565233273,15657.0,0.08880236744880676,0.05922621488571167,-0.06678836047649384,0.05518298524621575,0.07678836584091187,0.0,0.0013015164295211434,0.020103463903069496,0.9448170147537842,7432.0,0.08244417607784271,0.056679725646972656,-0.6831526756286621,0.38697524219590956,0.693152666091919,0.134823277592659,0.18193672597408295,0.2693938612937927,0.6130247578040904
109,0.0016510375369820863,15657.0,0.08590785413980484,0.057409703731536865,-0.07616031169891357,0.06406080347448426,0.08616030216217041,0.0,0.002921141218394041,0.021347004920244217,0.9359391965255157,7432.0,0.07969999313354492,0.0543544739484787,-0.7029240131378174,0.3926264800861141,0.7129240036010742,0.13575653731822968,0.1833016574382782,0.2736605107784271,0.6073735199138859
110,0.0016358888204840401,15657.0,0.0850721076130867,0.057130277156829834,-0.080384761095047,0.06827617040301463,0.09038475155830383,0.0,0.004141708370298147,0.02310844510793686,0.9317238295969854,7432.0,0.08171901851892471,0.056142233312129974,-0.714985191822052,0.3911463939720129,0.7249851822853088,0.13634160161018372,0.18234196305274963,0.2727428376674652,0.6088536060279871
111,0.0016658979678346264,15657.0,0.08832918107509613,0.05978405475616455,-0.05187195539474487,0.04924315002874114,0.06187194585800171,0.0,0.0,0.017208242788910866,0.9507568499712589,7432.0,0.08299145102500916,0.058911025524139404,-0.7097268104553223,0.3911463939720129,0.7197268009185791,0.13435257971286774,0.18343818187713623,0.2764790654182434,0.6088536060279871
112,0.0016390116201833852,15657.0,0.08862993866205215,0.060566484928131104,-0.050932496786117554,0.04713546656447595,0.06093248724937439,0.0,0.0,0.01617470197379589,0.952864533435524,7432.0,0.08300215750932693,0.05777224898338318,-0.690142810344696,0.3852260495156082,0.7001428008079529,0.13493360579013824,0.1785871833562851,0.2774560749530792,0.6147739504843919
113,0.0016519103026498229,15657.0,0.08655894547700882,0.058622926473617554,-0.04514303803443909,0.05039279555470397,0.05514302849769592,0.0,0.00017046643188223243,0.017401225864887238,0.949607204445296,7432.0,0.08185861259698868,0.05669096112251282,-0.6781731843948364,0.38751345532831,0.6881731748580933,0.13471117615699768,0.17824937403202057,0.27699050307273865,0.61248654467169
114,0.0016131351153636652,15657.0,0.08559159934520721,0.05776381492614746,-0.08975368738174438,0.04975410359583573,0.09975367784500122,0.0,0.0,0.017241161316633224,0.9502458964041642,7432.0,0.07872135192155838,0.054649606347084045,-0.7276467680931091,0.39814316469321853,0.737646758556366,0.13852064311504364,0.18329235911369324,0.27812251448631287,0.6018568353067815
115,0.0015783467998487814,15657.0,0.08124519884586334,0.053378522396087646,-0.054264336824417114,0.06540205658810755,0.06426432728767395,0.0,0.003430159529671073,0.020968301221728325,0.9345979434118924,7432.0,0.07610012590885162,0.051790013909339905,-0.7207680940628052,0.4047362755651238,0.730768084526062,0.14241056144237518,0.19220058619976044,0.28589126467704773,0.5952637244348762
116,0.0015977945276385835,15657.0,0.08774877339601517,0.06054893136024475,-0.08362919092178345,0.0475186817397969,0.09362918138504028,0.0,0.0,0.01739046908915043,0.9524813182602031,7432.0,0.08112408220767975,0.05842138081789017,-0.7349726557731628,0.3888589881593111,0.7449726462364197,0.138839453458786,0.18781158328056335,0.2724054753780365,0.6111410118406889
117,0.0016210909647446487,15657.0,0.08167136460542679,0.05419790744781494,-0.07431524991989136,0.06706265568116497,0.0843152403831482,0.0,0.0030859382823109627,0.020103754475712776,0.932937344318835,7432.0,0.07689017057418823,0.05154530704021454,-0.7264965176582336,0.40177610333692143,0.7364965081214905,0.142261803150177,0.1867552250623703,0.2717437446117401,0.5982238966630786
118,0.0016123912064358592,15657.0,0.0819133073091507,0.05548350512981415,-0.06065753102302551,0.07434374401226289,0.07065752148628235,0.0,0.005078375339508057,0.022284504026174545,0.9256562559877372,7432.0,0.07771770656108856,0.05146370828151703,-0.692062258720398,0.40043057050592035,0.7020622491836548,0.14190763235092163,0.18684878945350647,0.2813473343849182,0.5995694294940797
119,0.0015904905552405022,15657.0,0.08379855006933212,0.056657686829566956,-0.07391190528869629,0.05754614549402823,0.08391189575195312,0.0,0.0017582406289875507,0.01899046264588833,0.9424538545059717,7432.0,0.07915940880775452,0.05577798932790756,-0.7179515957832336,0.3973358449946179,0.7279515862464905,0.14050240814685822,0.1866564154624939,0.2861722707748413,0.6026641550053822
120,0.0015818111733683655,15657.0,0.07999584078788757,0.05468404293060303,-0.11092174053192139,0.07983649485852973,0.12092173099517822,0.0,0.006839065812528133,0.027485277503728867,0.9201635051414703,7432.0,0.07189609855413437,0.047945886850357056,-0.7233484983444214,0.41119483315392896,0.7333484888076782,0.1483505815267563,0.19839707016944885,0.2902836799621582,0.5888051668460711
121,0.001580627980611978,15657.0,0.08251416683197021,0.05588275194168091,-0.0708661824464798,0.05626876157629176,0.08086617290973663,0.0,0.0014217302668839693,0.01827341876924038,0.9437312384237082,7432.0,0.07873214781284332,0.05399741232395172,-0.7308827638626099,0.39868137782561897,0.7408827543258667,0.13664571940898895,0.18765760958194733,0.27592378854751587,0.601318622174381
122,0.00156153762908352,15657.0,0.07996021211147308,0.053244173526763916,-0.06964540481567383,0.06291115794852142,0.07964539527893066,0.0,0.0026026489213109016,0.01834055967628956,0.9370888420514786,7432.0,0.07389888912439346,0.050449877977371216,-0.7105520963668823,0.405005382131324,0.7205520868301392,0.14460816979408264,0.193088561296463,0.28215983510017395,0.594994617868676
123,0.001547021558508277,15657.0,0.07948188483715057,0.05504411458969116,-0.11386531591415405,0.08283834706521045,0.12386530637741089,0.0,0.007369529455900192,0.027090994641184807,0.9171616529347896,7432.0,0.0739971175789833,0.049445003271102905,-0.7099083662033081,0.4052744886975242,0.7199083566665649,0.14636214077472687,0.19491718709468842,0.2906815707683563,0.5947255113024758
124,0.0015679355823404848,15657.0,0.08045195043087006,0.05543695390224457,-0.07468992471694946,0.06450788784569202,0.0846899151802063,0.0,0.0034722331911325455,0.019885435700416565,0.9354921121543079,7432.0,0.0734109953045845,0.04928518831729889,-0.7154247760772705,0.40406350914962325,0.7254247665405273,0.14493156969547272,0.19382046163082123,0.28653252124786377,0.5959364908503767
125,0.0015368565556503112,15657.0,0.07944060117006302,0.05358773469924927,-0.06072106957435608,0.05805709906112282,0.07072106003761292,0.0,0.0017115308437496424,0.01934671401977539,0.9419429009388772,7432.0,0.07323095202445984,0.04834069311618805,-0.717133104801178,0.4068891280947255,0.7271330952644348,0.14692182838916779,0.1953701376914978,0.28999581933021545,0.5931108719052745
126,0.0015511728537779663,15657.0,0.08219996839761734,0.05617636442184448,-0.05891454219818115,0.05684358433927317,0.06891453266143799,0.0,0.001617910573258996,0.018952637910842896,0.9431564156607268,7432.0,0.07732003182172775,0.05133713781833649,-0.6658711433410645,0.3998923573735199,0.6758711338043213,0.14254626631736755,0.18863920867443085,0.284699022769928,0.6001076426264801
127,0.0015426126398867177,15657.0,0.08421865105628967,0.058911800384521484,-0.08513295650482178,0.053713993740818804,0.09513294696807861,0.0,0.0010517368791624904,0.018748659640550613,0.9462860062591812,7432.0,0.07764442265033722,0.053362488746643066,-0.7050398588180542,0.39652852529601723,0.715039849281311,0.1408415138721466,0.18852344155311584,0.28564146161079407,0.6034714747039828
128,0.0015485134997194813,15657.0,0.08111702650785446,0.05657041072845459,-0.04290354251861572,0.05333077856549786,0.05290353298187256,0.0,0.0008993314113467932,0.017812909558415413,0.9466692214345022,7432.0,0.074503593146801,0.05028681457042694,-0.6905876398086548,0.40365984930032295,0.7005876302719116,0.14540165662765503,0.19335882365703583,0.28790831565856934,0.596340150699677
129,0.0015407359159942116,15657.0,0.07905701547861099,0.05440814793109894,-0.07709279656410217,0.06757360924825956,0.08709278702735901,0.0,0.003993088845163584,0.02162850834429264,0.9324263907517404,7432.0,0.07720401883125305,0.05342298746109009,-0.7181112170219421,0.39908503767491926,0.728111207485199,0.14209182560443878,0.18983498215675354,0.28197044134140015,0.6009149623250807
130,0.0015749706428558115,15657.0,0.0852108895778656,0.06014344096183777,-0.057448312640190125,0.04490004470843712,0.06744830310344696,0.0,0.0,0.015532448887825012,0.9550999552915629,7432.0,0.08147215843200684,0.05860742926597595,-0.6822110414505005,0.38832077502691065,0.6922110319137573,0.13743023574352264,0.18578338623046875,0.27736082673072815,0.6116792249730894
131,0.0015772975297764905,15657.0,0.07346862554550171,0.0487326979637146,-0.07865026593208313,0.09446254071661238,0.08865025639533997,0.0,0.008123740553855896,0.02690126933157444,0.9055374592833876,7432.0,0.06707008183002472,0.04102477431297302,-0.7316642999649048,0.4231700753498385,0.7416642904281616,0.15260428190231323,0.1974809318780899,0.2875584363937378,0.5768299246501615
132,0.001487497841158221,15657.0,0.07677409797906876,0.05221858620643616,-0.08144059777259827,0.07261927572331864,0.0914405882358551,0.0,0.004573748912662268,0.020504193380475044,0.9273807242766814,7432.0,0.07264206558465958,0.04694962501525879,-0.7007466554641724,0.414962325080732,0.7107466459274292,0.14617814123630524,0.19166304171085358,0.2805904448032379,0.5850376749192681
133,0.001523916046285341,15657.0,0.08093613386154175,0.05619925260543823,-0.08456411957740784,0.05205339464776138,0.09456411004066467,0.0,0.00062749587232247,0.018572112545371056,0.9479466053522386,7432.0,0.0748714730143547,0.04892091453075409,-0.7070029973983765,0.4035252960172228,0.7170029878616333,0.14357958734035492,0.1925041675567627,0.2837212383747101,0.5964747039827771
134,0.0015375048875988972,15657.0,0.08019264042377472,0.056130826473236084,-0.06993547081947327,0.05767388388580188,0.0799354612827301,0.0,0.00162039406131953,0.018469955772161484,0.9423261161141981,7432.0,0.0742429867386818,0.0501779243350029,-0.6950623989105225,0.406216361679225,0.7050623893737793,0.14523698389530182,0.19413407146930695,0.29181501269340515,0.5937836383207751
135,0.0015000155338296486,15657.0,0.07749864459037781,0.053569138050079346,-0.05395227670669556,0.06399693427859743,0.06395226716995239,0.0,0.0030903636943548918,0.020986145362257957,0.9360030657214026,7432.0,0.07218188792467117,0.0467553436756134,-0.7113683223724365,0.4120021528525296,0.7213683128356934,0.14758643507957458,0.19903364777565002,0.2808747887611389,0.5879978471474704
136,0.0014985776619024335,15657.0,0.07663164287805557,0.05227303504943848,-0.08495432138442993,0.06342211151561601,0.09495431184768677,0.0,0.002608483424410224,0.019834553822875023,0.936577888484384,7432.0,0.07171498984098434,0.046250514686107635,-0.6879348158836365,0.4133476856835307,0.6979348063468933,0.1468103975057602,0.1945468634366989,0.28737878799438477,0.5866523143164694
137,0.0015112171250004922,15657.0,0.08091657608747482,0.05728280544281006,-0.05845588445663452,0.05435268569968704,0.06845587491989136,0.0,0.0010539188515394926,0.01720673404633999,0.945647314300313,7432.0,0.07696714997291565,0.05121944844722748,-0.6925647258758545,0.4028525296017223,0.7025647163391113,0.1420719176530838,0.19136717915534973,0.2825033962726593,0.5971474703982778
138,0.0015055830139786967,15657.0,0.07906830310821533,0.055103421211242676,-0.059580981731414795,0.06546592578399438,0.06958097219467163,0.0,0.0034505052026361227,0.020610960200428963,0.9345340742160057,7432.0,0.07630639523267746,0.04976826161146164,-0.6864871978759766,0.406216361679225,0.6964871883392334,0.1411886066198349,0.190732941031456,0.2794498801231384,0.5937836383207751
139,0.0014811596390040171,15657.0,0.07969983667135239,0.05664628744125366,-0.14780980348587036,0.0526282174107428,0.1578097939491272,0.0,0.0007979933870956302,0.019082054495811462,0.9473717825892572,7432.0,0.07596609741449356,0.04986158013343811,-0.648928165435791,0.40540904198062433,0.6589281558990479,0.14196807146072388,0.18920542299747467,0.2774159014225006,0.5945909580193757
140,0.0014813426814432587,15657.0,0.07667635381221771,0.05306649208068848,-0.06027677655220032,0.0660407485469758,0.07027676701545715,0.0,0.0032285822089761496,0.02031216397881508,0.9339592514530242,7432.0,0.0723833441734314,0.04783041775226593,-0.6012933254241943,0.4121367061356297,0.6112933158874512,0.14896073937416077,0.19506868720054626,0.28744280338287354,0.5878632938643703
141,0.0014740079528682173,15657.0,0.07691895216703415,0.054752081632614136,-0.05089008808135986,0.06840390879478828,0.0608900785446167,0.0,0.003990710247308016,0.022911040112376213,0.9315960912052117,7432.0,0.07092181593179703,0.046070680022239685,-0.6490638256072998,0.4189989235737352,0.6590638160705566,0.14971673488616943,0.19925694167613983,0.29283326864242554,0.5810010764262648
142,0.0014738203777420905,15657.0,0.07751668989658356,0.05512544512748718,-0.0655311644077301,0.060995082071916715,0.07553115487098694,0.0,0.0024769764859229326,0.020613310858607292,0.9390049179280833,7432.0,0.07457246631383896,0.04951299726963043,-0.6279385089874268,0.4066200215285253,0.6379384994506836,0.14425384998321533,0.19311024248600006,0.2843722701072693,0.5933799784714747
143,0.0014769698628374645,15657.0,0.07419779151678085,0.05109274387359619,-0.05903142690658569,0.073577313661621,0.06903141736984253,0.0,0.005000527016818523,0.02225865051150322,0.926422686338379,7432.0,0.0690804123878479,0.044645532965660095,-0.6838864684104919,0.41751883745963403,0.6938864588737488,0.1520155519247055,0.1982726752758026,0.289599746465683,0.582481162540366
144,0.0014831216990827552,15657.0,0.08034269511699677,0.05691790580749512,-0.055569201707839966,0.044452960337229355,0.0655691921710968,0.0,0.0,0.015514184720814228,0.9555470396627707,7432.0,0.0761992409825325,0.050104960799217224,-0.6556742191314697,0.4031216361679225,0.6656742095947266,0.14299984276294708,0.1900056004524231,0.28480029106140137,0.5968783638320775
145,0.0014692915701157144,15657.0,0.07886766642332077,0.056139469146728516,-0.07530227303504944,0.05122309510123268,0.08530226349830627,0.0,0.00034292525378987193,0.01836800016462803,0.9487769048987673,7432.0,0.07472408562898636,0.04866565763950348,-0.6440680027008057,0.4083692142088267,0.6540679931640625,0.14295676350593567,0.19307595491409302,0.28819581866264343,0.5916307857911733
146,0.001466589788305423,15657.0,0.07470797002315521,0.05159732699394226,-0.07103466987609863,0.06744587085648591,0.08103466033935547,0.0,0.0036177635192871094,0.02038758620619774,0.9325541291435141,7432.0,0.07040119171142578,0.04672621935606003,-0.6654329895973206,0.41388589881593113,0.6754329800605774,0.14993172883987427,0.19933761656284332,0.2878769636154175,0.5861141011840689
147,0.0014421484553285182,15657.0,0.07467614114284515,0.0524890273809433,-0.05472642183303833,0.07070319984671393,0.06472641229629517,0.0,0.004656499717384577,0.021954670548439026,0.9292968001532861,7432.0,0.0713057667016983,0.04634480178356171,-0.7188551425933838,0.4160387513455328,0.7288551330566406,0.14702677726745605,0.19449295103549957,0.2888971269130707,0.5839612486544672
148,0.0014410569678030669,15657.0,0.07845741510391235,0.05565667152404785,-0.11278381943702698,0.04604969023439995,0.12278380990028381,0.0,0.0,0.01567075587809086,0.9539503097656,7432.0,0.076321080327034,0.05200447142124176,-0.6396028399467468,0.4025834230355221,0.6496028304100037,0.14390011131763458,0.1936095654964447,0.28469839692115784,0.5974165769644779
149,0.0014591477060269926,15657.0,0.07559914141893387,0.053208690136671066,-0.06787517666816711,0.05792936066934917,0.07787516713142395,0.0,0.0017797169275581837,0.018622061237692833,0.9420706393306508,7432.0,0.07238549739122391,0.0467357337474823,-0.6895592212677002,0.41065662002152853,0.699559211730957,0.14689192175865173,0.19685135781764984,0.29057052731513977,0.5893433799784715
150,0.0014425805326731456,15657.0,0.07563920319080353,0.053586363792419434,-0.061207473278045654,0.056651976751612695,0.07120746374130249,0.0,0.0015853240620344877,0.019047101959586143,0.9433480232483873,7432.0,0.07122338563203812,0.046733587980270386,-0.6529399156570435,0.41388589881593113,0.6629399061203003,0.1493677794933319,0.19785919785499573,0.2845189571380615,0.5861141011840689
151,0.0014145441969195681,15657.0,0.07400937378406525,0.05230891704559326,-0.0774223804473877,0.06859551638244875,0.08742237091064453,0.0,0.00441348273307085,0.02527356520295143,0.9314044836175512,7432.0,0.0682171955704689,0.04547134041786194,-0.7097982168197632,0.421286329386437,0.71979820728302,0.15225781500339508,0.20184849202632904,0.29612427949905396,0.5787136706135629
152,0.0014395209502488856,15657.0,0.07822688668966293,0.056408464908599854,-0.07042497396469116,0.04426135274956888,0.080424964427948,0.0,0.0,0.015421164222061634,0.9557386472504311,7432.0,0.07596557587385178,0.0526801198720932,-0.6561763882637024,0.4015069967707212,0.6661763787269592,0.14204813539981842,0.18980476260185242,0.2902100682258606,0.5984930032292788
153,0.0014437139297144548,15657.0,0.07561971247196198,0.05460774898529053,-0.06723707914352417,0.06469949543335249,0.077237069606781,0.0,0.003448750590905547,0.02079685591161251,0.9353005045666475,7432.0,0.07077637314796448,0.04565244913101196,-0.7188645005226135,0.4121367061356297,0.7288644909858704,0.14883440732955933,0.1946290284395218,0.29272180795669556,0.5878632938643703
154,0.0014149515115986428,15657.0,0.07835344970226288,0.05550730228424072,-0.05579116940498352,0.05339464776138468,0.06579115986824036,0.0,0.0008553091902285814,0.016125915572047234,0.9466053522386153,7432.0,0.07778358459472656,0.05260099470615387,-0.6427652835845947,0.40217976318622173,0.6527652740478516,0.14156849682331085,0.18657702207565308,0.28240835666656494,0.5978202368137783
155,0.0014503225984592591,15657.0,0.07721684873104095,0.055898189544677734,-0.0615328848361969,0.04917928083285431,0.07153287529945374,0.0,0.0,0.016680346801877022,0.9508207191671457,7432.0,0.07549362629652023,0.04940350353717804,-0.6590936183929443,0.40540904198062433,0.6690936088562012,0.14529244601726532,0.18901380896568298,0.2851228415966034,0.5945909580193757
156,0.0014452692346587296,15657.0,0.08031453937292099,0.058411866426467896,-0.03499463200569153,0.037874433160886505,0.044994622468948364,0.0,0.0,0.013420647010207176,0.9621255668391135,7432.0,0.07665339857339859,0.05146993696689606,-0.6589453220367432,0.40379440258342303,0.6689453125,0.14034157991409302,0.1887884885072708,0.2819228172302246,0.596205597416577
157,0.0014177635236973724,15657.0,0.06874971836805344,0.04830425977706909,-0.09803310036659241,0.08488216133358881,0.10803309082984924,0.0,0.006540460512042046,0.024038778617978096,0.9151178386664112,7432.0,0.06481438875198364,0.040598779916763306,-0.7132445573806763,0.4293595263724435,0.7232445478439331,0.15282303094863892,0.2019641399383545,0.2981361448764801,0.5706404736275565
158,0.0014039977648926357,15657.0,0.07409277558326721,0.05311709642410278,-0.07273709774017334,0.06431628025803156,0.08273708820343018,0.0,0.003251984715461731,0.02143171615898609,0.9356837197419684,7432.0,0.07204066962003708,0.047250330448150635,-0.6373863816261292,0.41119483315392896,0.647386372089386,0.14626091718673706,0.1965639740228653,0.2928839921951294,0.5888051668460711
159,0.0014082606649026275,15657.0,0.07609611749649048,0.054601967334747314,-0.09522300958633423,0.04905154244108067,0.10522300004959106,0.0,0.0,0.016444997861981392,0.9509484575589193,7432.0,0.07121171802282333,0.04612767696380615,-0.6277651786804199,0.4107911733046286,0.6377651691436768,0.14762963354587555,0.1955968737602234,0.2936531603336334,0.5892088266953713
160,0.0014283361754590465,15657.0,0.07120783627033234,0.04966098070144653,-0.09021316468715668,0.06763747844414639,0.10021315515041351,0.0,0.003502168459817767,0.020785188302397728,0.9323625215558536,7432.0,0.06806368380784988,0.04427535831928253,-0.6821284294128418,0.41980624327233584,0.6921284198760986,0.149574875831604,0.1970691829919815,0.2907339930534363,0.5801937567276642
161,0.0014094422203338435,15657.0,0.07471965998411179,0.05359870195388794,-0.04768671095371246,0.04917928083285431,0.05768671631813049,0.0,0.0,0.016170445829629898,0.9508207191671457,7432.0,0.07246361672878265,0.047868624329566956,-0.7033833861351013,0.4103875134553283,0.7133833765983582,0.1465132236480713,0.1968517005443573,0.29089757800102234,0.5896124865446717
162,0.0013951677941687166,15657.0,0.07555791735649109,0.05395066738128662,-0.04779970645904541,0.04771028932745737,0.057799696922302246,0.0,0.0,0.014119202271103859,0.9522897106725426,7432.0,0.07287131249904633,0.04745911806821823,-0.6836338043212891,0.414962325080732,0.6936337947845459,0.14329290390014648,0.1952008306980133,0.2881878614425659,0.5850376749192681
163,0.0013883528712716315,15657.0,0.07542230933904648,0.05482161045074463,-0.04148881137371063,0.048540588873986074,0.05148881673812866,0.0,0.0,0.016095351427793503,0.951459411126014,7432.0,0.07264132797718048,0.0465334951877594,-0.7105939984321594,0.4097147470398278,0.7205939888954163,0.14244410395622253,0.19026367366313934,0.2866860628128052,0.5902852529601722
164,0.0013802253768869465,15657.0,0.06799561530351639,0.0480550080537796,-0.08677741885185242,0.08411573098294692,0.09677740931510925,0.0,0.006243158597499132,0.02407539263367653,0.9158842690170531,7432.0,0.06377420574426651,0.03931055963039398,-0.7002891302108765,0.4329924650161464,0.7102891206741333,0.155254527926445,0.20857569575309753,0.2981396019458771,0.5670075349838536
165,0.0013885265366444664,15657.0,0.07514196634292603,0.05384984612464905,-0.04939207434654236,0.04426135274956888,0.059392064809799194,0.0,0.0,0.014858218841254711,0.9557386472504311,7432.0,0.07432878017425537,0.04803825914859772,-0.6275261640548706,0.4052744886975242,0.6375261545181274,0.14569123089313507,0.19022446870803833,0.28235092759132385,0.5947255113024758
166,0.0013759600546871943,15657.0,0.07051905989646912,0.05024796724319458,-0.050771474838256836,0.06220859679376636,0.06077146530151367,0.0,0.0024719247594475746,0.018889224156737328,0.9377914032062337,7432.0,0.06744233518838882,0.04202393442392349,-0.6717987060546875,0.42370828848223896,0.6817986965179443,0.15115712583065033,0.20121847093105316,0.29853007197380066,0.576291711517761
167,0.0013645142842564852,15657.0,0.07123083621263504,0.04990285634994507,-0.06064683198928833,0.062400204381426835,0.07064682245254517,0.0,0.002274323021993041,0.017287667840719223,0.9375997956185732,7432.0,0.06871410459280014,0.04400894045829773,-0.6946535110473633,0.41967168998923576,0.7046535015106201,0.14873246848583221,0.19684459269046783,0.2954169809818268,0.5803283100107642
168,0.0013647567698611847,15657.0,0.07272636145353317,0.05218958854675293,-0.06528349220752716,0.04911541163696749,0.075283482670784,0.0,0.0,0.015997571870684624,0.9508845883630325,7432.0,0.069942906498909,0.04512937366962433,-0.6818385720252991,0.41442411194833156,0.6918385624885559,0.15028692781925201,0.19920772314071655,0.2928089499473572,0.5855758880516685
169,0.0013744800892328062,15657.0,0.07131387293338776,0.05097228288650513,-0.04812246561050415,0.0617615124225586,0.058122456073760986,0.0,0.0027519292198121548,0.01789960265159607,0.9382384875774414,7432.0,0.06948195397853851,0.045817047357559204,-0.6543540954589844,0.41751883745963403,0.6643540859222412,0.14949016273021698,0.19539876282215118,0.29332903027534485,0.582481162540366
170,0.0013422348776892308,15657.0,0.07713598012924194,0.05696868896484375,-0.05395902693271637,0.035830618892508145,0.0639590173959732,0.0,0.0,0.013298220001161098,0.9641693811074918,7432.0,0.07398903369903564,0.04944837838411331,-0.6406364440917969,0.40729278794402585,0.6506364345550537,0.14274874329566956,0.19456040859222412,0.2933407425880432,0.5927072120559742
171,0.0013664576164897412,15657.0,0.07299026101827621,0.05304345488548279,-0.07542937994003296,0.05115922590534585,0.0854293704032898,0.0,0.0002333055017516017,0.01619410142302513,0.9488407740946542,7432.0,0.0695628896355629,0.04315076023340225,-0.677287220954895,0.41846071044133476,0.6872872114181519,0.14696161448955536,0.19447532296180725,0.2986983060836792,0.5815392895586652
172,0.0013467137468978763,15657.0,0.0759848803281784,0.05545717477798462,-0.045759499073028564,0.035128057737753085,0.0557594895362854,0.0,0.0,0.011498657055199146,0.9648719422622469,7432.0,0.07377864420413971,0.048496559262275696,-0.6870608329772949,0.4103875134553283,0.6970608234405518,0.14452601969242096,0.19345715641975403,0.2843782305717468,0.5896124865446717
173,0.0013693213470340256,15657.0,0.07546553015708923,0.05593228340148926,-0.036133259534835815,0.03761895637733921,0.04613324999809265,0.0,0.0,0.01354581955820322,0.9623810436226607,7432.0,0.07331255823373795,0.04911090433597565,-0.6581763029098511,0.41482777179763186,0.6681762933731079,0.1457860916852951,0.19568423926830292,0.29497432708740234,0.5851722282023681
174,0.0013637410611995766,15657.0,0.07220069319009781,0.052324265241622925,-0.06991469860076904,0.05358625534904515,0.07991468906402588,0.0,0.0008022796828299761,0.01694706827402115,0.9464137446509548,7432.0,0.07095834612846375,0.04636922478675842,-0.6794211268424988,0.41684607104413346,0.6894211173057556,0.14830823242664337,0.1968632936477661,0.29217764735221863,0.5831539289558665
175,0.0013610266239172028,15657.0,0.07318025082349777,0.05392146110534668,-0.05418485403060913,0.04745481254391007,0.06418484449386597,0.0,0.0,0.017282061278820038,0.95254518745609,7432.0,0.07038811594247818,0.04543127119541168,-0.6748254299163818,0.41455866523143164,0.6848254203796387,0.14905697107315063,0.19974713027477264,0.29693859815597534,0.5854413347685683
176,0.0013339957973409083,15657.0,0.07322022318840027,0.053921401500701904,-0.05578124523162842,0.04406974516190841,0.06578123569488525,0.0,0.0,0.013650903478264809,0.9559302548380916,7432.0,0.07007326930761337,0.045416370034217834,-0.6920896768569946,0.4219590958019376,0.7020896673202515,0.1482890248298645,0.19720777869224548,0.2944886386394501,0.5780409041980624
177,0.001339948867567845,15657.0,0.07046205550432205,0.05117875337600708,-0.05685195326805115,0.05869579101999106,0.06685194373130798,0.0,0.0020198917482048273,0.020305877551436424,0.941304208980009,7432.0,0.06688395887613297,0.044170647859573364,-0.6998493671417236,0.4241119483315393,0.7098493576049805,0.15321582555770874,0.20264343917369843,0.29929283261299133,0.5758880516684607
178,0.0013434235945404057,15657.0,0.06937568634748459,0.05100494623184204,-0.09107410907745361,0.062400204381426835,0.10107409954071045,0.0,0.0027553043328225613,0.01940707303583622,0.9375997956185732,7432.0,0.06876949965953827,0.04550938308238983,-0.698491096496582,0.4207481162540366,0.7084910869598389,0.15038928389549255,0.19900894165039062,0.30928391218185425,0.5792518837459634
179,0.0013364774190009602,15657.0,0.06690936535596848,0.04785561561584473,-0.05989718437194824,0.06897873155776969,0.06989717483520508,0.0,0.00398873258382082,0.02122846432030201,0.9310212684422303,7432.0,0.06334108859300613,0.038747623562812805,-0.6455153226852417,0.4311087190527449,0.6555153131484985,0.15630266070365906,0.20917463302612305,0.3052460849285126,0.5688912809472552
180,0.0013296490520118705,15657.0,0.07117588073015213,0.05148318409919739,-0.08761075139045715,0.05358625534904515,0.09761074185371399,0.0,0.0006747263250872493,0.016672780737280846,0.9464137446509548,7432.0,0.07118789851665497,0.04546542465686798,-0.6564447283744812,0.4153659849300323,0.666444718837738,0.14785432815551758,0.19469647109508514,0.2907484471797943,0.5846340150699677
181,0.0013203713179175411,15657.0,0.07360707968473434,0.054163455963134766,-0.041157543659210205,0.03972663984160439,0.05115753412246704,0.0,0.0,0.013033231720328331,0.9602733601583956,7432.0,0.07350142300128937,0.04732032120227814,-0.6805969476699829,0.4082346609257266,0.6905969381332397,0.1458909809589386,0.196398064494133,0.2898380160331726,0.5917653390742734
182,0.0013463182878049632,15657.0,0.06851411610841751,0.05068713426589966,-0.06579464673995972,0.06406080347448426,0.07579463720321655,0.0,0.003092434722930193,0.02014227956533432,0.9359391965255157,7432.0,0.06764467060565948,0.042732298374176025,-0.6665540933609009,0.4192680301399354,0.6765540838241577,0.15417763590812683,0.20434249937534332,0.29680198431015015,0.5807319698600646
183,0.0013314358657225966,15657.0,0.07225415110588074,0.05291891098022461,-0.05255395174026489,0.045666475059079004,0.06255394220352173,0.0,0.0,0.01591651327908039,0.9543335249409209,7432.0,0.06984996795654297,0.045554161071777344,-0.6523482799530029,0.42007534983853606,0.6623482704162598,0.15007473528385162,0.20123645663261414,0.29403558373451233,0.579924650161464
184,0.0013255985386128868,15657.0,0.07297492027282715,0.053715288639068604,-0.04396304488182068,0.032701028294053774,0.053963035345077515,0.0,0.0,0.010464337654411793,0.9672989717059463,7432.0,0.0724627673625946,0.04699164628982544,-0.6599602103233337,0.4134822389666308,0.6699602007865906,0.14737631380558014,0.19625194370746613,0.2955983877182007,0.5865177610333692
185,0.0013081859647025985,15657.0,0.0696713849902153,0.050848811864852905,-0.0531022846698761,0.05179791786421409,0.06310227513313293,0.0,0.00029711503884755075,0.01583155244588852,0.9482020821357859,7432.0,0.06574466824531555,0.0415312722325325,-0.6773368716239929,0.4311087190527449,0.6873368620872498,0.15392668545246124,0.20390357077121735,0.2996504306793213,0.5688912809472552
186,0.001313910091055497,15657.0,0.06791350990533829,0.04892486333847046,-0.05445912480354309,0.06259181196908731,0.06445911526679993,0.0,0.0026196022517979145,0.01896299421787262,0.9374081880309126,7432.0,0.06536832451820374,0.04030425846576691,-0.6750586032867432,0.4261302475780409,0.68505859375,0.15404362976551056,0.20140384137630463,0.29763293266296387,0.5738697524219591
187,0.0013121502218587744,15657.0,0.06946024298667908,0.05123966932296753,-0.043049752712249756,0.04611355943028677,0.05304974317550659,0.0,0.0,0.014721599407494068,0.9538864405697133,7432.0,0.06764087826013565,0.04350908100605011,-0.6658544540405273,0.42343918191603874,0.6758544445037842,0.15287524461746216,0.20633558928966522,0.3009223937988281,0.5765608180839612
188,0.0012817590106879511,15657.0,0.06590479612350464,0.0475848913192749,-0.07988819479942322,0.06776521683592003,0.08988818526268005,0.0,0.003114931518211961,0.019414741545915604,0.9322347831640799,7432.0,0.06575270742177963,0.04085375368595123,-0.6450226306915283,0.4277448869752422,0.6550226211547852,0.1517801433801651,0.20479817688465118,0.3024194538593292,0.5722551130247578
189,0.001298824865971842,15657.0,0.0683402493596077,0.05014258623123169,-0.04706236720085144,0.05339464776138468,0.057062357664108276,0.0,0.0006926083005964756,0.015612010844051838,0.9466053522386153,7432.0,0.06606435775756836,0.03960572928190231,-0.7024317979812622,0.42707212055974164,0.712431788444519,0.15385495126247406,0.20256410539150238,0.2962692081928253,0.5729278794402584
190,0.001295904929359113,15657.0,0.062368836253881454,0.044948823750019073,-0.05132424831390381,0.08935300504566647,0.061324238777160645,0.0,0.006754547357559204,0.022741137072443962,0.9106469949543335,7432.0,0.059355974197387695,0.03348829597234726,-0.6493913531303406,0.44268030139935416,0.6593913435935974,0.1600649505853653,0.2112448811531067,0.3049966096878052,0.5573196986006459
191,0.0012975135412547857,15657.0,0.07374493777751923,0.05530679225921631,-0.03964164853096008,0.032126205531072365,0.04964163899421692,0.0,0.0,0.010397966019809246,0.9678737944689276,7432.0,0.07286866009235382,0.04750147461891174,-0.6745396852493286,0.4085037674919268,0.6845396757125854,0.14594592154026031,0.19843649864196777,0.29748213291168213,0.5914962325080731
192,0.0012830710038542747,15657.0,0.0690934881567955,0.0508999228477478,-0.03861692547798157,0.051670179472440445,0.0486169159412384,0.0,0.00045458925887942314,0.01632360741496086,0.9483298205275595,7432.0,0.06646104902029037,0.04220041632652283,-0.6558963060379028,0.42828310010764264,0.6658962965011597,0.15257686376571655,0.20162686705589294,0.30025044083595276,0.5717168998923574
193,0.0012756938888360896,15657.0,0.06737770140171051,0.049586355686187744,-0.05309116840362549,0.06048412850482213,0.06309115886688232,0.0,0.0021668768022209406,0.018380526453256607,0.9395158714951779,7432.0,0.06519001722335815,0.039380282163619995,-0.6895726323127747,0.4290904198062433,0.6995726227760315,0.15195947885513306,0.20241130888462067,0.29562127590179443,0.5709095801937567
194,0.0013057964838921062,15657.0,0.06977979093790054,0.05189499258995056,-0.052141666412353516,0.0470077281727023,0.06214165687561035,0.0,0.0,0.014719529077410698,0.9529922718272977,7432.0,0.06724139302968979,0.04350566864013672,-0.6537164449691772,0.4258611410118407,0.6637164354324341,0.15240560472011566,0.2045162469148636,0.3066672682762146,0.5741388589881593
195,0.0012766786911074192,15657.0,0.069316565990448,0.05168057978153229,-0.06680318713188171,0.040237593408698986,0.07680317759513855,0.0,0.0,0.011450577527284622,0.959762406591301,7432.0,0.0691768005490303,0.04533363878726959,-0.6539497971534729,0.41940258342303555,0.6639497876167297,0.1491154134273529,0.2015199065208435,0.30146729946136475,0.5805974165769645
196,0.0012553082929263192,15657.0,0.06551375985145569,0.04833984375,-0.07022315263748169,0.05850418343233059,0.08022314310073853,0.0,0.0015154896536841989,0.018014539033174515,0.9414958165676695,7432.0,0.06753693521022797,0.043818384408950806,-0.6741874814033508,0.4195371367061356,0.6841874718666077,0.15179552137851715,0.20364002883434296,0.2995794415473938,0.5804628632938643
197,0.0012830580179128916,15657.0,0.06859400123357773,0.05128520727157593,-0.10173064470291138,0.0486044580698729,0.11173063516616821,0.0,0.0,0.01632758602499962,0.9513955419301271,7432.0,0.065416119992733,0.042366623878479004,-0.6521180868148804,0.4288213132400431,0.6621180772781372,0.15331047773361206,0.2077912539243698,0.3043680489063263,0.571178686759957
198,0.0012808649034629907,15657.0,0.06927191466093063,0.05170774459838867,-0.0483129620552063,0.04196206169764323,0.058312952518463135,0.0,0.0,0.013897276483476162,0.9580379383023567,7432.0,0.0693712830543518,0.045097336173057556,-0.6418692469596863,0.41913347685683533,0.6518692374229431,0.14962458610534668,0.1985953450202942,0.2977792024612427,0.5808665231431647
199,0.001270243090637509,15657.0,0.06658913195133209,0.04903267323970795,-0.05930548906326294,0.05211726384364821,0.06930547952651978,0.0,0.0003617852053139359,0.014531191438436508,0.9478827361563518,7432.0,0.06902368366718292,0.04499119520187378,-0.6479969620704651,0.4188643702906351,0.6579969525337219,0.14845210313796997,0.1981775313615799,0.298114538192749,0.5811356297093649
200,0.001269774462637161,15657.0,0.0657915249466896,0.04885387420654297,-0.06894227862358093,0.05875966021587788,0.07894226908683777,0.0,0.0016736384714022279,0.016861964017152786,0.9412403397841221,7432.0,0.06642626971006393,0.04348677396774292,-0.6634594202041626,0.42182454251883744,0.6734594106674194,0.1511971652507782,0.20261774957180023,0.30170902609825134,0.5781754574811625
201,0.001252271854619105,15657.0,0.06560294330120087,0.04778391122817993,-0.0751156210899353,0.05269208660662962,0.08511562645435333,0.0,0.0005693754646927118,0.014787166379392147,0.9473079133933704,7432.0,0.0649908035993576,0.042128294706344604,-0.6075291037559509,0.4259956942949408,0.6175290942192078,0.15410886704921722,0.204988032579422,0.3006364703178406,0.5740043057050592
202,0.001262399923777388,15657.0,0.0656924843788147,0.04883742332458496,-0.04916489124298096,0.057354537906367756,0.05916488170623779,0.0,0.0013403557240962982,0.017696915194392204,0.9426454620936322,7432.0,0.06505712121725082,0.03945577144622803,-0.6123168468475342,0.426264800861141,0.622316837310791,0.15241757035255432,0.20738621056079865,0.307791143655777,0.573735199138859
203,0.0012536945399798213,15657.0,0.06963496655225754,0.051869288086891174,-0.041115447878837585,0.049370888420514784,0.05111543834209442,0.0,0.0,0.014547422528266907,0.9506291115794853,7432.0,0.07171671837568283,0.04732652008533478,-0.6130872964859009,0.4102529601722282,0.6230872869491577,0.145095095038414,0.19918833673000336,0.29414430260658264,0.5897470398277718
204,0.0012659748430333792,15657.0,0.06863903254270554,0.05182415246963501,-0.05875122547149658,0.04745481254391007,0.06875121593475342,0.0,0.0,0.015934903174638748,0.95254518745609,7432.0,0.06611887365579605,0.041571736335754395,-0.6137089729309082,0.421286329386437,0.623708963394165,0.1545996367931366,0.2047796994447708,0.2961447536945343,0.5787136706135629
205,0.0012248049700452435,15657.0,0.0705539658665657,0.05345529317855835,-0.04899132251739502,0.03519192693363991,0.058991312980651855,0.0,0.0,0.010974391363561153,0.9648080730663601,7432.0,0.07019194960594177,0.0466780960559845,-0.61754310131073,0.4142895586652314,0.6275430917739868,0.1480083465576172,0.1977423131465912,0.30044129490852356,0.5857104413347686
206,0.0012595337222240145,15657.0,0.06688132137060165,0.04929199814796448,-0.054638683795928955,0.05071214153413808,0.06463867425918579,0.0,0.00018285134865436703,0.016025207936763763,0.949287858465862,7432.0,0.06675264984369278,0.042470209300518036,-0.6015379428863525,0.4231700753498385,0.6115379333496094,0.15109707415103912,0.20244303345680237,0.2993347644805908,0.5768299246501615
207,0.0012615694431588054,15657.0,0.06538888067007065,0.048212841153144836,-0.059223055839538574,0.05984543654595389,0.06922304630279541,0.0,0.0019397741416469216,0.016140539199113846,0.9401545634540461,7432.0,0.062018152326345444,0.03800062835216522,-0.5928817987442017,0.4315123789020452,0.6028817892074585,0.1565084010362625,0.21210969984531403,0.3065277338027954,0.5684876210979548
208,0.0012580497385633568,15657.0,0.06624658405780792,0.04974186420440674,-0.06646502017974854,0.0461774286261736,0.07646501064300537,0.0,0.0,0.013617507182061672,0.9538225713738264,7432.0,0.06392597407102585,0.038746774196624756,-0.6338922381401062,0.43070505920344454,0.643892228603363,0.15345129370689392,0.20222434401512146,0.30055856704711914,0.5692949407965554
209,0.0012558591063885438,15657.0,0.06408990174531937,0.04744398593902588,-0.04657396674156189,0.059589959762406594,0.056573957204818726,0.0,0.0015069867949932814,0.015673862770199776,0.9404100402375934,7432.0,0.06286563724279404,0.03833024203777313,-0.5986768007278442,0.4370290635091496,0.6086767911911011,0.15463577210903168,0.20416516065597534,0.2983618378639221,0.5629709364908504
210,0.001239408044174554,15657.0,0.06383096426725388,0.04715937376022339,-0.0709996223449707,0.05997317493772753,0.08099961280822754,0.0,0.0017715671565383673,0.017179660499095917,0.9400268250622724,7432.0,0.06165355443954468,0.036575980484485626,-0.6255367994308472,0.4363562970936491,0.635536789894104,0.15706183016300201,0.20710232853889465,0.30578693747520447,0.5636437029063509
211,0.001220797387612683,15657.0,0.06674148887395859,0.04953646659851074,-0.05532371997833252,0.04138723893466181,0.06532371044158936,0.0,0.0,0.013378337025642395,0.9586127610653382,7432.0,0.06569406390190125,0.0400603711605072,-0.6415078639984131,0.4311087190527449,0.6515078544616699,0.1540420651435852,0.20370572805404663,0.3014550507068634,0.5688912809472552
212,0.0012287897951600531,15657.0,0.06773093342781067,0.05013343691825867,-0.047292113304138184,0.043750399182474295,0.05729210376739502,0.0,0.0,0.01335054263472557,0.9562496008175257,7432.0,0.0695955827832222,0.04671122133731842,-0.629684329032898,0.42047900968783636,0.6396843194961548,0.14782002568244934,0.19460220634937286,0.2994435131549835,0.5795209903121636
213,0.0012192224986070106,15657.0,0.06502310186624527,0.04869750142097473,-0.04972556233406067,0.05409720891613975,0.059725552797317505,0.0,0.0008627607021480799,0.015765806660056114,0.9459027910838602,7432.0,0.06612352281808853,0.040693894028663635,-0.6232722997665405,0.42801399354144243,0.6332722902297974,0.1548631340265274,0.20196402072906494,0.2996198534965515,0.5719860064585576
214,0.0012093007587076676,15657.0,0.0662616416811943,0.050115883350372314,-0.0777011513710022,0.0472632049562496,0.08770114183425903,0.0,0.0,0.01537114568054676,0.9527367950437504,7432.0,0.06547294557094574,0.04079253971576691,-0.6825429201126099,0.4247847147470398,0.6925429105758667,0.1555366963148117,0.20610013604164124,0.30111175775527954,0.5752152852529602
215,0.0012357723899185658,15657.0,0.0699373334646225,0.05319339036941528,-0.04481521248817444,0.03397841221179025,0.054815202951431274,0.0,0.0,0.01126645877957344,0.9660215877882098,7432.0,0.07018111646175385,0.0438314825296402,-0.6301243305206299,0.41751883745963403,0.6401243209838867,0.14908474683761597,0.19901643693447113,0.29904285073280334,0.582481162540366
216,0.0012189097094139265,15657.0,0.06916312128305435,0.0528910756111145,-0.07773466408252716,0.03844925592386792,0.087734654545784,0.0,0.0,0.012636897154152393,0.9615507440761321,7432.0,0.06716656684875488,0.04205736517906189,-0.606567919254303,0.42209364908503766,0.6165679097175598,0.15162798762321472,0.20249119400978088,0.3033546805381775,0.5779063509149623
217,0.0012369296708775142,15657.0,0.06632759422063828,0.049688518047332764,-0.046845853328704834,0.04247301526473782,0.056845858693122864,0.0,0.0,0.012363380752503872,0.9575269847352622,7432.0,0.06774978339672089,0.04366464912891388,-0.6120352745056152,0.4206135629709365,0.6220352649688721,0.15226516127586365,0.2011067420244217,0.2999623119831085,0.5793864370290636
218,0.001218395108627456,15657.0,0.06382282823324203,0.048357829451560974,-0.059336453676223755,0.0641885418662579,0.06933644413948059,0.0,0.002830378245562315,0.020034579560160637,0.9358114581337421,7432.0,0.06474841386079788,0.040421321988105774,-0.6037932634353638,0.4304359526372443,0.6137932538986206,0.15365388989448547,0.2026832550764084,0.30194413661956787,0.5695640473627557
219,0.0012390831778306634,15657.0,0.06498159468173981,0.04874312877655029,-0.051210105419158936,0.05633263077217858,0.06121009588241577,0.0,0.0012018210254609585,0.016909854486584663,0.9436673692278215,7432.0,0.0671587884426117,0.043560683727264404,-0.615149974822998,0.42438105489773953,0.6251499652862549,0.15191924571990967,0.20106637477874756,0.3002854585647583,0.5756189451022605
220,0.001210661098030546,15657.0,0.06318597495555878,0.04778704047203064,-0.0582863986492157,0.0604202593089353,0.06828638911247253,0.0,0.0019409088417887688,0.017260966822504997,0.9395797406910646,7432.0,0.06306757032871246,0.03779055178165436,-0.5641260147094727,0.4343379978471475,0.5741260051727295,0.1572701781988144,0.20782798528671265,0.30133116245269775,0.5656620021528526
221,0.0012143209216094787,15657.0,0.06562558561563492,0.04942142963409424,-0.0824492871761322,0.04630516701794724,0.09244927763938904,0.0,0.0,0.014837053604424,0.9536948329820527,7432.0,0.06492507457733154,0.04113876819610596,-0.6012770533561707,0.4268030139935414,0.6112770438194275,0.1551387459039688,0.20437173545360565,0.3045503497123718,0.5731969860064585
222,0.0012218335891262659,15657.0,0.06912577152252197,0.05326439440250397,-0.03859215974807739,0.029571437695599414,0.04859215021133423,0.0,0.0,0.00843457318842411,0.9704285623044006,7432.0,0.06877776980400085,0.04482632875442505,-0.6195486187934875,0.42007534983853606,0.6295486092567444,0.1525735706090927,0.20140068233013153,0.2933237552642822,0.579924650161464
223,0.00118965084003585,15657.0,0.06268247961997986,0.04701966047286987,-0.04792033135890961,0.06054799770070895,0.05792033672332764,0.0,0.0018746149726212025,0.017770197242498398,0.939452002299291,7432.0,0.06280273199081421,0.036971867084503174,-0.5541342496871948,0.43393433799784714,0.5641342401504517,0.1577780395746231,0.20696496963500977,0.29764845967292786,0.5660656620021528
224,0.0012077311609661387,15657.0,0.0681559219956398,0.05205738544464111,-0.04624515771865845,0.036533180047263206,0.05624514818191528,0.0,0.0,0.013003031723201275,0.9634668199527368,7432.0,0.07139343023300171,0.04590512812137604,-0.6051161289215088,0.41455866523143164,0.6151161193847656,0.14702416956424713,0.19661618769168854,0.2888959050178528,0.5854413347685683
225,0.0012124278131992587,15657.0,0.0692080408334732,0.0526617169380188,-0.05393970012664795,0.04094015456345405,0.06393969058990479,0.0,0.0,0.013655021786689758,0.959059845436546,7432.0,0.06867054104804993,0.043518826365470886,-0.6119278073310852,0.4169806243272336,0.621927797794342,0.1513250321149826,0.20261508226394653,0.2995101809501648,0.5830193756727664
226,0.0012041232135567453,15657.0,0.06288505345582962,0.04714961349964142,-0.06213495135307312,0.05301143258606374,0.07213494181632996,0.0,0.0005276405718177557,0.017548704519867897,0.9469885674139362,7432.0,0.061708077788352966,0.038516342639923096,-0.6120713353157043,0.4332615715823466,0.6220713257789612,0.15851439535617828,0.20914441347122192,0.3023488223552704,0.5667384284176534
227,0.0011953459564416158,15657.0,0.06915145367383957,0.05324745178222656,-0.04358896613121033,0.03225394392284601,0.05358895659446716,0.0,0.0,0.011039047501981258,0.967746056077154,7432.0,0.07064249366521835,0.04664012789726257,-0.6176913380622864,0.41644241119483316,0.6276913285255432,0.14900723099708557,0.198846235871315,0.300383985042572,0.5835575888051668
228,0.0011911595262767327,15657.0,0.06809036433696747,0.05287101864814758,-0.05187654495239258,0.03455323497477167,0.061876535415649414,0.0,0.0,0.012223568744957447,0.9654467650252283,7432.0,0.06874458491802216,0.044405192136764526,-0.6312938332557678,0.41617330462863295,0.6412938237190247,0.15252436697483063,0.20078915357589722,0.3001376688480377,0.5838266953713671
229,0.0012124058858100925,15657.0,0.061322715133428574,0.04590088129043579,-0.0666537880897522,0.07038385386727981,0.07665377855300903,0.0,0.0038670641370117664,0.018953735008835793,0.9296161461327201,7432.0,0.0600421205163002,0.03470851480960846,-0.6298043727874756,0.4403928955866523,0.6398043632507324,0.16003188490867615,0.21085035800933838,0.30897340178489685,0.5596071044133477
230,0.0011848764486550804,15657.0,0.061015814542770386,0.04646223783493042,-0.09084755182266235,0.06623235613463627,0.10084754228591919,0.0,0.003211469389498234,0.01860716938972473,0.9337676438653637,7432.0,0.06106235831975937,0.037787117063999176,-0.634911060333252,0.4402583423035522,0.6449110507965088,0.15908828377723694,0.208602637052536,0.30875280499458313,0.5597416576964478
231,0.0011751631823097987,15657.0,0.06063191220164299,0.046036720275878906,-0.06658989191055298,0.06406080347448426,0.07658988237380981,0.0,0.0026686210185289383,0.01766143925487995,0.9359391965255157,7432.0,0.06035813316702843,0.03667594492435455,-0.6014018058776855,0.44079655543595264,0.6114017963409424,0.16026830673217773,0.21014072000980377,0.30196908116340637,0.5592034445640474
232,0.0011693212887152068,15657.0,0.06266666948795319,0.047708094120025635,-0.062887042760849,0.05588554640097081,0.07288703322410583,0.0,0.0014313261490315199,0.018481506034731865,0.9441144535990292,7432.0,0.06104618310928345,0.03762182593345642,-0.6402471661567688,0.4352798708288482,0.6502471566200256,0.1574620008468628,0.2072053700685501,0.3060309886932373,0.5647201291711518
233,0.001174142873365312,15657.0,0.06346149742603302,0.04858091473579407,-0.05322679877281189,0.05601328479274446,0.06322678923606873,0.0,0.0011732468847185373,0.016230452805757523,0.9439867152072555,7432.0,0.06359884887933731,0.03918764740228653,-0.6037417054176331,0.4290904198062433,0.6137416958808899,0.15654703974723816,0.20431531965732574,0.30481427907943726,0.5709095801937567
234,0.0011754699366828126,15657.0,0.06105867773294449,0.045840948820114136,-0.05851621925830841,0.05575780800919716,0.06851620972156525,0.0,0.0011721102055162191,0.01613217405974865,0.9442421919908028,7432.0,0.06374242156744003,0.03988121449947357,-0.6080248951911926,0.42868675995694294,0.6180248856544495,0.15833041071891785,0.20633305609226227,0.3037872612476349,0.5713132400430571
235,0.001198743248448497,15657.0,0.06511902064085007,0.049510180950164795,-0.06324779987335205,0.04330331481126653,0.07324779033660889,0.0,0.0,0.013508530333638191,0.9566966851887335,7432.0,0.06643377244472504,0.043140023946762085,-0.618437647819519,0.42115177610333693,0.6284376382827759,0.1542842835187912,0.20488958060741425,0.29936444759368896,0.5788482238966631
236,0.0011698338954198744,15657.0,0.06360313296318054,0.04822462797164917,-0.056718870997428894,0.052245002235421854,0.06671886146068573,0.0,0.0005102495197206736,0.01621043123304844,0.9477549977645782,7432.0,0.06289918720722198,0.038391709327697754,-0.6186360120773315,0.4272066738428418,0.6286360025405884,0.15492871403694153,0.20964664220809937,0.3089629113674164,0.5727933261571583
237,0.001172344620910383,15657.0,0.06013810634613037,0.045212507247924805,-0.045723140239715576,0.06425241106214473,0.05572313070297241,0.0,0.0028478747699409723,0.019270338118076324,0.9357475889378553,7432.0,0.06048574298620224,0.034729719161987305,-0.6283857822418213,0.43918191603875134,0.6383857727050781,0.16042493283748627,0.20825867354869843,0.30449721217155457,0.5608180839612487
238,0.0011792650048230444,15657.0,0.06121058389544487,0.046463996171951294,-0.058783143758773804,0.060228651721274826,0.06878313422203064,0.0,0.002053911564871669,0.017678847536444664,0.9397713482787252,7432.0,0.05936386436223984,0.03504355251789093,-0.626991868019104,0.4405274488697524,0.6369918584823608,0.16297464072704315,0.216706320643425,0.3101179301738739,0.5594725511302476
239,0.0011528163938032043,15657.0,0.06554213166236877,0.05080902576446533,-0.0296521857380867,0.03666091843903685,0.03965219110250473,0.0,0.0,0.01168639026582241,0.9633390815609632,7432.0,0.0649065300822258,0.04091740399599075,-0.6170697212219238,0.4317814854682454,0.6270697116851807,0.15462557971477509,0.20568890869617462,0.3053916394710541,0.5682185145317545
240,0.0011662938894944326,15657.0,0.05921442434191704,0.0447438508272171,-0.07209846377372742,0.07319409848630005,0.08209845423698425,0.0,0.004616515710949898,0.020426679402589798,0.9268059015136999,7432.0,0.06065862998366356,0.03707272559404373,-0.6535919904708862,0.4377018299246502,0.6635919809341431,0.159215047955513,0.2132505476474762,0.30852216482162476,0.5622981700753499
241,0.0011470462571108533,15657.0,0.06225723773241043,0.04791170358657837,-0.04833289980888367,0.05039279555470397,0.0583328902721405,0.0,0.00010469382687006146,0.014477348886430264,0.949607204445296,7432.0,0.060527149587869644,0.03799934685230255,-0.645493745803833,0.4377018299246502,0.6554937362670898,0.1605624556541443,0.21275438368320465,0.31538698077201843,0.5622981700753499
242,0.0011551603186695325,15657.0,0.06556239724159241,0.051129162311553955,-0.04460793733596802,0.03321198186114837,0.054607927799224854,0.0,0.0,0.009882692247629166,0.9667880181388516,7432.0,0.06590580940246582,0.041690438985824585,-0.6796938180923462,0.4281485468245425,0.689693808555603,0.15385301411151886,0.20592975616455078,0.2971084415912628,0.5718514531754575
243,0.0011561124420334254,15657.0,0.06371250003576279,0.04851070046424866,-0.07819414138793945,0.050328926358817146,0.08819413185119629,0.0,7.055111927911639e-05,0.014058367349207401,0.9496710736411829,7432.0,0.06336488574743271,0.0391615629196167,-0.6397470235824585,0.4304359526372443,0.6497470140457153,0.15664362907409668,0.20729683339595795,0.3108382225036621,0.5695640473627557
244,0.0011484371010033834,15657.0,0.06004330515861511,0.045518308877944946,-0.05872930586338043,0.05805709906112282,0.06872931122779846,0.0,0.0015257730847224593,0.01625083014369011,0.9419429009388772,7432.0,0.06098850816488266,0.03674192726612091,-0.6514854431152344,0.4385091496232508,0.6614854335784912,0.15677037835121155,0.21075692772865295,0.3046149015426636,0.5614908503767492
245,0.001146666303787741,15657.0,0.0607420988380909,0.04663322865962982,-0.0625573992729187,0.0606757360924826,0.07255738973617554,0.0,0.0022712238132953644,0.017458882182836533,0.9393242639075174,7432.0,0.06062944605946541,0.037206292152404785,-0.654234766960144,0.43258880516684606,0.6642347574234009,0.16145066916942596,0.2103383094072342,0.3068556785583496,0.5674111948331539
246,0.0011487787217652845,15657.0,0.06336302310228348,0.04873588681221008,-0.05229741334915161,0.05045666475059079,0.06229740381240845,0.0,0.00010726973414421082,0.015249291434884071,0.9495433352494093,7432.0,0.06475624442100525,0.03960169851779938,-0.6516339182853699,0.42962863293864373,0.6616339087486267,0.1536322385072708,0.20307528972625732,0.29876700043678284,0.5703713670613563
247,0.0011433693993416045,15657.0,0.06212788447737694,0.04758143424987793,-0.06906488537788391,0.05115922590534585,0.07906487584114075,0.0,0.00027681273058988154,0.015234162099659443,0.9488407740946542,7432.0,0.06180591136217117,0.03884996473789215,-0.6437759399414062,0.4315123789020452,0.6537759304046631,0.15969428420066833,0.21457664668560028,0.3089916408061981,0.5684876210979548
248,0.0011508025852362475,15657.0,0.05901998654007912,0.04516249895095825,-0.05982649326324463,0.060995082071916715,0.06982648372650146,0.0,0.0022657455410808325,0.018096260726451874,0.9390049179280833,7432.0,0.058782074600458145,0.03590837121009827,-0.6478407382965088,0.4422766415500538,0.6578407287597656,0.16301992535591125,0.21312551200389862,0.3098066747188568,0.5577233584499461
249,0.0011337145284238842,15657.0,0.06209811940789223,0.04776787757873535,-0.0622086226940155,0.04975410359583573,0.07220861315727234,0.0,0.0,0.015985997393727303,0.9502458964041642,7432.0,0.06135431304574013,0.03668045997619629,-0.6688946485519409,0.4364908503767492,0.6788946390151978,0.15837284922599792,0.2099837213754654,0.30797648429870605,0.5635091496232508
250,0.001153648541789622,15657.0,0.06085273250937462,0.04725947976112366,-0.061420559883117676,0.05218113303953503,0.07142055034637451,0.0,0.0005846269195899367,0.016030622646212578,0.947818866960465,7432.0,0.06315489113330841,0.0388701930642128,-0.6707380414009094,0.4364908503767492,0.6807380318641663,0.15657126903533936,0.20526736974716187,0.3024537265300751,0.5635091496232508
