regime,step,thresholds,sample_count,coverage,precision_up,precision_down,balanced_precision,all_sample_accuracy,accepted_sample_accuracy,share_up_predictions,share_down_predictions,selected_t_up,selected_t_down,accepted_count,up_prediction_count,down_prediction_count,roc_auc,brier_score,log_loss,utility,downside_risk,selection_score,up_signal_count,down_signal_count,total_signal_count,signal_coverage,overall_signal_accuracy,continuation_sample_count,continuation_coverage,continuation_accepted_accuracy,continuation_accepted_count,reversal_sample_count,reversal_coverage,reversal_accepted_accuracy,reversal_accepted_count,constraint_satisfied,objective,hard_constraint
session_greedy,initial,"{""asia"": {""t_down"": 0.43, ""t_up"": 0.575}, ""europe"": {""t_down"": 0.43, ""t_up"": 0.575}, ""us"": {""t_down"": 0.43, ""t_up"": 0.575}}",7468.0,0.7055436529191216,0.7023605884365378,0.6947996589940324,0.6985801237152851,0.6501071237279057,0.698994116530651,0.5547542228126779,0.44524577718732206,0.575,0.43,5269.0,2923.0,2346.0,0.7058910363334758,0.21755449978607114,0.623945993595267,0.2807980717728978,0.46083922421286133,0.6093189490380648,2923.0,2346.0,5269.0,0.7055436529191216,0.698994116530651,4825.0,0.7573056994818653,0.9950738916256158,3654.0,2643.0,0.6110480514566781,0.02910216718266254,1615.0,,,
session_greedy,set_asia,"{""asia"": {""t_down"": 0.4, ""t_up"": 0.55}, ""europe"": {""t_down"": 0.43, ""t_up"": 0.575}, ""us"": {""t_down"": 0.43, ""t_up"": 0.575}}",7468.0,0.702597750401714,0.694471704285247,0.7009132420091324,0.6976924731471896,0.6501071237279057,0.6971602820659425,0.5826186392224129,0.4173813607775872,0.5666666666666667,0.42,5247.0,3057.0,2190.0,0.7058910363334758,0.21755449978607114,0.623945993595267,0.2770487412961972,0.46127486876347207,0.6006152948216642,3057.0,2190.0,5247.0,0.702597750401714,0.6971602820659425,4825.0,0.7523316062176166,0.9953168044077135,3630.0,2643.0,0.6118047673098751,0.027829313543599257,1617.0,,,
session_greedy,set_asia,"{""asia"": {""t_down"": 0.415, ""t_up"": 0.55}, ""europe"": {""t_down"": 0.43, ""t_up"": 0.575}, ""us"": {""t_down"": 0.43, ""t_up"": 0.575}}",7468.0,0.7122388859132298,0.694471704285247,0.6971706454465075,0.6958211748658772,0.6501071237279057,0.6956194773453657,0.5747320924985899,0.42526790750141,0.5666666666666667,0.425,5319.0,3057.0,2262.0,0.7058910363334758,0.21755449978607114,0.623945993595267,0.27865559721478306,0.4656088963381428,0.5984756721925107,3057.0,2262.0,5319.0,0.7122388859132298,0.6956194773453657,4825.0,0.7606217616580311,0.9948228882833787,3670.0,2643.0,0.6239122209610292,0.02971497877501516,1649.0,,,
session_greedy,set_asia,"{""asia"": {""t_down"": 0.425, ""t_up"": 0.55}, ""europe"": {""t_down"": 0.43, ""t_up"": 0.575}, ""us"": {""t_down"": 0.43, ""t_up"": 0.575}}",7468.0,0.7192019282271023,0.694471704285247,0.6953327571305099,0.6949022307078785,0.6501071237279057,0.6948426736175759,0.5691677527462298,0.43083224725377023,0.5666666666666667,0.4283333333333333,5371.0,3057.0,2314.0,0.7058910363334758,0.21755449978607114,0.623945993595267,0.28026245313336906,0.4684759732866421,0.5982429603959378,3057.0,2314.0,5371.0,0.7192019282271023,0.6948426736175759,4825.0,0.7672538860103627,0.9945975148568341,3702.0,2643.0,0.6314793794930004,0.029958058717795086,1669.0,,,
session_greedy,set_asia,"{""asia"": {""t_down"": 0.43, ""t_up"": 0.55}, ""europe"": {""t_down"": 0.43, ""t_up"": 0.575}, ""us"": {""t_down"": 0.43, ""t_up"": 0.575}}",7468.0,0.7234868773433315,0.694471704285247,0.6947996589940324,0.6946356816396397,0.6501071237279057,0.6946141032759579,0.5657967795669073,0.43420322043309273,0.5666666666666667,0.43,5403.0,3057.0,2346.0,0.7058910363334758,0.21755449978607114,0.623945993595267,0.28160149973219073,0.47004541142911965,0.5990942425669328,3057.0,2346.0,5403.0,0.7234868773433315,0.6946141032759579,4825.0,0.7713989637305699,0.9943578721117678,3722.0,2643.0,0.6360196746121831,0.030933967876264127,1681.0,,,
session_greedy,set_asia,"{""asia"": {""t_down"": 0.435, ""t_up"": 0.55}, ""europe"": {""t_down"": 0.43, ""t_up"": 0.575}, ""us"": {""t_down"": 0.43, ""t_up"": 0.575}}",7468.0,0.7276379217996787,0.694471704285247,0.6928901977282289,0.6936809510067379,0.6501071237279057,0.69377990430622,0.562569009937431,0.437430990062569,0.5666666666666667,0.43166666666666664,5434.0,3057.0,2377.0,0.7058910363334758,0.21755449978607114,0.623945993595267,0.2820032137118371,0.47203533135128856,0.5974197162414743,3057.0,2377.0,5434.0,0.7276379217996787,0.69377990430622,4825.0,0.7745077720207254,0.9941129248059941,3737.0,2643.0,0.6420734014377601,0.03241013553329405,1697.0,,,
session_greedy,set_asia,"{""asia"": {""t_down"": 0.445, ""t_up"": 0.55}, ""europe"": {""t_down"": 0.43, ""t_up"": 0.575}, ""us"": {""t_down"": 0.43, ""t_up"": 0.575}}",7468.0,0.7358061060524906,0.694471704285247,0.6903199343724364,0.6923958193288418,0.6501071237279057,0.6926296633303003,0.5563239308462239,0.44367606915377616,0.5666666666666667,0.435,5495.0,3057.0,2438.0,0.7058910363334758,0.21755449978607114,0.623945993595267,0.283476164970541,0.4755680503786759,0.5960790779465109,3057.0,2438.0,5495.0,0.7358061060524906,0.6926296633303003,4825.0,0.7823834196891192,0.9933774834437086,3775.0,2643.0,0.6507756337495271,0.03255813953488372,1720.0,,,
session_greedy,set_asia,"{""asia"": {""t_down"": 0.455, ""t_up"": 0.55}, ""europe"": {""t_down"": 0.43, ""t_up"": 0.575}, ""us"": {""t_down"": 0.43, ""t_up"": 0.575}}",7468.0,0.7455811462238886,0.694471704285247,0.6873755475906014,0.6909236259379241,0.6501071237279057,0.6912715517241379,0.5490301724137931,0.4509698275862069,0.5666666666666667,0.4383333333333333,5568.0,3057.0,2511.0,0.7058910363334758,0.21755449978607114,0.623945993595267,0.28521692554900907,0.4797729779150132,0.5944830965439081,3057.0,2511.0,5568.0,0.7455811462238886,0.6912715517241379,4825.0,0.7912953367875648,0.9929282346778417,3818.0,2643.0,0.6621263715474839,0.03314285714285714,1750.0,,,
session_greedy,set_asia,"{""asia"": {""t_down"": 0.4, ""t_up"": 0.56}, ""europe"": {""t_down"": 0.43, ""t_up"": 0.575}, ""us"": {""t_down"": 0.43, ""t_up"": 0.575}}",7468.0,0.6955008034279593,0.6970705725699068,0.7009132420091324,0.6989919072895197,0.6501071237279057,0.6986907970735464,0.5783596457450905,0.42164035425490953,0.57,0.42,5194.0,3004.0,2190.0,0.7058910363334758,0.21755449978607114,0.623945993595267,0.27637921799678633,0.45777810423346643,0.6037405796408147,3004.0,2190.0,5194.0,0.6955008034279593,0.6986907970735464,4825.0,0.7467357512953368,0.9958368026644463,3603.0,2643.0,0.6019674612183126,0.025769956002514142,1591.0,,,
session_greedy,set_asia,"{""asia"": {""t_down"": 0.415, ""t_up"": 0.56}, ""europe"": {""t_down"": 0.43, ""t_up"": 0.575}, ""us"": {""t_down"": 0.43, ""t_up"": 0.575}}",7468.0,0.7051419389394751,0.6970705725699068,0.6971706454465075,0.6971206090082072,0.6501071237279057,0.6971135586783137,0.5704519559437904,0.42954804405620967,0.57,0.425,5266.0,3004.0,2262.0,0.7058910363334758,0.21755449978607114,0.623945993595267,0.2779860739153722,0.46214492587504563,0.6015127687251377,3004.0,2262.0,5266.0,0.7051419389394751,0.6971135586783137,4825.0,0.7550259067357513,0.9953335163326928,3643.0,2643.0,0.6140749148694665,0.027726432532347505,1623.0,,,
session_greedy,set_asia,"{""asia"": {""t_down"": 0.425, ""t_up"": 0.56}, ""europe"": {""t_down"": 0.43, ""t_up"": 0.575}, ""us"": {""t_down"": 0.43, ""t_up"": 0.575}}",7468.0,0.7121049812533476,0.6970705725699068,0.6953327571305099,0.6962016648502083,0.6501071237279057,0.6963144039112449,0.564874012786762,0.4351259872132381,0.57,0.4283333333333333,5318.0,3004.0,2314.0,0.7058910363334758,0.21755449978607114,0.623945993595267,0.27959292983395834,0.4650333597815265,0.601231984658717,3004.0,2314.0,5318.0,0.7121049812533476,0.6963144039112449,4825.0,0.7616580310880829,0.9951020408163266,3675.0,2643.0,0.6216420734014377,0.02799756542909312,1643.0,,,
session_greedy,set_asia,"{""asia"": {""t_down"": 0.43, ""t_up"": 0.56}, ""europe"": {""t_down"": 0.43, ""t_up"": 0.575}, ""us"": {""t_down"": 0.43, ""t_up"": 0.575}}",7468.0,0.7163899303695769,0.6970705725699068,0.6947996589940324,0.6959351157819695,0.6501071237279057,0.6960747663551402,0.5614953271028037,0.43850467289719625,0.57,0.43,5350.0,3004.0,2346.0,0.7058910363334758,0.21755449978607114,0.623945993595267,0.2809319764327799,0.4666143771556964,0.602064553058211,3004.0,2346.0,5350.0,0.7163899303695769,0.6960747663551402,4825.0,0.7658031088082902,0.9948579161028417,3695.0,2643.0,0.6261823685206205,0.029003021148036254,1655.0,,,
session_greedy,set_asia,"{""asia"": {""t_down"": 0.435, ""t_up"": 0.56}, ""europe"": {""t_down"": 0.43, ""t_up"": 0.575}, ""us"": {""t_down"": 0.43, ""t_up"": 0.575}}",7468.0,0.7205409748259239,0.6970705725699068,0.6928901977282289,0.6949803851490679,0.6501071237279057,0.6952239360713622,0.5582605463668463,0.4417394536331537,0.57,0.43166666666666664,5381.0,3004.0,2377.0,0.7058910363334758,0.21755449978607114,0.623945993595267,0.2813336904124264,0.4686188666781874,0.6003464871285804,3004.0,2377.0,5381.0,0.7205409748259239,0.6952239360713622,4825.0,0.7689119170984456,0.9946091644204852,3710.0,2643.0,0.6322360953461975,0.03052064631956912,1671.0,,,
session_greedy,set_asia,"{""asia"": {""t_down"": 0.445, ""t_up"": 0.56}, ""europe"": {""t_down"": 0.43, ""t_up"": 0.575}, ""us"": {""t_down"": 0.43, ""t_up"": 0.575}}",7468.0,0.7287091590787359,0.6970705725699068,0.6903199343724364,0.6936952534711716,0.6501071237279057,0.6940463065049615,0.5520029400955531,0.4479970599044469,0.57,0.435,5442.0,3004.0,2438.0,0.7058910363334758,0.21755449978607114,0.623945993595267,0.28280664167113023,0.47217714758743123,0.5989418232460393,3004.0,2438.0,5442.0,0.7287091590787359,0.6940463065049615,4825.0,0.7767875647668394,0.993863393810032,3748.0,2643.0,0.6409383276579644,0.030696576151121605,1694.0,,,
session_greedy,set_asia,"{""asia"": {""t_down"": 0.455, ""t_up"": 0.56}, ""europe"": {""t_down"": 0.43, ""t_up"": 0.575}, ""us"": {""t_down"": 0.43, ""t_up"": 0.575}}",7468.0,0.7384841992501339,0.6970705725699068,0.6873755475906014,0.6922230600802541,0.6501071237279057,0.6926563916591115,0.5446962828649139,0.4553037171350861,0.57,0.4383333333333333,5515.0,3004.0,2511.0,0.7058910363334758,0.21755449978607114,0.623945993595267,0.2845474022495983,0.476412004991759,0.5972716876740342,3004.0,2511.0,5515.0,0.7384841992501339,0.6926563916591115,4825.0,0.7856994818652849,0.993405433922448,3791.0,2643.0,0.6522890654559212,0.031322505800464036,1724.0,,,
session_greedy,set_asia,"{""asia"": {""t_down"": 0.4, ""t_up"": 0.57}, ""europe"": {""t_down"": 0.43, ""t_up"": 0.575}, ""us"": {""t_down"": 0.43, ""t_up"": 0.575}}",7468.0,0.6876004284949117,0.7011884550084889,0.7009132420091324,0.7010508485088107,0.6501071237279057,0.7010710808179162,0.5735150925024343,0.42648490749756574,0.5733333333333333,0.42,5135.0,2945.0,2190.0,0.7058910363334758,0.21755449978607114,0.623945993595267,0.27651312265666844,0.453369223612633,0.609907131439796,2945.0,2190.0,5135.0,0.6876004284949117,0.7010710808179162,4825.0,0.7407253886010363,0.9958030218242865,3574.0,2643.0,0.5906167234203556,0.02626521460602178,1561.0,,,
session_greedy,set_asia,"{""asia"": {""t_down"": 0.415, ""t_up"": 0.57}, ""europe"": {""t_down"": 0.43, ""t_up"": 0.575}, ""us"": {""t_down"": 0.43, ""t_up"": 0.575}}",7468.0,0.6972415640064275,0.7011884550084889,0.6971706454465075,0.6991795502274982,0.6501071237279057,0.6994430574227002,0.5655847897061648,0.43441521029383523,0.5733333333333333,0.425,5207.0,2945.0,2262.0,0.7058910363334758,0.21755449978607114,0.623945993595267,0.2781199785752544,0.4577781042334665,0.6075432092606452,2945.0,2262.0,5207.0,0.6972415640064275,0.6994430574227002,4825.0,0.7490155440414508,0.9952960708356392,3614.0,2643.0,0.6027241770715096,0.02824858757062147,1593.0,,,
session_greedy,set_asia,"{""asia"": {""t_down"": 0.425, ""t_up"": 0.57}, ""europe"": {""t_down"": 0.43, ""t_up"": 0.575}, ""us"": {""t_down"": 0.43, ""t_up"": 0.575}}",7468.0,0.7042046063202999,0.7011884550084889,0.6953327571305099,0.6982606060694994,0.6501071237279057,0.698611903403689,0.5599923939912531,0.4400076060087469,0.5733333333333333,0.4283333333333333,5259.0,2945.0,2314.0,0.7058910363334758,0.21755449978607114,0.623945993595267,0.2797268344938404,0.4606939178166234,0.6071858639236128,2945.0,2314.0,5259.0,0.7042046063202999,0.698611903403689,4825.0,0.7556476683937824,0.9950630828304992,3646.0,2643.0,0.6102913356034809,0.02851828890266584,1613.0,,,
session_greedy,set_asia,"{""asia"": {""t_down"": 0.43, ""t_up"": 0.57}, ""europe"": {""t_down"": 0.43, ""t_up"": 0.575}, ""us"": {""t_down"": 0.43, ""t_up"": 0.575}}",7468.0,0.7084895554365291,0.7011884550084889,0.6947996589940324,0.6979940570012606,0.6501071237279057,0.6983556983556983,0.5566055566055566,0.4433944433944434,0.5733333333333333,0.43,5291.0,2945.0,2346.0,0.7058910363334758,0.21755449978607114,0.623945993595267,0.28106588109266195,0.4622897761923073,0.6079863660574265,2945.0,2346.0,5291.0,0.7084895554365291,0.6983556983556983,4825.0,0.7597927461139896,0.9948172394980905,3666.0,2643.0,0.6148316307226637,0.029538461538461538,1625.0,,,
session_greedy,set_asia,"{""asia"": {""t_down"": 0.435, ""t_up"": 0.57}, ""europe"": {""t_down"": 0.43, ""t_up"": 0.575}, ""us"": {""t_down"": 0.43, ""t_up"": 0.575}}",7468.0,0.7126405998928763,0.7011884550084889,0.6928901977282289,0.697039326368359,0.6501071237279057,0.6974821495678316,0.5533633972190906,0.44663660278090944,0.5733333333333333,0.43166666666666664,5322.0,2945.0,2377.0,0.7058910363334758,0.21755449978607114,0.623945993595267,0.2814675950723085,0.464312935863609,0.606202354773482,2945.0,2377.0,5322.0,0.7126405998928763,0.6974821495678316,4825.0,0.7629015544041451,0.9945666938331975,3681.0,2643.0,0.6208853575482406,0.031078610603290677,1641.0,,,
session_greedy,set_asia,"{""asia"": {""t_down"": 0.445, ""t_up"": 0.57}, ""europe"": {""t_down"": 0.43, ""t_up"": 0.575}, ""us"": {""t_down"": 0.43, ""t_up"": 0.575}}",7468.0,0.7208087841456883,0.7011884550084889,0.6903199343724364,0.6957541946904626,0.6501071237279057,0.696266022663942,0.5470926992383429,0.4529073007616571,0.5733333333333333,0.435,5383.0,2945.0,2438.0,0.7058910363334758,0.21755449978607114,0.623945993595267,0.28294054633101223,0.4679039633379247,0.604697904913171,2945.0,2438.0,5383.0,0.7208087841456883,0.696266022663942,4825.0,0.7707772020725389,0.9938155418123151,3719.0,2643.0,0.6295875898600075,0.03125,1664.0,,,
session_greedy,set_asia,"{""asia"": {""t_down"": 0.455, ""t_up"": 0.57}, ""europe"": {""t_down"": 0.43, ""t_up"": 0.575}, ""us"": {""t_down"": 0.43, ""t_up"": 0.575}}",7468.0,0.7305838243170862,0.7011884550084889,0.6873755475906014,0.6942820012995452,0.6501071237279057,0.6948313782991202,0.5397727272727273,0.4602272727272727,0.5733333333333333,0.4383333333333333,5456.0,2945.0,2511.0,0.7058910363334758,0.21755449978607114,0.623945993595267,0.28468130690948046,0.4721771475874313,0.6029120815440715,2945.0,2511.0,5456.0,0.7305838243170862,0.6948313782991202,4825.0,0.7796891191709845,0.9933545986177565,3762.0,2643.0,0.6409383276579644,0.031877213695395513,1694.0,,,
session_greedy,set_asia,"{""asia"": {""t_down"": 0.4, ""t_up"": 0.575}, ""europe"": {""t_down"": 0.43, ""t_up"": 0.575}, ""us"": {""t_down"": 0.43, ""t_up"": 0.575}}",7468.0,0.684654525977504,0.7023605884365378,0.7009132420091324,0.7016369152228351,0.6501071237279057,0.7017406610600431,0.5716800312927831,0.4283199687072169,0.575,0.42,5113.0,2923.0,2190.0,0.7058910363334758,0.21755449978607114,0.623945993595267,0.27624531333690416,0.45189003786352705,0.6113109167950536,2923.0,2190.0,5113.0,0.684654525977504,0.7017406610600431,4825.0,0.7382383419689119,0.99606962380685,3562.0,2643.0,0.58683314415437,0.025789813023855575,1551.0,,,
session_greedy,set_asia,"{""asia"": {""t_down"": 0.415, ""t_up"": 0.575}, ""europe"": {""t_down"": 0.43, ""t_up"": 0.575}, ""us"": {""t_down"": 0.43, ""t_up"": 0.575}}",7468.0,0.6942956614890198,0.7023605884365378,0.6971706454465075,0.6997656169415227,0.6501071237279057,0.7000964320154291,0.5637415621986499,0.43625843780135004,0.575,0.425,5185.0,2923.0,2262.0,0.7058910363334758,0.21755449978607114,0.623945993595267,0.2778521692554901,0.45631321054377205,0.6089066957416895,2923.0,2262.0,5185.0,0.6942956614890198,0.7000964320154291,4825.0,0.7465284974093265,0.9955580233203776,3602.0,2643.0,0.598940597805524,0.027795325331648767,1583.0,,,
session_greedy,set_asia,"{""asia"": {""t_down"": 0.425, ""t_up"": 0.575}, ""europe"": {""t_down"": 0.43, ""t_up"": 0.575}, ""us"": {""t_down"": 0.43, ""t_up"": 0.575}}",7468.0,0.7012587038028923,0.7023605884365378,0.6953327571305099,0.6988466727835239,0.6501071237279057,0.699255298835211,0.5581439755585259,0.44185602444147415,0.575,0.4283333333333333,5237.0,2923.0,2314.0,0.7058910363334758,0.21755449978607114,0.623945993595267,0.27945902517407606,0.4592383251803013,0.6085272283500246,2923.0,2314.0,5237.0,0.7012587038028923,0.699255298835211,4825.0,0.753160621761658,0.9953219592735278,3634.0,2643.0,0.6065077563374953,0.028072364316905803,1603.0,,,
session_greedy,set_asia,"{""asia"": {""t_down"": 0.43, ""t_up"": 0.575}, ""europe"": {""t_down"": 0.43, ""t_up"": 0.575}, ""us"": {""t_down"": 0.43, ""t_up"": 0.575}}",7468.0,0.7055436529191216,0.7023605884365378,0.6947996589940324,0.6985801237152851,0.6501071237279057,0.698994116530651,0.5547542228126779,0.44524577718732206,0.575,0.43,5269.0,2923.0,2346.0,0.7058910363334758,0.21755449978607114,0.623945993595267,0.2807980717728978,0.46083922421286133,0.6093189490380648,2923.0,2346.0,5269.0,0.7055436529191216,0.698994116530651,4825.0,0.7573056994818653,0.9950738916256158,3654.0,2643.0,0.6110480514566781,0.02910216718266254,1615.0,,,
session_greedy,set_asia,"{""asia"": {""t_down"": 0.435, ""t_up"": 0.575}, ""europe"": {""t_down"": 0.43, ""t_up"": 0.575}, ""us"": {""t_down"": 0.43, ""t_up"": 0.575}}",7468.0,0.7096946973754686,0.7023605884365378,0.6928901977282289,0.6976253930823834,0.6501071237279057,0.6981132075471698,0.5515094339622642,0.44849056603773585,0.575,0.43166666666666664,5300.0,2923.0,2377.0,0.7058910363334758,0.21755449978607114,0.623945993595267,0.2811997857525441,0.4628687241664339,0.6075152004684443,2923.0,2377.0,5300.0,0.7096946973754686,0.6981132075471698,4825.0,0.7604145077720207,0.9948214772417553,3669.0,2643.0,0.617101778282255,0.030656039239730228,1631.0,,,
session_greedy,set_asia,"{""asia"": {""t_down"": 0.445, ""t_up"": 0.575}, ""europe"": {""t_down"": 0.43, ""t_up"": 0.575}, ""us"": {""t_down"": 0.43, ""t_up"": 0.575}}",7468.0,0.7178628816282807,0.7023605884365378,0.6903199343724364,0.6963402614044871,0.6501071237279057,0.6968849095318038,0.5452340981160231,0.45476590188397686,0.575,0.435,5361.0,2923.0,2438.0,0.7058910363334758,0.21755449978607114,0.623945993595267,0.28267273701124807,0.4664708697319869,0.605981542156446,2923.0,2438.0,5361.0,0.7178628816282807,0.6968849095318038,4825.0,0.7682901554404145,0.9940652818991098,3707.0,2643.0,0.6258040105940219,0.03083434099153567,1654.0,,,
session_greedy,set_asia,"{""asia"": {""t_down"": 0.455, ""t_up"": 0.575}, ""europe"": {""t_down"": 0.43, ""t_up"": 0.575}, ""us"": {""t_down"": 0.43, ""t_up"": 0.575}}",7468.0,0.7276379217996787,0.7023605884365378,0.6873755475906014,0.6948680680135696,0.6501071237279057,0.6954361428045639,0.5379094589620905,0.4620905410379095,0.575,0.4383333333333333,5434.0,2923.0,2511.0,0.7058910363334758,0.21755449978607114,0.623945993595267,0.2844134975897162,0.4707570627244813,0.6041619342760113,2923.0,2511.0,5434.0,0.7276379217996787,0.6954361428045639,4825.0,0.7772020725388601,0.9936,3750.0,2643.0,0.6371547483919788,0.03147268408551069,1684.0,,,
session_greedy,set_asia,"{""asia"": {""t_down"": 0.4, ""t_up"": 0.58}, ""europe"": {""t_down"": 0.43, ""t_up"": 0.575}, ""us"": {""t_down"": 0.43, ""t_up"": 0.575}}",7468.0,0.6809051955008034,0.7029360967184801,0.7009132420091324,0.7019246693638063,0.6501071237279057,0.7020648967551623,0.5693215339233039,0.4306784660766962,0.5766666666666667,0.42,5085.0,2895.0,2190.0,0.7058910363334758,0.21755449978607114,0.623945993595267,0.27517407605784683,0.4504059943223206,0.6109467447738409,2895.0,2190.0,5085.0,0.6809051955008034,0.7020648967551623,4825.0,0.734300518134715,0.996330793113181,3543.0,2643.0,0.583427922814983,0.02594033722438392,1542.0,,,
session_greedy,set_asia,"{""asia"": {""t_down"": 0.415, ""t_up"": 0.58}, ""europe"": {""t_down"": 0.43, ""t_up"": 0.575}, ""us"": {""t_down"": 0.43, ""t_up"": 0.575}}",7468.0,0.6905463310123192,0.7029360967184801,0.6971706454465075,0.7000533710824939,0.6501071237279057,0.7004072134962187,0.5613728912158231,0.4386271087841768,0.5766666666666667,0.425,5157.0,2895.0,2262.0,0.7058910363334758,0.21755449978607114,0.623945993595267,0.2767809319764327,0.4548435989633615,0.6085189120111767,2895.0,2262.0,5157.0,0.6905463310123192,0.7004072134962187,4825.0,0.7425906735751295,0.99581356405247,3583.0,2643.0,0.595535376466137,0.02795425667090216,1574.0,,,
session_greedy,set_asia,"{""asia"": {""t_down"": 0.425, ""t_up"": 0.58}, ""europe"": {""t_down"": 0.43, ""t_up"": 0.575}, ""us"": {""t_down"": 0.43, ""t_up"": 0.575}}",7468.0,0.6975093733261918,0.7029360967184801,0.6953327571305099,0.699134426924495,0.6501071237279057,0.6995584565175658,0.555768861585717,0.44423113841428297,0.5766666666666667,0.4283333333333333,5209.0,2895.0,2314.0,0.7058910363334758,0.21755449978607114,0.623945993595267,0.2783877878950188,0.4577781042334665,0.6081282292021578,2895.0,2314.0,5209.0,0.6975093733261918,0.6995584565175658,4825.0,0.7492227979274612,0.9955739972337483,3615.0,2643.0,0.6031025349981082,0.028230865746549563,1594.0,,,
session_greedy,set_asia,"{""asia"": {""t_down"": 0.43, ""t_up"": 0.58}, ""europe"": {""t_down"": 0.43, ""t_up"": 0.575}, ""us"": {""t_down"": 0.43, ""t_up"": 0.575}}",7468.0,0.701794322442421,0.7029360967184801,0.6947996589940324,0.6988678778562563,0.6501071237279057,0.6992940278572791,0.5523755008586148,0.44762449914138525,0.5766666666666667,0.43,5241.0,2895.0,2346.0,0.7058910363334758,0.21755449978607114,0.623945993595267,0.27972683449384034,0.4593840919908855,0.6089171117823347,2895.0,2346.0,5241.0,0.701794322442421,0.6992940278572791,4825.0,0.7533678756476684,0.9953232462173315,3635.0,2643.0,0.6076428301172909,0.029265255292652552,1606.0,,,
session_greedy,set_asia,"{""asia"": {""t_down"": 0.435, ""t_up"": 0.58}, ""europe"": {""t_down"": 0.43, ""t_up"": 0.575}, ""us"": {""t_down"": 0.43, ""t_up"": 0.575}}",7468.0,0.7059453668987681,0.7029360967184801,0.6928901977282289,0.6979131472233545,0.6501071237279057,0.6984066767830045,0.5491274658573596,0.4508725341426404,0.5766666666666667,0.43166666666666664,5272.0,2895.0,2377.0,0.7058910363334758,0.21755449978607114,0.623945993595267,0.2801285484734868,0.461419992211695,0.6071010211992863,2895.0,2377.0,5272.0,0.7059453668987681,0.6984066767830045,4825.0,0.7564766839378239,0.9950684931506849,3650.0,2643.0,0.613696556942868,0.030826140567200986,1622.0,,,
session_greedy,set_asia,"{""asia"": {""t_down"": 0.445, ""t_up"": 0.58}, ""europe"": {""t_down"": 0.43, ""t_up"": 0.575}, ""us"": {""t_down"": 0.43, ""t_up"": 0.575}}",7468.0,0.71411355115158,0.7029360967184801,0.6903199343724364,0.6966280155454583,0.6501071237279057,0.6971685730358147,0.5428464279017439,0.45715357209825613,0.5766666666666667,0.435,5333.0,2895.0,2438.0,0.7058910363334758,0.21755449978607114,0.623945993595267,0.2816014997321906,0.46503335978152655,0.605551179950805,2895.0,2438.0,5333.0,0.71411355115158,0.6971685730358147,4825.0,0.7643523316062176,0.9943058568329718,3688.0,2643.0,0.6223987892546349,0.03100303951367781,1645.0,,,
session_greedy,set_asia,"{""asia"": {""t_down"": 0.455, ""t_up"": 0.58}, ""europe"": {""t_down"": 0.43, ""t_up"": 0.575}, ""us"": {""t_down"": 0.43, ""t_up"": 0.575}}",7468.0,0.723888591322978,0.7029360967184801,0.6873755475906014,0.6951558221545407,0.6501071237279057,0.6957084720680725,0.5355160932297447,0.46448390677025525,0.5766666666666667,0.4383333333333333,5406.0,2895.0,2511.0,0.7058910363334758,0.21755449978607114,0.623945993595267,0.2833422603106588,0.46933268105487774,0.6037130414055448,2895.0,2511.0,5406.0,0.723888591322978,0.6957084720680725,4825.0,0.7732642487046633,0.9938354328598231,3731.0,2643.0,0.6337495270525918,0.03164179104477612,1675.0,,,
session_greedy,set_asia,"{""asia"": {""t_down"": 0.4, ""t_up"": 0.59}, ""europe"": {""t_down"": 0.43, ""t_up"": 0.575}, ""us"": {""t_down"": 0.43, ""t_up"": 0.575}}",7468.0,0.6719335832886985,0.7079207920792079,0.7009132420091324,0.7044170170441701,0.6501071237279057,0.7048624950179354,0.5635711438820247,0.4364288561179753,0.58,0.42,5018.0,2828.0,2190.0,0.7058910363334758,0.21755449978607114,0.623945993595267,0.27530798071772894,0.44532325482225243,0.6182205347161045,2828.0,2190.0,5018.0,0.6719335832886985,0.7048624950179354,4825.0,0.7278756476683937,0.9965831435079726,3512.0,2643.0,0.5698070374574348,0.024568393094289508,1506.0,,,
session_greedy,set_asia,"{""asia"": {""t_down"": 0.415, ""t_up"": 0.59}, ""europe"": {""t_down"": 0.43, ""t_up"": 0.575}, ""us"": {""t_down"": 0.43, ""t_up"": 0.575}}",7468.0,0.6815747188002143,0.7079207920792079,0.6971706454465075,0.7025457187628577,0.6501071237279057,0.7031434184675835,0.5555992141453832,0.4444007858546169,0.58,0.425,5090.0,2828.0,2262.0,0.7058910363334758,0.21755449978607114,0.623945993595267,0.276914836636315,0.4498110059591135,0.6156248579241873,2828.0,2262.0,5090.0,0.6815747188002143,0.7031434184675835,4825.0,0.7361658031088083,0.9960585585585585,3552.0,2643.0,0.5819144911085887,0.026657997399219768,1538.0,,,
session_greedy,set_asia,"{""asia"": {""t_down"": 0.425, ""t_up"": 0.59}, ""europe"": {""t_down"": 0.43, ""t_up"": 0.575}, ""us"": {""t_down"": 0.43, ""t_up"": 0.575}}",7468.0,0.6885377611140868,0.7079207920792079,0.6953327571305099,0.7016267746048589,0.6501071237279057,0.7022559315441462,0.5499805523142746,0.4500194476857254,0.58,0.4283333333333333,5142.0,2828.0,2314.0,0.7058910363334758,0.21755449978607114,0.623945993595267,0.2785216925549009,0.4527781291975055,0.6151394570416794,2828.0,2314.0,5142.0,0.6885377611140868,0.7022559315441462,4825.0,0.7427979274611399,0.9958147321428571,3584.0,2643.0,0.5894816496405599,0.026957637997432605,1558.0,,,
session_greedy,set_asia,"{""asia"": {""t_down"": 0.43, ""t_up"": 0.59}, ""europe"": {""t_down"": 0.43, ""t_up"": 0.575}, ""us"": {""t_down"": 0.43, ""t_up"": 0.575}}",7468.0,0.692822710230316,0.7079207920792079,0.6947996589940324,0.7013602255366201,0.6501071237279057,0.7019713954387321,0.5465790490916119,0.4534209509083881,0.58,0.43,5174.0,2828.0,2346.0,0.7058910363334758,0.21755449978607114,0.623945993595267,0.27986073915372256,0.4544017886609787,0.6158882868362162,2828.0,2346.0,5174.0,0.692822710230316,0.7019713954387321,4825.0,0.7469430051813472,0.9955604883462819,3604.0,2643.0,0.5940219447597427,0.02802547770700637,1570.0,,,
session_greedy,set_asia,"{""asia"": {""t_down"": 0.435, ""t_up"": 0.59}, ""europe"": {""t_down"": 0.43, ""t_up"": 0.575}, ""us"": {""t_down"": 0.43, ""t_up"": 0.575}}",7468.0,0.6969737546866631,0.7079207920792079,0.6928901977282289,0.7004054949037184,0.6501071237279057,0.7010566762728146,0.5433237271853987,0.4566762728146013,0.58,0.43166666666666664,5205.0,2828.0,2377.0,0.7058910363334758,0.21755449978607114,0.623945993595267,0.2802624531333691,0.4564599114672032,0.6139913847691881,2828.0,2377.0,5205.0,0.6969737546866631,0.7010566762728146,4825.0,0.7500518134715026,0.9953025697706549,3619.0,2643.0,0.6000756715853197,0.029634300126103404,1586.0,,,
session_greedy,set_asia,"{""asia"": {""t_down"": 0.445, ""t_up"": 0.59}, ""europe"": {""t_down"": 0.43, ""t_up"": 0.575}, ""us"": {""t_down"": 0.43, ""t_up"": 0.575}}",7468.0,0.7051419389394751,0.7079207920792079,0.6903199343724364,0.6991203632258222,0.6501071237279057,0.6997721230535511,0.5370300037979491,0.46296999620205087,0.58,0.435,5266.0,2828.0,2438.0,0.7058910363334758,0.21755449978607114,0.623945993595267,0.28173540439207284,0.4601122333449754,0.6123188734711121,2828.0,2438.0,5266.0,0.7051419389394751,0.6997721230535511,4825.0,0.7579274611398964,0.9945310363686082,3657.0,2643.0,0.6087779038970866,0.02983219390926041,1609.0,,,
session_greedy,set_asia,"{""asia"": {""t_down"": 0.455, ""t_up"": 0.59}, ""europe"": {""t_down"": 0.43, ""t_up"": 0.575}, ""us"": {""t_down"": 0.43, ""t_up"": 0.575}}",7468.0,0.714916979110873,0.7079207920792079,0.6873755475906014,0.6976481698349046,0.6501071237279057,0.698258100767934,0.5296872073421989,0.47031279265780107,0.58,0.4383333333333333,5339.0,2828.0,2511.0,0.7058910363334758,0.21755449978607114,0.623945993595267,0.28347616497054096,0.464457110043722,0.610338734923997,2828.0,2511.0,5339.0,0.714916979110873,0.698258100767934,4825.0,0.7668393782383419,0.994054054054054,3700.0,2643.0,0.6201286416950436,0.03050640634533252,1639.0,,,
session_greedy,set_asia,"{""asia"": {""t_down"": 0.4, ""t_up"": 0.6}, ""europe"": {""t_down"": 0.43, ""t_up"": 0.575}, ""us"": {""t_down"": 0.43, ""t_up"": 0.575}}",7468.0,0.6649705409748259,0.7114553314121037,0.7009132420091324,0.7061842867106181,0.6501071237279057,0.7068062827225131,0.5590012082158679,0.4409987917841321,0.5833333333333334,0.42,4966.0,2776.0,2190.0,0.7058910363334758,0.21755449978607114,0.623945993595267,0.27504017139796466,0.4415486210922084,0.6228989476122226,2776.0,2190.0,4966.0,0.6649705409748259,0.7068062827225131,4825.0,0.722279792746114,0.9965566714490675,3485.0,2643.0,0.5603480892924707,0.024983119513842,1481.0,,,
session_greedy,set_asia,"{""asia"": {""t_down"": 0.415, ""t_up"": 0.6}, ""europe"": {""t_down"": 0.43, ""t_up"": 0.575}, ""us"": {""t_down"": 0.43, ""t_up"": 0.575}}",7468.0,0.6746116764863417,0.7114553314121037,0.6971706454465075,0.7043129884293056,0.6501071237279057,0.7050416832076221,0.5510123064708218,0.4489876935291782,0.5833333333333334,0.425,5038.0,2776.0,2262.0,0.7058910363334758,0.21755449978607114,0.623945993595267,0.2766470273165506,0.4460743487187932,0.6201814296453747,2776.0,2262.0,5038.0,0.6746116764863417,0.7050416832076221,4825.0,0.7305699481865285,0.9960283687943262,3525.0,2643.0,0.5724555429436247,0.027098479841374753,1513.0,,,
session_greedy,set_asia,"{""asia"": {""t_down"": 0.425, ""t_up"": 0.6}, ""europe"": {""t_down"": 0.43, ""t_up"": 0.575}, ""us"": {""t_down"": 0.43, ""t_up"": 0.575}}",7468.0,0.6815747188002143,0.7114553314121037,0.6953327571305099,0.7033940442713068,0.6501071237279057,0.7041257367387034,0.5453831041257368,0.45461689587426324,0.5833333333333334,0.4283333333333333,5090.0,2776.0,2314.0,0.7058910363334758,0.21755449978607114,0.623945993595267,0.2782538832351366,0.4490661619210902,0.6196278117344127,2776.0,2314.0,5090.0,0.6815747188002143,0.7041257367387034,4825.0,0.73720207253886,0.9957829631712117,3557.0,2643.0,0.5800227014755959,0.0273972602739726,1533.0,,,
session_greedy,set_asia,"{""asia"": {""t_down"": 0.43, ""t_up"": 0.6}, ""europe"": {""t_down"": 0.43, ""t_up"": 0.575}, ""us"": {""t_down"": 0.43, ""t_up"": 0.575}}",7468.0,0.6858596679164435,0.7114553314121037,0.6947996589940324,0.703127495203068,0.6501071237279057,0.7038266302225693,0.5419757907067552,0.45802420929324483,0.5833333333333334,0.43,5122.0,2776.0,2346.0,0.7058910363334758,0.21755449978607114,0.623945993595267,0.2795929298339582,0.45070319395500474,0.6203482326816414,2776.0,2346.0,5122.0,0.6858596679164435,0.7038266302225693,4825.0,0.7413471502590674,0.9955269779144534,3577.0,2643.0,0.5845629965947786,0.0284789644012945,1545.0,,,
session_greedy,set_asia,"{""asia"": {""t_down"": 0.435, ""t_up"": 0.6}, ""europe"": {""t_down"": 0.43, ""t_up"": 0.575}, ""us"": {""t_down"": 0.43, ""t_up"": 0.575}}",7468.0,0.6900107123727905,0.7114553314121037,0.6928901977282289,0.7021727645701663,0.6501071237279057,0.7028915195032021,0.5387153114690472,0.46128468853095284,0.5833333333333334,0.43166666666666664,5153.0,2776.0,2377.0,0.7058910363334758,0.21755449978607114,0.623945993595267,0.2799946438136048,0.4527781291975054,0.6183925984010348,2776.0,2377.0,5153.0,0.6900107123727905,0.7028915195032021,4825.0,0.7444559585492228,0.9952672605790646,3592.0,2643.0,0.5906167234203556,0.03010890454836643,1561.0,,,
session_greedy,set_asia,"{""asia"": {""t_down"": 0.445, ""t_up"": 0.6}, ""europe"": {""t_down"": 0.43, ""t_up"": 0.575}, ""us"": {""t_down"": 0.43, ""t_up"": 0.575}}",7468.0,0.6981788966256026,0.7114553314121037,0.6903199343724364,0.7008876328922701,0.6501071237279057,0.7015726889144611,0.5324127349443805,0.4675872650556195,0.5833333333333334,0.435,5214.0,2776.0,2438.0,0.7058910363334758,0.21755449978607114,0.623945993595267,0.2814675950723086,0.4564599114672032,0.6166315770591656,2776.0,2438.0,5214.0,0.6981788966256026,0.7015726889144611,4825.0,0.7523316062176166,0.9944903581267218,3630.0,2643.0,0.5993189557321226,0.030303030303030304,1584.0,,,
session_greedy,set_asia,"{""asia"": {""t_down"": 0.455, ""t_up"": 0.6}, ""europe"": {""t_down"": 0.43, ""t_up"": 0.575}, ""us"": {""t_down"": 0.43, ""t_up"": 0.575}}",7468.0,0.7079539367970006,0.7114553314121037,0.6873755475906014,0.6994154395013525,0.6501071237279057,0.7000189143181388,0.5250614715339512,0.4749385284660488,0.5833333333333334,0.4383333333333333,5287.0,2776.0,2511.0,0.7058910363334758,0.21755449978607114,0.623945993595267,0.2832083556507766,0.46083922421286144,0.6145491546092067,2776.0,2511.0,5287.0,0.7079539367970006,0.7000189143181388,4825.0,0.7612435233160622,0.9940103457664035,3673.0,2643.0,0.6106696935300795,0.030978934324659233,1614.0,,,
session_greedy,set_europe,"{""asia"": {""t_down"": 0.455, ""t_up"": 0.6}, ""europe"": {""t_down"": 0.4, ""t_up"": 0.55}, ""us"": {""t_down"": 0.43, ""t_up"": 0.575}}",7468.0,0.7029994643813605,0.7035886818495514,0.6938775510204082,0.6987331164349797,0.6501071237279057,0.6992380952380952,0.552,0.448,0.5750000000000001,0.4283333333333334,5250.0,2898.0,2352.0,0.7058910363334758,0.21755449978607114,0.623945993595267,0.28012854847348684,0.4598211151675582,0.6092120157888103,2898.0,2352.0,5250.0,0.7029994643813605,0.6992380952380952,4825.0,0.7564766839378239,0.9934246575342466,3650.0,2643.0,0.6053726825576996,0.028125,1600.0,,,
session_greedy,set_europe,"{""asia"": {""t_down"": 0.455, ""t_up"": 0.6}, ""europe"": {""t_down"": 0.415, ""t_up"": 0.55}, ""us"": {""t_down"": 0.43, ""t_up"": 0.575}}",7468.0,0.7138457418318157,0.7035886818495514,0.6900945334977394,0.6968416076736454,0.6501071237279057,0.697430125679985,0.5436128306133934,0.4563871693866066,0.5750000000000001,0.43333333333333335,5331.0,2898.0,2433.0,0.7058910363334758,0.21755449978607114,0.623945993595267,0.28186930905195495,0.46474532422600057,0.6065027324834041,2898.0,2433.0,5331.0,0.7138457418318157,0.697430125679985,4825.0,0.7658031088082902,0.993234100135318,3695.0,2643.0,0.6189935679152478,0.029339853300733496,1636.0,,,
session_greedy,set_europe,"{""asia"": {""t_down"": 0.455, ""t_up"": 0.6}, ""europe"": {""t_down"": 0.425, ""t_up"": 0.55}, ""us"": {""t_down"": 0.43, ""t_up"": 0.575}}",7468.0,0.7216122121049813,0.7035886818495514,0.6876756322761943,0.6956321570628728,0.6501071237279057,0.6962330673594359,0.5377621079977732,0.46223789200222676,0.5750000000000001,0.4366666666666667,5389.0,2898.0,2491.0,0.7058910363334758,0.21755449978607114,0.623945993595267,0.2832083556507767,0.4681900556687447,0.6049004079043343,2898.0,2491.0,5389.0,0.7216122121049813,0.6962330673594359,4825.0,0.7732642487046633,0.9927633342267489,3731.0,2643.0,0.6273174423004162,0.028950542822677925,1658.0,,,
session_greedy,set_europe,"{""asia"": {""t_down"": 0.455, ""t_up"": 0.6}, ""europe"": {""t_down"": 0.43, ""t_up"": 0.55}, ""us"": {""t_down"": 0.43, ""t_up"": 0.575}}",7468.0,0.7242903053026245,0.7035886818495514,0.6873755475906014,0.6954821147200764,0.6501071237279057,0.6960621186910705,0.5357737104825291,0.46422628951747086,0.5750000000000001,0.4383333333333333,5409.0,2898.0,2511.0,0.7058910363334758,0.21755449978607114,0.623945993595267,0.2840117836100697,0.46919000505794817,0.6053236014160026,2898.0,2511.0,5409.0,0.7242903053026245,0.6960621186910705,4825.0,0.7753367875647669,0.9927826784282278,3741.0,2643.0,0.6311010215664018,0.030575539568345324,1668.0,,,
session_greedy,set_europe,"{""asia"": {""t_down"": 0.455, ""t_up"": 0.6}, ""europe"": {""t_down"": 0.435, ""t_up"": 0.55}, ""us"": {""t_down"": 0.43, ""t_up"": 0.575}}",7468.0,0.7287091590787359,0.7035886818495514,0.684748427672956,0.6941685547612537,0.6501071237279057,0.6947813303932378,0.5325248070562293,0.46747519294377066,0.5750000000000001,0.44,5442.0,2898.0,2544.0,0.7058910363334758,0.21755449978607114,0.623945993595267,0.2838778789501874,0.4716096267722641,0.6019340209254663,2898.0,2544.0,5442.0,0.7287091590787359,0.6947813303932378,4825.0,0.778860103626943,0.9925492283129325,3758.0,2643.0,0.6371547483919788,0.030285035629453682,1684.0,,,
session_greedy,set_europe,"{""asia"": {""t_down"": 0.455, ""t_up"": 0.6}, ""europe"": {""t_down"": 0.445, ""t_up"": 0.55}, ""us"": {""t_down"": 0.43, ""t_up"": 0.575}}",7468.0,0.7351365827530798,0.7035886818495514,0.6820987654320988,0.6928437236408251,0.6501071237279057,0.6934426229508197,0.5278688524590164,0.4721311475409836,0.5750000000000001,0.44333333333333336,5490.0,2898.0,2592.0,0.7058910363334758,0.21755449978607114,0.623945993595267,0.2844134975897162,0.4747225953982829,0.5991151471336621,2898.0,2592.0,5490.0,0.7351365827530798,0.6934426229508197,4825.0,0.7848704663212436,0.9915500396091893,3787.0,2643.0,0.6443435489973515,0.030534351145038167,1703.0,,,
session_greedy,set_europe,"{""asia"": {""t_down"": 0.455, ""t_up"": 0.6}, ""europe"": {""t_down"": 0.455, ""t_up"": 0.55}, ""us"": {""t_down"": 0.43, ""t_up"": 0.575}}",7468.0,0.7430369576861274,0.7035886818495514,0.6789890607317993,0.6912888712906753,0.6501071237279057,0.6918363669129572,0.5222562623896198,0.47774373761038025,0.5750000000000001,0.4466666666666667,5549.0,2898.0,2651.0,0.7058910363334758,0.21755449978607114,0.623945993595267,0.28508302088912685,0.47851537947959444,0.5957656391298575,2898.0,2651.0,5549.0,0.7430369576861274,0.6918363669129572,4825.0,0.7912953367875648,0.9908328968046097,3818.0,2643.0,0.6549375709421112,0.032351242056614674,1731.0,,,
session_greedy,set_europe,"{""asia"": {""t_down"": 0.455, ""t_up"": 0.6}, ""europe"": {""t_down"": 0.4, ""t_up"": 0.56}, ""us"": {""t_down"": 0.43, ""t_up"": 0.575}}",7468.0,0.6961703267273701,0.7067088162978574,0.6938775510204082,0.7002931836591328,0.6501071237279057,0.7009040200038469,0.5476053087132141,0.45239469128678594,0.5783333333333333,0.4283333333333334,5199.0,2847.0,2352.0,0.7058910363334758,0.21755449978607114,0.623945993595267,0.2797268344938404,0.45631321054377205,0.6130149818816334,2847.0,2352.0,5199.0,0.6961703267273701,0.7009040200038469,4825.0,0.7504663212435233,0.9942004971002486,3621.0,2643.0,0.5970488081725313,0.02788339670468948,1578.0,,,
session_greedy,set_europe,"{""asia"": {""t_down"": 0.455, ""t_up"": 0.6}, ""europe"": {""t_down"": 0.415, ""t_up"": 0.56}, ""us"": {""t_down"": 0.43, ""t_up"": 0.575}}",7468.0,0.7070166041778254,0.7067088162978574,0.6900945334977394,0.6984016748977984,0.6501071237279057,0.6990530303030303,0.5392045454545454,0.46079545454545456,0.5783333333333333,0.43333333333333335,5280.0,2847.0,2433.0,0.7058910363334758,0.21755449978607114,0.623945993595267,0.28146759507230856,0.4612748687634721,0.6101949491131646,2847.0,2433.0,5280.0,0.7070166041778254,0.6990530303030303,4825.0,0.7597927461139896,0.993998908892526,3666.0,2643.0,0.6106696935300795,0.029120198265179677,1614.0,,,
session_greedy,set_europe,"{""asia"": {""t_down"": 0.455, ""t_up"": 0.6}, ""europe"": {""t_down"": 0.425, ""t_up"": 0.56}, ""us"": {""t_down"": 0.43, ""t_up"": 0.575}}",7468.0,0.7147830744509909,0.7067088162978574,0.6876756322761943,0.6971922242870259,0.6501071237279057,0.6978269014612214,0.5333458224053953,0.4666541775946047,0.5783333333333333,0.4366666666666667,5338.0,2847.0,2491.0,0.7058910363334758,0.21755449978607114,0.623945993595267,0.2828066416711301,0.46474532422600057,0.6085196061781234,2847.0,2491.0,5338.0,0.7147830744509909,0.6978269014612214,4825.0,0.7672538860103627,0.993517017828201,3702.0,2643.0,0.6189935679152478,0.028728606356968216,1636.0,,,
session_greedy,set_europe,"{""asia"": {""t_down"": 0.455, ""t_up"": 0.6}, ""europe"": {""t_down"": 0.43, ""t_up"": 0.56}, ""us"": {""t_down"": 0.43, ""t_up"": 0.575}}",7468.0,0.7174611676486342,0.7067088162978574,0.6873755475906014,0.6970421819442294,0.6501071237279057,0.6976483762597985,0.5313549832026876,0.4686450167973124,0.5783333333333333,0.4383333333333333,5358.0,2847.0,2511.0,0.7058910363334758,0.21755449978607114,0.623945993595267,0.28361006963042323,0.4657526693526356,0.608928489931409,2847.0,2511.0,5358.0,0.7174611676486342,0.6976483762597985,4825.0,0.7693264248704663,0.9935344827586207,3712.0,2643.0,0.6227771471812334,0.030376670716889428,1646.0,,,
session_greedy,set_europe,"{""asia"": {""t_down"": 0.455, ""t_up"": 0.6}, ""europe"": {""t_down"": 0.435, ""t_up"": 0.56}, ""us"": {""t_down"": 0.43, ""t_up"": 0.575}}",7468.0,0.7218800214247456,0.7067088162978574,0.684748427672956,0.6957286219854066,0.6501071237279057,0.6963457614542756,0.5281023928770172,0.47189760712298273,0.5783333333333333,0.44,5391.0,2847.0,2544.0,0.7058910363334758,0.21755449978607114,0.623945993595267,0.28347616497054096,0.4681900556687448,0.6054724177463241,2847.0,2544.0,5391.0,0.7218800214247456,0.6963457614542756,4825.0,0.7728497409326425,0.9932957897559668,3729.0,2643.0,0.6288308740068105,0.030084235860409144,1662.0,,,
session_greedy,set_europe,"{""asia"": {""t_down"": 0.455, ""t_up"": 0.6}, ""europe"": {""t_down"": 0.445, ""t_up"": 0.56}, ""us"": {""t_down"": 0.43, ""t_up"": 0.575}}",7468.0,0.7283074450990894,0.7067088162978574,0.6820987654320988,0.694403790864978,0.6501071237279057,0.694980694980695,0.5234418091560948,0.4765581908439051,0.5783333333333333,0.44333333333333336,5439.0,2847.0,2592.0,0.7058910363334758,0.21755449978607114,0.623945993595267,0.2840117836100697,0.471325610108882,0.6025808433037607,2847.0,2592.0,5439.0,0.7283074450990894,0.694980694980695,4825.0,0.778860103626943,0.9922831293241086,3758.0,2643.0,0.6360196746121831,0.030339083878643664,1681.0,,,
session_greedy,set_europe,"{""asia"": {""t_down"": 0.455, ""t_up"": 0.6}, ""europe"": {""t_down"": 0.455, ""t_up"": 0.56}, ""us"": {""t_down"": 0.43, ""t_up"": 0.575}}",7468.0,0.7362078200321371,0.7067088162978574,0.6789890607317993,0.6928489385148284,0.6501071237279057,0.6933430338304838,0.5178246635140051,0.4821753364859949,0.5783333333333333,0.4466666666666667,5498.0,2847.0,2651.0,0.7058910363334758,0.21755449978607114,0.623945993595267,0.2846813069094804,0.47514551093462765,0.5991455256506631,2847.0,2651.0,5498.0,0.7362078200321371,0.6933430338304838,4825.0,0.7852849740932643,0.991554499868039,3789.0,2643.0,0.6466136965569429,0.03218256290228204,1709.0,,,
session_greedy,set_europe,"{""asia"": {""t_down"": 0.455, ""t_up"": 0.6}, ""europe"": {""t_down"": 0.4, ""t_up"": 0.57}, ""us"": {""t_down"": 0.43, ""t_up"": 0.575}}",7468.0,0.690412426352437,0.7100570613409415,0.6938775510204082,0.7019673061806748,0.6501071237279057,0.7026764934057409,0.543832428238945,0.4561675717610551,0.5816666666666667,0.4283333333333334,5156.0,2804.0,2352.0,0.7058910363334758,0.21755449978607114,0.623945993595267,0.27986073915372256,0.4530737728001448,0.6176935323889776,2804.0,2352.0,5156.0,0.690412426352437,0.7026764934057409,4825.0,0.7461139896373057,0.9941666666666666,3600.0,2643.0,0.5887249337873628,0.028277634961439587,1556.0,,,
session_greedy,set_europe,"{""asia"": {""t_down"": 0.455, ""t_up"": 0.6}, ""europe"": {""t_down"": 0.415, ""t_up"": 0.57}, ""us"": {""t_down"": 0.43, ""t_up"": 0.575}}",7468.0,0.7012587038028923,0.7100570613409415,0.6900945334977394,0.7000757974193405,0.6501071237279057,0.7007828909681115,0.5354210425816307,0.4645789574183693,0.5816666666666667,0.43333333333333335,5237.0,2804.0,2433.0,0.7058910363334758,0.21755449978607114,0.623945993595267,0.2816014997321907,0.4580705208102251,0.6147557787261667,2804.0,2433.0,5237.0,0.7012587038028923,0.7007828909681115,4825.0,0.755440414507772,0.9939643347050754,3645.0,2643.0,0.602345819144911,0.029522613065326633,1592.0,True,accepted_sample_accuracy,coverage_only
session_greedy,set_europe,"{""asia"": {""t_down"": 0.455, ""t_up"": 0.6}, ""europe"": {""t_down"": 0.425, ""t_up"": 0.57}, ""us"": {""t_down"": 0.43, ""t_up"": 0.575}}",7468.0,0.7090251740760578,0.7100570613409415,0.6876756322761943,0.6988663468085679,0.6501071237279057,0.6995278564683663,0.5295561850802644,0.4704438149197356,0.5816666666666667,0.4366666666666667,5295.0,2804.0,2491.0,0.7058910363334758,0.21755449978607114,0.623945993595267,0.28294054633101223,0.4615650700307843,0.6130025097266164,2804.0,2491.0,5295.0,0.7090251740760578,0.6995278564683663,4825.0,0.7629015544041451,0.993480032599837,3681.0,2643.0,0.6106696935300795,0.029120198265179677,1614.0,,,
session_greedy,set_europe,"{""asia"": {""t_down"": 0.455, ""t_up"": 0.6}, ""europe"": {""t_down"": 0.43, ""t_up"": 0.57}, ""us"": {""t_down"": 0.43, ""t_up"": 0.575}}",7468.0,0.7117032672737011,0.7100570613409415,0.6873755475906014,0.6987163044657714,0.6501071237279057,0.6993414863593603,0.5275634995296331,0.4724365004703669,0.5816666666666667,0.4383333333333333,5315.0,2804.0,2511.0,0.7058910363334758,0.21755449978607114,0.623945993595267,0.28374397429030535,0.4625793407532354,0.6133952584831702,2804.0,2511.0,5315.0,0.7117032672737011,0.6993414863593603,4825.0,0.7649740932642487,0.9934976971010566,3691.0,2643.0,0.6144532727960651,0.03078817733990148,1624.0,,,
session_greedy,set_europe,"{""asia"": {""t_down"": 0.455, ""t_up"": 0.6}, ""europe"": {""t_down"": 0.435, ""t_up"": 0.57}, ""us"": {""t_down"": 0.43, ""t_up"": 0.575}}",7468.0,0.7161221210498125,0.7100570613409415,0.684748427672956,0.6974027445069487,0.6501071237279057,0.6980179506357517,0.5243081525804039,0.47569184741959614,0.5816666666666667,0.44,5348.0,2804.0,2544.0,0.7058910363334758,0.21755449978607114,0.623945993595267,0.2836100696304231,0.46503335978152655,0.6098703752428936,2804.0,2544.0,5348.0,0.7161221210498125,0.6980179506357517,4825.0,0.7684974093264249,0.9932578209277239,3708.0,2643.0,0.620506999621642,0.03048780487804878,1640.0,,,
session_greedy,set_europe,"{""asia"": {""t_down"": 0.455, ""t_up"": 0.6}, ""europe"": {""t_down"": 0.445, ""t_up"": 0.57}, ""us"": {""t_down"": 0.43, ""t_up"": 0.575}}",7468.0,0.7225495447241564,0.7100570613409415,0.6820987654320988,0.6960779133865201,0.6501071237279057,0.6966271312083024,0.519644180874722,0.48035581912527797,0.5816666666666667,0.44333333333333336,5396.0,2804.0,2592.0,0.7058910363334758,0.21755449978607114,0.623945993595267,0.2841456882699518,0.4681900556687448,0.6069024423512989,2804.0,2592.0,5396.0,0.7225495447241564,0.6966271312083024,4825.0,0.7745077720207254,0.9922397645169923,3737.0,2643.0,0.6276958002270148,0.03074141048824593,1659.0,,,
session_greedy,set_europe,"{""asia"": {""t_down"": 0.455, ""t_up"": 0.6}, ""europe"": {""t_down"": 0.455, ""t_up"": 0.57}, ""us"": {""t_down"": 0.43, ""t_up"": 0.575}}",7468.0,0.7304499196572041,0.7100570613409415,0.6789890607317993,0.6945230610363704,0.6501071237279057,0.6949587534372136,0.5140238313473877,0.4859761686526123,0.5816666666666667,0.4466666666666667,5455.0,2804.0,2651.0,0.7058910363334758,0.21755449978607114,0.623945993595267,0.2848152115693626,0.4720353313512885,0.6033768928991531,2804.0,2651.0,5455.0,0.7304499196572041,0.6949587534372136,4825.0,0.7809326424870466,0.9915074309978769,3768.0,2643.0,0.6382898221717745,0.03260225251926497,1687.0,,,
session_greedy,set_europe,"{""asia"": {""t_down"": 0.455, ""t_up"": 0.6}, ""europe"": {""t_down"": 0.4, ""t_up"": 0.575}, ""us"": {""t_down"": 0.43, ""t_up"": 0.575}}",7468.0,0.6866630958757365,0.7114553314121037,0.6938775510204082,0.702666441216256,0.6501071237279057,0.703393135725429,0.5413416536661466,0.45865834633385333,0.5833333333333334,0.4283333333333334,5128.0,2776.0,2352.0,0.7058910363334758,0.21755449978607114,0.623945993595267,0.27932512051419395,0.451297006062273,0.6189385632122957,2776.0,2352.0,5128.0,0.6866630958757365,0.703393135725429,4825.0,0.7423834196891191,0.9946957007258515,3582.0,2643.0,0.5849413545213772,0.028460543337645538,1546.0,,,
session_greedy,set_europe,"{""asia"": {""t_down"": 0.455, ""t_up"": 0.6}, ""europe"": {""t_down"": 0.415, ""t_up"": 0.575}, ""us"": {""t_down"": 0.43, ""t_up"": 0.575}}",7468.0,0.6975093733261918,0.7114553314121037,0.6900945334977394,0.7007749324549215,0.6501071237279057,0.701478210789019,0.5329237857554233,0.4670762142445767,0.5833333333333334,0.43333333333333335,5209.0,2776.0,2433.0,0.7058910363334758,0.21755449978607114,0.623945993595267,0.28106588109266195,0.4563132105437721,0.6159494719815931,2776.0,2433.0,5209.0,0.6975093733261918,0.701478210789019,4825.0,0.7517098445595854,0.9944858009374138,3627.0,2643.0,0.5985622398789254,0.02970922882427307,1582.0,,,
session_greedy,set_europe,"{""asia"": {""t_down"": 0.455, ""t_up"": 0.6}, ""europe"": {""t_down"": 0.425, ""t_up"": 0.575}, ""us"": {""t_down"": 0.43, ""t_up"": 0.575}}",7468.0,0.7052758435993572,0.7114553314121037,0.6876756322761943,0.699565481844149,0.6501071237279057,0.7002088475412949,0.5270552496677425,0.47294475033225747,0.5833333333333334,0.4366666666666667,5267.0,2776.0,2491.0,0.7058910363334758,0.21755449978607114,0.623945993595267,0.2824049276914837,0.45982111516755814,0.6141625914429261,2776.0,2491.0,5267.0,0.7052758435993572,0.7002088475412949,4825.0,0.7591709844559585,0.993993993993994,3663.0,2643.0,0.6068861142640938,0.029301745635910224,1604.0,,,
session_greedy,set_europe,"{""asia"": {""t_down"": 0.455, ""t_up"": 0.6}, ""europe"": {""t_down"": 0.43, ""t_up"": 0.575}, ""us"": {""t_down"": 0.43, ""t_up"": 0.575}}",7468.0,0.7079539367970006,0.7114553314121037,0.6873755475906014,0.6994154395013525,0.6501071237279057,0.7000189143181388,0.5250614715339512,0.4749385284660488,0.5833333333333334,0.4383333333333333,5287.0,2776.0,2511.0,0.7058910363334758,0.21755449978607114,0.623945993595267,0.2832083556507766,0.46083922421286144,0.6145491546092067,2776.0,2511.0,5287.0,0.7079539367970006,0.7000189143181388,4825.0,0.7612435233160622,0.9940103457664035,3673.0,2643.0,0.6106696935300795,0.030978934324659233,1614.0,,,
session_greedy,set_europe,"{""asia"": {""t_down"": 0.455, ""t_up"": 0.6}, ""europe"": {""t_down"": 0.435, ""t_up"": 0.575}, ""us"": {""t_down"": 0.43, ""t_up"": 0.575}}",7468.0,0.712372790573112,0.7114553314121037,0.684748427672956,0.6981018795425298,0.6501071237279057,0.6986842105263158,0.5218045112781955,0.4781954887218045,0.5833333333333334,0.44,5320.0,2776.0,2544.0,0.7058910363334758,0.21755449978607114,0.623945993595267,0.2830744509908945,0.46330246037670547,0.6109927643395854,2776.0,2544.0,5320.0,0.712372790573112,0.6986842105263158,4825.0,0.7647668393782383,0.9937669376693767,3690.0,2643.0,0.6167234203556564,0.03067484662576687,1630.0,,,
session_greedy,set_europe,"{""asia"": {""t_down"": 0.455, ""t_up"": 0.6}, ""europe"": {""t_down"": 0.445, ""t_up"": 0.575}, ""us"": {""t_down"": 0.43, ""t_up"": 0.575}}",7468.0,0.7188002142474558,0.7114553314121037,0.6820987654320988,0.6967770484221012,0.6501071237279057,0.6972801788375559,0.5171385991058122,0.4828614008941878,0.5833333333333334,0.44333333333333336,5368.0,2776.0,2592.0,0.7058910363334758,0.21755449978607114,0.623945993595267,0.2836100696304231,0.4664708697319869,0.6079909551337528,2776.0,2592.0,5368.0,0.7188002142474558,0.6972801788375559,4825.0,0.7707772020725389,0.9927399838666308,3719.0,2643.0,0.6239122209610292,0.030927835051546393,1649.0,,,
session_greedy,set_europe,"{""asia"": {""t_down"": 0.455, ""t_up"": 0.6}, ""europe"": {""t_down"": 0.455, ""t_up"": 0.575}, ""us"": {""t_down"": 0.43, ""t_up"": 0.575}}",7468.0,0.7267005891805035,0.7114553314121037,0.6789890607317993,0.6952221960719516,0.6501071237279057,0.6955960936060439,0.5115164916159941,0.4884835083840059,0.5833333333333334,0.4466666666666667,5427.0,2776.0,2651.0,0.7058910363334758,0.21755449978607114,0.623945993595267,0.28427959292983407,0.47033020116226293,0.6044255551255961,2776.0,2651.0,5427.0,0.7267005891805035,0.6955960936060439,4825.0,0.7772020725388601,0.992,3750.0,2643.0,0.6345062429057888,0.032796660703637445,1677.0,,,
session_greedy,set_europe,"{""asia"": {""t_down"": 0.455, ""t_up"": 0.6}, ""europe"": {""t_down"": 0.4, ""t_up"": 0.58}, ""us"": {""t_down"": 0.43, ""t_up"": 0.575}}",7468.0,0.6827798607391538,0.7102293410993812,0.6938775510204082,0.7020534460598946,0.6501071237279057,0.7026868013335948,0.5387330849186115,0.4612669150813885,0.585,0.4283333333333334,5099.0,2747.0,2352.0,0.7058910363334758,0.21755449978607114,0.623945993595267,0.27678093197643283,0.45055461864391144,0.6143116073462831,2747.0,2352.0,5099.0,0.6827798607391538,0.7026868013335948,4825.0,0.7374093264248704,0.9949409780775716,3558.0,2643.0,0.5830495648883844,0.027903958468526932,1541.0,,,
session_greedy,set_europe,"{""asia"": {""t_down"": 0.455, ""t_up"": 0.6}, ""europe"": {""t_down"": 0.415, ""t_up"": 0.58}, ""us"": {""t_down"": 0.43, ""t_up"": 0.575}}",7468.0,0.693626138189609,0.7102293410993812,0.6900945334977394,0.7001619372985604,0.6501071237279057,0.7007722007722008,0.5303088803088803,0.4696911196911197,0.585,0.43333333333333335,5180.0,2747.0,2433.0,0.7058910363334758,0.21755449978607114,0.623945993595267,0.278521692554901,0.45557899734003765,0.611357622236954,2747.0,2433.0,5180.0,0.693626138189609,0.7007722007722008,4825.0,0.7467357512953368,0.9947266167082986,3603.0,2643.0,0.5966704502459327,0.029169308814204185,1577.0,,,
session_greedy,set_europe,"{""asia"": {""t_down"": 0.455, ""t_up"": 0.6}, ""europe"": {""t_down"": 0.425, ""t_up"": 0.58}, ""us"": {""t_down"": 0.43, ""t_up"": 0.575}}",7468.0,0.7013926084627745,0.7102293410993812,0.6876756322761943,0.6989524866877878,0.6501071237279057,0.6995036273386789,0.5244368079419626,0.47556319205803743,0.585,0.4366666666666667,5238.0,2747.0,2491.0,0.7058910363334758,0.21755449978607114,0.623945993595267,0.27986073915372256,0.4590925120871892,0.6095955211322907,2747.0,2491.0,5238.0,0.7013926084627745,0.6995036273386789,4825.0,0.7541968911917099,0.9942291838417148,3639.0,2643.0,0.604994324631101,0.028767979987492184,1599.0,,,
session_greedy,set_europe,"{""asia"": {""t_down"": 0.455, ""t_up"": 0.6}, ""europe"": {""t_down"": 0.43, ""t_up"": 0.58}, ""us"": {""t_down"": 0.43, ""t_up"": 0.575}}",7468.0,0.7040707016604177,0.7102293410993812,0.6873755475906014,0.6988024443449913,0.6501071237279057,0.699315329022442,0.5224419931532902,0.4775580068467098,0.585,0.4383333333333333,5258.0,2747.0,2511.0,0.7058910363334758,0.21755449978607114,0.623945993595267,0.2806641671130155,0.4601122333449754,0.6099906648267353,2747.0,2511.0,5258.0,0.7040707016604177,0.699315329022442,4825.0,0.7562694300518135,0.9942449986297616,3649.0,2643.0,0.6087779038970866,0.030453697949036667,1609.0,,,
session_greedy,set_europe,"{""asia"": {""t_down"": 0.455, ""t_up"": 0.6}, ""europe"": {""t_down"": 0.435, ""t_up"": 0.58}, ""us"": {""t_down"": 0.43, ""t_up"": 0.575}}",7468.0,0.7084895554365291,0.7102293410993812,0.684748427672956,0.6974888843861686,0.6501071237279057,0.6979776979776979,0.5191835191835192,0.4808164808164808,0.585,0.44,5291.0,2747.0,2544.0,0.7058910363334758,0.21755449978607114,0.623945993595267,0.2805302624531333,0.4625793407532355,0.6064478841539599,2747.0,2544.0,5291.0,0.7084895554365291,0.6979776979776979,4825.0,0.7597927461139896,0.993998908892526,3666.0,2643.0,0.6148316307226637,0.030153846153846153,1625.0,,,
session_greedy,set_europe,"{""asia"": {""t_down"": 0.455, ""t_up"": 0.6}, ""europe"": {""t_down"": 0.445, ""t_up"": 0.58}, ""us"": {""t_down"": 0.43, ""t_up"": 0.575}}",7468.0,0.714916979110873,0.7102293410993812,0.6820987654320988,0.69616405326574,0.6501071237279057,0.6965723918336767,0.5145158269338828,0.48548417306611724,0.585,0.44333333333333336,5339.0,2747.0,2592.0,0.7058910363334758,0.21755449978607114,0.623945993595267,0.281065881092662,0.4657526693526356,0.6034659586241865,2747.0,2592.0,5339.0,0.714916979110873,0.6965723918336767,4825.0,0.7658031088082902,0.9929634641407307,3695.0,2643.0,0.6220204313280363,0.030413625304136254,1644.0,,,
session_greedy,set_europe,"{""asia"": {""t_down"": 0.455, ""t_up"": 0.6}, ""europe"": {""t_down"": 0.455, ""t_up"": 0.58}, ""us"": {""t_down"": 0.43, ""t_up"": 0.575}}",7468.0,0.7228173540439208,0.7102293410993812,0.6789890607317993,0.6946092009155902,0.6501071237279057,0.6948869951834012,0.508892182289737,0.4911078177102631,0.585,0.4466666666666667,5398.0,2747.0,2651.0,0.7058910363334758,0.21755449978607114,0.623945993595267,0.28173540439207284,0.46961790300831163,0.5999247528412188,2747.0,2651.0,5398.0,0.7228173540439208,0.6948869951834012,4825.0,0.7722279792746114,0.9922168545356951,3726.0,2643.0,0.6326144532727961,0.03229665071770335,1672.0,,,
session_greedy,set_europe,"{""asia"": {""t_down"": 0.455, ""t_up"": 0.6}, ""europe"": {""t_down"": 0.4, ""t_up"": 0.59}, ""us"": {""t_down"": 0.43, ""t_up"": 0.575}}",7468.0,0.6760846277450455,0.7096774193548387,0.6938775510204082,0.7017774851876235,0.6501071237279057,0.7023172905525846,0.5341651812240048,0.46583481877599525,0.5883333333333333,0.4283333333333334,5049.0,2697.0,2352.0,0.7058910363334758,0.21755449978607114,0.623945993595267,0.27356722013926077,0.4486186618977106,0.6097990194657501,2697.0,2352.0,5049.0,0.6760846277450455,0.7023172905525846,4825.0,0.7299481865284974,0.9948892674616695,3522.0,2643.0,0.5777525539160046,0.0275049115913556,1527.0,,,
session_greedy,set_europe,"{""asia"": {""t_down"": 0.455, ""t_up"": 0.6}, ""europe"": {""t_down"": 0.415, ""t_up"": 0.59}, ""us"": {""t_down"": 0.43, ""t_up"": 0.575}}",7468.0,0.6869309051955008,0.7096774193548387,0.6900945334977394,0.699885976426289,0.6501071237279057,0.7003898635477583,0.5257309941520468,0.47426900584795323,0.5883333333333333,0.43333333333333335,5130.0,2697.0,2433.0,0.7058910363334758,0.21755449978607114,0.623945993595267,0.27530798071772905,0.4536644820116359,0.6068537247989093,2697.0,2433.0,5130.0,0.6869309051955008,0.7003898635477583,4825.0,0.7392746113989638,0.9946733950098122,3567.0,2643.0,0.5913734392735528,0.028790786948176585,1563.0,,,
session_greedy,set_europe,"{""asia"": {""t_down"": 0.455, ""t_up"": 0.6}, ""europe"": {""t_down"": 0.425, ""t_up"": 0.59}, ""us"": {""t_down"": 0.43, ""t_up"": 0.575}}",7468.0,0.6946973754686663,0.7096774193548387,0.6876756322761943,0.6986765258155165,0.6501071237279057,0.6991133384734002,0.5198535080956053,0.48014649190439473,0.5883333333333333,0.4366666666666667,5188.0,2697.0,2491.0,0.7058910363334758,0.21755449978607114,0.623945993595267,0.27664702731655066,0.457192709998812,0.605099384277736,2697.0,2491.0,5188.0,0.6946973754686663,0.6991133384734002,4825.0,0.7467357512953368,0.9941715237302248,3603.0,2643.0,0.5996973136587211,0.028391167192429023,1585.0,,,
session_greedy,set_europe,"{""asia"": {""t_down"": 0.455, ""t_up"": 0.6}, ""europe"": {""t_down"": 0.43, ""t_up"": 0.59}, ""us"": {""t_down"": 0.43, ""t_up"": 0.575}}",7468.0,0.6973754686663096,0.7096774193548387,0.6873755475906014,0.6985264834727201,0.6501071237279057,0.6989247311827957,0.5178571428571429,0.48214285714285715,0.5883333333333333,0.4383333333333333,5208.0,2697.0,2511.0,0.7058910363334758,0.21755449978607114,0.623945993595267,0.27745045527584367,0.45821665912015136,0.6055005852659144,2697.0,2511.0,5208.0,0.6973754686663096,0.6989247311827957,4825.0,0.7488082901554404,0.9941876556877941,3613.0,2643.0,0.6034808929247067,0.030094043887147336,1595.0,,,
session_greedy,set_europe,"{""asia"": {""t_down"": 0.455, ""t_up"": 0.6}, ""europe"": {""t_down"": 0.435, ""t_up"": 0.59}, ""us"": {""t_down"": 0.43, ""t_up"": 0.575}}",7468.0,0.701794322442421,0.7096774193548387,0.684748427672956,0.6972129235138973,0.6501071237279057,0.6975767983209311,0.5145964510589582,0.48540354894104176,0.5883333333333333,0.44,5241.0,2697.0,2544.0,0.7058910363334758,0.21755449978607114,0.623945993595267,0.27731655061596144,0.46069391781662344,0.6019540087055061,2697.0,2544.0,5241.0,0.701794322442421,0.6975767983209311,4825.0,0.7523316062176166,0.9939393939393939,3630.0,2643.0,0.6095346197502838,0.0297951582867784,1611.0,,,
session_greedy,set_europe,"{""asia"": {""t_down"": 0.455, ""t_up"": 0.6}, ""europe"": {""t_down"": 0.445, ""t_up"": 0.59}, ""us"": {""t_down"": 0.43, ""t_up"": 0.575}}",7468.0,0.7082217461167649,0.7096774193548387,0.6820987654320988,0.6958880923934687,0.6501071237279057,0.6961618453393836,0.5099262620533183,0.4900737379466818,0.5883333333333333,0.44333333333333336,5289.0,2697.0,2592.0,0.7058910363334758,0.21755449978607114,0.623945993595267,0.2778521692554901,0.4638801444669058,0.5989740508829058,2697.0,2592.0,5289.0,0.7082217461167649,0.6961618453393836,4825.0,0.7583419689119171,0.992894233397103,3659.0,2643.0,0.6167234203556564,0.030061349693251534,1630.0,,,
session_greedy,set_europe,"{""asia"": {""t_down"": 0.455, ""t_up"": 0.6}, ""europe"": {""t_down"": 0.455, ""t_up"": 0.59}, ""us"": {""t_down"": 0.43, ""t_up"": 0.575}}",7468.0,0.7161221210498125,0.7096774193548387,0.6789890607317993,0.6943332400433191,0.6501071237279057,0.6944652206432311,0.5043006731488406,0.4956993268511593,0.5883333333333333,0.4466666666666667,5348.0,2697.0,2651.0,0.7058910363334758,0.21755449978607114,0.623945993595267,0.27852169255490095,0.46776085155499686,0.595436090106728,2697.0,2651.0,5348.0,0.7161221210498125,0.6944652206432311,4825.0,0.7647668393782383,0.9921409214092141,3690.0,2643.0,0.6273174423004162,0.031966224366706875,1658.0,,,
session_greedy,set_europe,"{""asia"": {""t_down"": 0.455, ""t_up"": 0.6}, ""europe"": {""t_down"": 0.4, ""t_up"": 0.6}, ""us"": {""t_down"": 0.43, ""t_up"": 0.575}}",7468.0,0.6693893947509373,0.7128825085001889,0.6938775510204082,0.7033800297602986,0.6501071237279057,0.7039407881576315,0.529505901180236,0.47049409881976395,0.5916666666666667,0.4283333333333334,4999.0,2647.0,2352.0,0.7058910363334758,0.21755449978607114,0.623945993595267,0.27303160149973216,0.44517288397385857,0.6133158854207417,2647.0,2352.0,4999.0,0.6693893947509373,0.7039407881576315,4825.0,0.724559585492228,0.9948512585812357,3496.0,2643.0,0.5686719636776391,0.027278775781769793,1503.0,,,
session_greedy,set_europe,"{""asia"": {""t_down"": 0.455, ""t_up"": 0.6}, ""europe"": {""t_down"": 0.415, ""t_up"": 0.6}, ""us"": {""t_down"": 0.43, ""t_up"": 0.575}}",7468.0,0.6802356722013926,0.7128825085001889,0.6900945334977394,0.7014885209989641,0.6501071237279057,0.7019685039370078,0.5210629921259843,0.4789370078740158,0.5916666666666667,0.43333333333333335,5080.0,2647.0,2433.0,0.7058910363334758,0.21755449978607114,0.623945993595267,0.27477236207820027,0.450257320941699,0.6102562896779169,2647.0,2433.0,5080.0,0.6802356722013926,0.7019685039370078,4825.0,0.7338860103626943,0.9946342841005366,3541.0,2643.0,0.5822928490351873,0.028589993502274202,1539.0,,,
session_greedy,set_europe,"{""asia"": {""t_down"": 0.455, ""t_up"": 0.6}, ""europe"": {""t_down"": 0.425, ""t_up"": 0.6}, ""us"": {""t_down"": 0.43, ""t_up"": 0.575}}",7468.0,0.6880021424745582,0.7128825085001889,0.6876756322761943,0.7002790703881916,0.6501071237279057,0.7006617360840794,0.5151810042818217,0.48481899571817827,0.5916666666666667,0.4366666666666667,5138.0,2647.0,2491.0,0.7058910363334758,0.21755449978607114,0.623945993595267,0.27611140867702205,0.4538120391734535,0.6084268041454235,2647.0,2491.0,5138.0,0.6880021424745582,0.7006617360840794,4825.0,0.7413471502590674,0.9941291585127201,3577.0,2643.0,0.5906167234203556,0.028187059577194105,1561.0,,,
session_greedy,set_europe,"{""asia"": {""t_down"": 0.455, ""t_up"": 0.6}, ""europe"": {""t_down"": 0.43, ""t_up"": 0.6}, ""us"": {""t_down"": 0.43, ""t_up"": 0.575}}",7468.0,0.6906802356722014,0.7128825085001889,0.6873755475906014,0.7001290280453951,0.6501071237279057,0.7004652966265995,0.513183404420318,0.48681659557968204,0.5916666666666667,0.4383333333333333,5158.0,2647.0,2511.0,0.7058910363334758,0.21755449978607114,0.623945993595267,0.276914836636315,0.45484359896336146,0.6088133091626096,2647.0,2511.0,5158.0,0.6906802356722014,0.7004652966265995,4825.0,0.743419689119171,0.9941455255087817,3587.0,2643.0,0.5944003026863413,0.02991725015913431,1571.0,,,
session_greedy,set_europe,"{""asia"": {""t_down"": 0.455, ""t_up"": 0.6}, ""europe"": {""t_down"": 0.435, ""t_up"": 0.6}, ""us"": {""t_down"": 0.43, ""t_up"": 0.575}}",7468.0,0.6950990894483128,0.7128825085001889,0.684748427672956,0.6988154680865724,0.6501071237279057,0.6990945867848198,0.5099210171450588,0.4900789828549412,0.5916666666666667,0.44,5191.0,2647.0,2544.0,0.7058910363334758,0.21755449978607114,0.623945993595267,0.2767809319764327,0.4573391288048072,0.6051984502173727,2647.0,2544.0,5191.0,0.6950990894483128,0.6990945867848198,4825.0,0.7469430051813472,0.9938956714761377,3604.0,2643.0,0.6004540295119183,0.029615626969124134,1587.0,,,
session_greedy,set_europe,"{""asia"": {""t_down"": 0.455, ""t_up"": 0.6}, ""europe"": {""t_down"": 0.445, ""t_up"": 0.6}, ""us"": {""t_down"": 0.43, ""t_up"": 0.575}}",7468.0,0.7015265131226567,0.7128825085001889,0.6820987654320988,0.6974906369661438,0.6501071237279057,0.6976522237068142,0.5052490933384234,0.4947509066615766,0.5916666666666667,0.44333333333333336,5239.0,2647.0,2592.0,0.7058910363334758,0.21755449978607114,0.623945993595267,0.2773165506159614,0.46054856557517104,0.6021439894609716,2647.0,2592.0,5239.0,0.7015265131226567,0.6976522237068142,4825.0,0.7529533678756477,0.9928433801266171,3633.0,2643.0,0.6076428301172909,0.029887920298879204,1606.0,,,
session_greedy,set_europe,"{""asia"": {""t_down"": 0.455, ""t_up"": 0.6}, ""europe"": {""t_down"": 0.455, ""t_up"": 0.6}, ""us"": {""t_down"": 0.43, ""t_up"": 0.575}}",7468.0,0.7094268880557043,0.7128825085001889,0.6789890607317993,0.6959357846159941,0.6501071237279057,0.6959229898074745,0.4996224990562476,0.5003775009437523,0.5916666666666667,0.4466666666666667,5298.0,2647.0,2651.0,0.7058910363334758,0.21755449978607114,0.623945993595267,0.27798607391537217,0.464457110043722,0.5985182870582039,2647.0,2651.0,5298.0,0.7094268880557043,0.6959229898074745,4825.0,0.7593782383419689,0.9920851528384279,3664.0,2643.0,0.6182368520620507,0.03182374541003672,1634.0,,,
session_greedy,set_us,"{""asia"": {""t_down"": 0.455, ""t_up"": 0.6}, ""europe"": {""t_down"": 0.415, ""t_up"": 0.57}, ""us"": {""t_down"": 0.4, ""t_up"": 0.55}}",7468.0,0.7019282271023032,0.7005059021922428,0.6921387790953009,0.6963223406437719,0.6501071237279057,0.6968714231209462,0.5656238077069821,0.43437619229301794,0.5733333333333334,0.42333333333333334,5242.0,2965.0,2277.0,0.7058910363334758,0.21755449978607114,0.623945993595267,0.2763792179967863,0.4612748687634721,0.5991638320502243,2965.0,2277.0,5242.0,0.7019282271023032,0.6968714231209462,4825.0,0.753160621761658,0.9928453494771602,3634.0,2643.0,0.6083995459704881,0.027985074626865673,1608.0,,,
session_greedy,set_us,"{""asia"": {""t_down"": 0.455, ""t_up"": 0.6}, ""europe"": {""t_down"": 0.415, ""t_up"": 0.57}, ""us"": {""t_down"": 0.415, ""t_up"": 0.55}}",7468.0,0.7126405998928763,0.7005059021922428,0.6898599915146373,0.6951829468534401,0.6501071237279057,0.6957910559939873,0.5571213829387448,0.44287861706125514,0.5733333333333334,0.4283333333333333,5322.0,2965.0,2357.0,0.7058910363334758,0.21755449978607114,0.623945993595267,0.27905731119442967,0.46560889633814273,0.5993384434642927,2965.0,2357.0,5322.0,0.7126405998928763,0.6957910559939873,4825.0,0.7631088082901555,0.9923954372623575,3682.0,2643.0,0.620506999621642,0.029878048780487804,1640.0,,,
session_greedy,set_us,"{""asia"": {""t_down"": 0.455, ""t_up"": 0.6}, ""europe"": {""t_down"": 0.415, ""t_up"": 0.57}, ""us"": {""t_down"": 0.425, ""t_up"": 0.55}}",7468.0,0.7194697375468666,0.7005059021922428,0.6893687707641196,0.6949373364781812,0.6501071237279057,0.6955146100874744,0.5518332402754513,0.44816675972454867,0.5733333333333334,0.43166666666666664,5373.0,2965.0,2408.0,0.7058910363334758,0.21755449978607114,0.623945993595267,0.28133369041242634,0.4680470313624691,0.6010799589807748,2965.0,2408.0,5373.0,0.7194697375468666,0.6955146100874744,4825.0,0.7699481865284974,0.9921938088829071,3715.0,2643.0,0.6273174423004162,0.030759951749095297,1658.0,,,
session_greedy,set_us,"{""asia"": {""t_down"": 0.455, ""t_up"": 0.6}, ""europe"": {""t_down"": 0.415, ""t_up"": 0.57}, ""us"": {""t_down"": 0.43, ""t_up"": 0.55}}",7468.0,0.7228173540439208,0.7005059021922428,0.6900945334977394,0.6953002178449912,0.6501071237279057,0.6958132641719156,0.5492775101889589,0.4507224898110411,0.5733333333333334,0.43333333333333335,5398.0,2965.0,2433.0,0.7058910363334758,0.21755449978607114,0.623945993595267,0.28307445099089457,0.46890452282582334,0.6036931554529786,2965.0,2433.0,5398.0,0.7228173540439208,0.6958132641719156,4825.0,0.7736787564766839,0.9922314492365389,3733.0,2643.0,0.6299659477866061,0.03123123123123123,1665.0,,,
session_greedy,set_us,"{""asia"": {""t_down"": 0.455, ""t_up"": 0.6}, ""europe"": {""t_down"": 0.415, ""t_up"": 0.57}, ""us"": {""t_down"": 0.435, ""t_up"": 0.55}}",7468.0,0.7260310658810927,0.7005059021922428,0.6878306878306878,0.6941682950114654,0.6501071237279057,0.6947620804131317,0.5468461822205828,0.4531538177794172,0.5733333333333334,0.435,5422.0,2965.0,2457.0,0.7058910363334758,0.21755449978607114,0.623945993595267,0.2828066416711302,0.4707570627244813,0.6007485900145648,2965.0,2457.0,5422.0,0.7260310658810927,0.6947620804131317,4825.0,0.7759585492227979,0.9922542735042735,3744.0,2643.0,0.6348846008323874,0.03098927294398093,1678.0,,,
session_greedy,set_us,"{""asia"": {""t_down"": 0.455, ""t_up"": 0.6}, ""europe"": {""t_down"": 0.415, ""t_up"": 0.57}, ""us"": {""t_down"": 0.445, ""t_up"": 0.55}}",7468.0,0.7335297268344938,0.7005059021922428,0.6840429765220851,0.692274439357164,0.6501071237279057,0.6929536327126689,0.5412559328221979,0.45874406717780214,0.5733333333333334,0.4383333333333333,5478.0,2965.0,2513.0,0.7058910363334758,0.21755449978607114,0.623945993595267,0.28307445099089446,0.47458153980301393,0.5964716855788177,2965.0,2513.0,5478.0,0.7335297268344938,0.6929536327126689,4825.0,0.7817616580310881,0.9920466595970308,3772.0,2643.0,0.6454786227771472,0.031652989449003514,1706.0,,,
session_greedy,set_us,"{""asia"": {""t_down"": 0.455, ""t_up"": 0.6}, ""europe"": {""t_down"": 0.415, ""t_up"": 0.57}, ""us"": {""t_down"": 0.455, ""t_up"": 0.55}}",7468.0,0.7403588644884842,0.7005059021922428,0.6801872074882995,0.6903465548402712,0.6501071237279057,0.6910833785494664,0.5362633387592693,0.4637366612407307,0.5733333333333334,0.44166666666666665,5529.0,2965.0,2564.0,0.7058910363334758,0.21755449978607114,0.623945993595267,0.2829405463310123,0.47823546405378176,0.5916343884927638,2965.0,2564.0,5529.0,0.7403588644884842,0.6910833785494664,4825.0,0.7875647668393783,0.9913157894736843,3800.0,2643.0,0.6541808550889141,0.031231925968768073,1729.0,,,
session_greedy,set_us,"{""asia"": {""t_down"": 0.455, ""t_up"": 0.6}, ""europe"": {""t_down"": 0.415, ""t_up"": 0.57}, ""us"": {""t_down"": 0.4, ""t_up"": 0.56}}",7468.0,0.6942956614890198,0.7028885832187071,0.6921387790953009,0.697513681157004,0.6501071237279057,0.6981677917068466,0.5608486017357763,0.4391513982642237,0.5766666666666667,0.42333333333333334,5185.0,2908.0,2277.0,0.7058910363334758,0.21755449978607114,0.623945993595267,0.2751740760578467,0.4577781042334665,0.6011079899040085,2908.0,2277.0,5185.0,0.6942956614890198,0.6981677917068466,4825.0,0.7461139896373057,0.9938888888888889,3600.0,2643.0,0.5996973136587211,0.026498422712933754,1585.0,,,
session_greedy,set_us,"{""asia"": {""t_down"": 0.455, ""t_up"": 0.6}, ""europe"": {""t_down"": 0.415, ""t_up"": 0.57}, ""us"": {""t_down"": 0.415, ""t_up"": 0.56}}",7468.0,0.7050080342795929,0.7028885832187071,0.6898599915146373,0.6963742873666722,0.6501071237279057,0.6970560303893637,0.552326685660019,0.44767331433998103,0.5766666666666667,0.4283333333333333,5265.0,2908.0,2357.0,0.7058910363334758,0.21755449978607114,0.623945993595267,0.27785216925549006,0.46214492587504563,0.6012230226901063,2908.0,2357.0,5265.0,0.7050080342795929,0.6970560303893637,4825.0,0.7560621761658031,0.993421052631579,3648.0,2643.0,0.6118047673098751,0.02844774273345702,1617.0,,,
session_greedy,set_us,"{""asia"": {""t_down"": 0.455, ""t_up"": 0.6}, ""europe"": {""t_down"": 0.415, ""t_up"": 0.57}, ""us"": {""t_down"": 0.425, ""t_up"": 0.56}}",7468.0,0.7118371719335833,0.7028885832187071,0.6893687707641196,0.6961286769914133,0.6501071237279057,0.6967644845748683,0.547027840481565,0.4529721595184349,0.5766666666666667,0.43166666666666664,5316.0,2908.0,2408.0,0.7058910363334758,0.21755449978607114,0.623945993595267,0.28012854847348684,0.4646012394839775,0.6029440403228788,2908.0,2408.0,5316.0,0.7118371719335833,0.6967644845748683,4825.0,0.7629015544041451,0.9932083672914969,3681.0,2643.0,0.6186152099886493,0.029357798165137616,1635.0,,,
session_greedy,set_us,"{""asia"": {""t_down"": 0.455, ""t_up"": 0.6}, ""europe"": {""t_down"": 0.415, ""t_up"": 0.57}, ""us"": {""t_down"": 0.43, ""t_up"": 0.56}}",7468.0,0.7151847884306374,0.7028885832187071,0.6900945334977394,0.6964915583582232,0.6501071237279057,0.6970604755663733,0.54446732821569,0.45553267178431006,0.5766666666666667,0.43333333333333335,5341.0,2908.0,2433.0,0.7058910363334758,0.21755449978607114,0.623945993595267,0.28186930905195495,0.4654650789149936,0.6055648894413234,2908.0,2433.0,5341.0,0.7151847884306374,0.6970604755663733,4825.0,0.7666321243523316,0.9932414165990808,3699.0,2643.0,0.6212637154748392,0.02984165651644336,1642.0,,,
session_greedy,set_us,"{""asia"": {""t_down"": 0.455, ""t_up"": 0.6}, ""europe"": {""t_down"": 0.415, ""t_up"": 0.57}, ""us"": {""t_down"": 0.435, ""t_up"": 0.56}}",7468.0,0.7183985002678093,0.7028885832187071,0.6878306878306878,0.6953596355246974,0.6501071237279057,0.6959925442684063,0.542031686859273,0.45796831314072695,0.5766666666666667,0.435,5365.0,2908.0,2457.0,0.7058910363334758,0.21755449978607114,0.623945993595267,0.28160149973219056,0.46733125325384495,0.6025736514977531,2908.0,2457.0,5365.0,0.7183985002678093,0.6959925442684063,4825.0,0.7689119170984456,0.9932614555256065,3710.0,2643.0,0.6261823685206205,0.029607250755287008,1655.0,,,
session_greedy,set_us,"{""asia"": {""t_down"": 0.455, ""t_up"": 0.6}, ""europe"": {""t_down"": 0.415, ""t_up"": 0.57}, ""us"": {""t_down"": 0.445, ""t_up"": 0.56}}",7468.0,0.7258971612212105,0.7028885832187071,0.6840429765220851,0.693465779870396,0.6501071237279057,0.6941523704113632,0.5364323925475004,0.46356760745249953,0.5766666666666667,0.4383333333333333,5421.0,2908.0,2513.0,0.7058910363334758,0.21755449978607114,0.623945993595267,0.28186930905195506,0.4711835375781159,0.5982155287104549,2908.0,2513.0,5421.0,0.7258971612212105,0.6941523704113632,4825.0,0.7747150259067358,0.9930444087747459,3738.0,2643.0,0.6367763904653803,0.030303030303030304,1683.0,,,
session_greedy,set_us,"{""asia"": {""t_down"": 0.455, ""t_up"": 0.6}, ""europe"": {""t_down"": 0.415, ""t_up"": 0.57}, ""us"": {""t_down"": 0.455, ""t_up"": 0.56}}",7468.0,0.7327262988752009,0.7028885832187071,0.6801872074882995,0.6915378953535033,0.6501071237279057,0.6922514619883041,0.5314327485380117,0.4685672514619883,0.5766666666666667,0.44166666666666665,5472.0,2908.0,2564.0,0.7058910363334758,0.21755449978607114,0.623945993595267,0.2817354043920729,0.4748636090937734,0.5932975258511278,2908.0,2564.0,5472.0,0.7327262988752009,0.6922514619883041,4825.0,0.780518134715026,0.9922995220392989,3766.0,2643.0,0.6454786227771472,0.029894490035169988,1706.0,,,
session_greedy,set_us,"{""asia"": {""t_down"": 0.455, ""t_up"": 0.6}, ""europe"": {""t_down"": 0.415, ""t_up"": 0.57}, ""us"": {""t_down"": 0.4, ""t_up"": 0.57}}",7468.0,0.6851901446170326,0.7073943661971831,0.6921387790953009,0.699766572646242,0.6501071237279057,0.7006058237248388,0.5550127027555208,0.44498729724447916,0.58,0.42333333333333334,5117.0,2840.0,2277.0,0.7058910363334758,0.21755449978607114,0.623945993595267,0.27490626673808255,0.4529259751211836,0.6069562838928136,2840.0,2277.0,5117.0,0.6851901446170326,0.7006058237248388,4825.0,0.738860103626943,0.9943899018232819,3565.0,2643.0,0.5872115020809686,0.02577319587628866,1552.0,,,
session_greedy,set_us,"{""asia"": {""t_down"": 0.455, ""t_up"": 0.6}, ""europe"": {""t_down"": 0.415, ""t_up"": 0.57}, ""us"": {""t_down"": 0.415, ""t_up"": 0.57}}",7468.0,0.6959025174076058,0.7073943661971831,0.6898599915146373,0.6986271788559102,0.6501071237279057,0.699441985761016,0.5464691167981528,0.4535308832018472,0.58,0.4283333333333333,5197.0,2840.0,2357.0,0.7058910363334758,0.21755449978607114,0.623945993595267,0.27758435993572583,0.45733912880480715,0.6069551946301956,2840.0,2357.0,5197.0,0.6959025174076058,0.699441985761016,4825.0,0.7488082901554404,0.9939108773872128,3613.0,2643.0,0.5993189557321226,0.027777777777777776,1584.0,,,
session_greedy,set_us,"{""asia"": {""t_down"": 0.455, ""t_up"": 0.6}, ""europe"": {""t_down"": 0.415, ""t_up"": 0.57}, ""us"": {""t_down"": 0.425, ""t_up"": 0.57}}",7468.0,0.7027316550615962,0.7073943661971831,0.6893687707641196,0.6983815684806514,0.6501071237279057,0.6991234756097561,0.5411585365853658,0.45884146341463417,0.58,0.43166666666666664,5248.0,2840.0,2408.0,0.7058910363334758,0.21755449978607114,0.623945993595267,0.2798607391537225,0.4598211151675582,0.6086295951236202,2840.0,2408.0,5248.0,0.7027316550615962,0.6991234756097561,4825.0,0.7556476683937824,0.9936917169500823,3646.0,2643.0,0.6061293984108967,0.02871410736579276,1602.0,,,
session_greedy,set_us,"{""asia"": {""t_down"": 0.455, ""t_up"": 0.6}, ""europe"": {""t_down"": 0.415, ""t_up"": 0.57}, ""us"": {""t_down"": 0.43, ""t_up"": 0.57}}",7468.0,0.7060792715586502,0.7073943661971831,0.6900945334977394,0.6987444498474613,0.6501071237279057,0.6994120993741703,0.5385928314052721,0.46140716859472786,0.58,0.43333333333333335,5273.0,2840.0,2433.0,0.7058910363334758,0.21755449978607114,0.623945993595267,0.2816014997321906,0.46069391781662344,0.6112550846488068,2840.0,2433.0,5273.0,0.7060792715586502,0.6994120993741703,4825.0,0.7593782383419689,0.9937227074235808,3664.0,2643.0,0.6087779038970866,0.029210689869484153,1609.0,,,
session_greedy,set_us,"{""asia"": {""t_down"": 0.455, ""t_up"": 0.6}, ""europe"": {""t_down"": 0.415, ""t_up"": 0.57}, ""us"": {""t_down"": 0.435, ""t_up"": 0.57}}",7468.0,0.7092929833958221,0.7073943661971831,0.6878306878306878,0.6976125270139355,0.6501071237279057,0.6983198036624504,0.5361525391731169,0.46384746082688316,0.58,0.435,5297.0,2840.0,2457.0,0.7058910363334758,0.21755449978607114,0.623945993595267,0.2813336904124263,0.4625793407532355,0.6081847277362624,2840.0,2457.0,5297.0,0.7092929833958221,0.6983198036624504,4825.0,0.7616580310880829,0.9937414965986394,3675.0,2643.0,0.613696556942868,0.028976572133168926,1622.0,,,
session_greedy,set_us,"{""asia"": {""t_down"": 0.455, ""t_up"": 0.6}, ""europe"": {""t_down"": 0.415, ""t_up"": 0.57}, ""us"": {""t_down"": 0.445, ""t_up"": 0.57}}",7468.0,0.7167916443492234,0.7073943661971831,0.6840429765220851,0.6957186713596342,0.6501071237279057,0.6964319073416776,0.5305436203997759,0.4694563796002242,0.58,0.4383333333333333,5353.0,2840.0,2513.0,0.7058910363334758,0.21755449978607114,0.623945993595267,0.28160149973219073,0.4664708697319869,0.6036850701823808,2840.0,2513.0,5353.0,0.7167916443492234,0.6964319073416776,4825.0,0.7674611398963731,0.9935187685660275,3703.0,2643.0,0.6242905788876277,0.029696969696969697,1650.0,,,
session_greedy,set_us,"{""asia"": {""t_down"": 0.455, ""t_up"": 0.6}, ""europe"": {""t_down"": 0.415, ""t_up"": 0.57}, ""us"": {""t_down"": 0.455, ""t_up"": 0.57}}",7468.0,0.7236207820032137,0.7073943661971831,0.6801872074882995,0.6937907868427413,0.6501071237279057,0.6944855662472242,0.5255366395262768,0.4744633604737232,0.58,0.44166666666666665,5404.0,2840.0,2564.0,0.7058910363334758,0.21755449978607114,0.623945993595267,0.28146759507230845,0.4701878278576048,0.5986279916151939,2840.0,2564.0,5404.0,0.7236207820032137,0.6944855662472242,4825.0,0.7732642487046633,0.9927633342267489,3731.0,2643.0,0.6329928111993947,0.029288702928870293,1673.0,,,
session_greedy,set_us,"{""asia"": {""t_down"": 0.455, ""t_up"": 0.6}, ""europe"": {""t_down"": 0.415, ""t_up"": 0.57}, ""us"": {""t_down"": 0.4, ""t_up"": 0.575}}",7468.0,0.6803695768612747,0.7100570613409415,0.6921387790953009,0.7010979202181211,0.6501071237279057,0.7020271600078725,0.5518598701043101,0.4481401298956898,0.5816666666666667,0.42333333333333334,5081.0,2804.0,2277.0,0.7058910363334758,0.21755449978607114,0.623945993595267,0.2749062667380825,0.450257320941699,0.6105536855305865,2804.0,2277.0,5081.0,0.6803695768612747,0.7020271600078725,4825.0,0.7349222797927462,0.9946418499717992,3546.0,2643.0,0.580779417328793,0.026058631921824105,1535.0,,,
session_greedy,set_us,"{""asia"": {""t_down"": 0.455, ""t_up"": 0.6}, ""europe"": {""t_down"": 0.415, ""t_up"": 0.57}, ""us"": {""t_down"": 0.415, ""t_up"": 0.575}}",7468.0,0.6910819496518479,0.7100570613409415,0.6898599915146373,0.6999585264277894,0.6501071237279057,0.7008331718659174,0.5433055609378028,0.45669443906219725,0.5816666666666667,0.4283333333333333,5161.0,2804.0,2357.0,0.7058910363334758,0.21755449978607114,0.623945993595267,0.2775843599357257,0.45469637656139406,0.6104828941786073,2804.0,2357.0,5161.0,0.6910819496518479,0.7008331718659174,4825.0,0.7448704663212435,0.9941569282136895,3594.0,2643.0,0.5928868709799471,0.028079132099553285,1567.0,,,
session_greedy,set_us,"{""asia"": {""t_down"": 0.455, ""t_up"": 0.6}, ""europe"": {""t_down"": 0.415, ""t_up"": 0.57}, ""us"": {""t_down"": 0.425, ""t_up"": 0.575}}",7468.0,0.6979110873058383,0.7100570613409415,0.6893687707641196,0.6997129160525306,0.6501071237279057,0.7004988488104374,0.5379892555640828,0.4620107444359171,0.5816666666666667,0.43166666666666664,5212.0,2804.0,2408.0,0.7058910363334758,0.21755449978607114,0.623945993595267,0.27986073915372256,0.45719270999881206,0.6121286123622788,2804.0,2408.0,5212.0,0.6979110873058383,0.7004988488104374,4825.0,0.7517098445595854,0.9939343810311553,3627.0,2643.0,0.5996973136587211,0.029022082018927444,1585.0,,,
session_greedy,set_us,"{""asia"": {""t_down"": 0.455, ""t_up"": 0.6}, ""europe"": {""t_down"": 0.415, ""t_up"": 0.57}, ""us"": {""t_down"": 0.43, ""t_up"": 0.575}}",7468.0,0.7012587038028923,0.7100570613409415,0.6900945334977394,0.7000757974193405,0.6501071237279057,0.7007828909681115,0.5354210425816307,0.4645789574183693,0.5816666666666667,0.43333333333333335,5237.0,2804.0,2433.0,0.7058910363334758,0.21755449978607114,0.623945993595267,0.2816014997321907,0.4580705208102251,0.6147557787261667,2804.0,2433.0,5237.0,0.7012587038028923,0.7007828909681115,4825.0,0.755440414507772,0.9939643347050754,3645.0,2643.0,0.602345819144911,0.029522613065326633,1592.0,,,
session_greedy,set_us,"{""asia"": {""t_down"": 0.455, ""t_up"": 0.6}, ""europe"": {""t_down"": 0.415, ""t_up"": 0.57}, ""us"": {""t_down"": 0.435, ""t_up"": 0.575}}",7468.0,0.7044724156400642,0.7100570613409415,0.6878306878306878,0.6989438745858146,0.6501071237279057,0.6996768675156815,0.5329785211936894,0.46702147880631056,0.5816666666666667,0.435,5261.0,2804.0,2457.0,0.7058910363334758,0.21755449978607114,0.623945993595267,0.2813336904124264,0.45996669728776984,0.6116392601275981,2804.0,2457.0,5261.0,0.7044724156400642,0.6996768675156815,4825.0,0.757720207253886,0.9939824945295405,3656.0,2643.0,0.6072644721906924,0.029283489096573207,1605.0,,,
session_greedy,set_us,"{""asia"": {""t_down"": 0.455, ""t_up"": 0.6}, ""europe"": {""t_down"": 0.415, ""t_up"": 0.57}, ""us"": {""t_down"": 0.445, ""t_up"": 0.575}}",7468.0,0.7119710765934655,0.7100570613409415,0.6840429765220851,0.6970500189315133,0.6501071237279057,0.6977618958059056,0.5273650554824149,0.4726349445175851,0.5816666666666667,0.4383333333333333,5317.0,2804.0,2513.0,0.7058910363334758,0.21755449978607114,0.623945993595267,0.2816014997321908,0.46388014446690573,0.6070565922924103,2804.0,2513.0,5317.0,0.7119710765934655,0.6977618958059056,4825.0,0.7635233160621762,0.993756786102063,3684.0,2643.0,0.6178584941354521,0.030006123698714023,1633.0,,,
session_greedy,set_us,"{""asia"": {""t_down"": 0.455, ""t_up"": 0.6}, ""europe"": {""t_down"": 0.415, ""t_up"": 0.57}, ""us"": {""t_down"": 0.455, ""t_up"": 0.575}}",7468.0,0.7188002142474558,0.7100570613409415,0.6801872074882995,0.6951221344146206,0.6501071237279057,0.6957898658718331,0.522354694485842,0.47764530551415796,0.5816666666666667,0.44166666666666665,5368.0,2804.0,2564.0,0.7058910363334758,0.21755449978607114,0.623945993595267,0.28146759507230856,0.46761769597350955,0.6019181855090737,2804.0,2564.0,5368.0,0.7188002142474558,0.6957898658718331,4825.0,0.7693264248704663,0.9929956896551724,3712.0,2643.0,0.626560726447219,0.029589371980676328,1656.0,,,
session_greedy,set_us,"{""asia"": {""t_down"": 0.455, ""t_up"": 0.6}, ""europe"": {""t_down"": 0.415, ""t_up"": 0.57}, ""us"": {""t_down"": 0.4, ""t_up"": 0.58}}",7468.0,0.6776914836636315,0.7104885057471264,0.6921387790953009,0.7013136424212136,0.6501071237279057,0.7022327603240466,0.5500889152341435,0.44991108476585656,0.5833333333333334,0.42333333333333334,5061.0,2784.0,2277.0,0.7058910363334758,0.21755449978607114,0.623945993595267,0.27410283877878944,0.44921522953081305,0.6101815360647471,2784.0,2277.0,5061.0,0.6776914836636315,0.7022327603240466,4825.0,0.7322279792746114,0.9946221341636003,3533.0,2643.0,0.5781309118426031,0.02617801047120419,1528.0,,,
session_greedy,set_us,"{""asia"": {""t_down"": 0.455, ""t_up"": 0.6}, ""europe"": {""t_down"": 0.415, ""t_up"": 0.57}, ""us"": {""t_down"": 0.415, ""t_up"": 0.58}}",7468.0,0.6884038564542047,0.7104885057471264,0.6898599915146373,0.7001742486308818,0.6501071237279057,0.7010309278350515,0.54152888543085,0.45847111456914996,0.5833333333333334,0.4283333333333333,5141.0,2784.0,2357.0,0.7058910363334758,0.21755449978607114,0.623945993595267,0.2767809319764327,0.45366448201163595,0.6101005102915101,2784.0,2357.0,5141.0,0.6884038564542047,0.7010309278350515,4825.0,0.7421761658031089,0.9941357162803686,3581.0,2643.0,0.5902383654937571,0.028205128205128206,1560.0,,,
session_greedy,set_us,"{""asia"": {""t_down"": 0.455, ""t_up"": 0.6}, ""europe"": {""t_down"": 0.415, ""t_up"": 0.57}, ""us"": {""t_down"": 0.425, ""t_up"": 0.58}}",7468.0,0.695232994108195,0.7104885057471264,0.6893687707641196,0.699928638255623,0.6501071237279057,0.7006933744221879,0.5362095531587057,0.4637904468412943,0.5833333333333334,0.43166666666666664,5192.0,2784.0,2408.0,0.7058910363334758,0.21755449978607114,0.623945993595267,0.2790573111944295,0.4561664624420374,0.6117444708682147,2784.0,2408.0,5192.0,0.695232994108195,0.7006933744221879,4825.0,0.7490155440414508,0.993912562257886,3614.0,2643.0,0.5970488081725313,0.029150823827629912,1578.0,,,
session_greedy,set_us,"{""asia"": {""t_down"": 0.455, ""t_up"": 0.6}, ""europe"": {""t_down"": 0.415, ""t_up"": 0.57}, ""us"": {""t_down"": 0.43, ""t_up"": 0.58}}",7468.0,0.698580610605249,0.7104885057471264,0.6900945334977394,0.7002915196224329,0.6501071237279057,0.7009775733179988,0.5336400230017251,0.46635997699827486,0.5833333333333334,0.43333333333333335,5217.0,2784.0,2433.0,0.7058910363334758,0.21755449978607114,0.623945993595267,0.2807980717728976,0.45704624428626006,0.6143756245309532,2784.0,2433.0,5217.0,0.698580610605249,0.7009775733179988,4825.0,0.7527461139896373,0.9939427312775331,3632.0,2643.0,0.5996973136587211,0.02965299684542587,1585.0,,,
session_greedy,set_us,"{""asia"": {""t_down"": 0.455, ""t_up"": 0.6}, ""europe"": {""t_down"": 0.415, ""t_up"": 0.57}, ""us"": {""t_down"": 0.435, ""t_up"": 0.58}}",7468.0,0.701794322442421,0.7104885057471264,0.6878306878306878,0.699159596788907,0.6501071237279057,0.6998664377027285,0.5311963365769892,0.4688036634230109,0.5833333333333334,0.435,5241.0,2784.0,2457.0,0.7058910363334758,0.21755449978607114,0.623945993595267,0.2805302624531334,0.4589466526674356,0.6112480847668644,2784.0,2457.0,5241.0,0.701794322442421,0.6998664377027285,4825.0,0.7550259067357513,0.993961021136426,3643.0,2643.0,0.6046159667045025,0.029411764705882353,1598.0,,,
session_greedy,set_us,"{""asia"": {""t_down"": 0.455, ""t_up"": 0.6}, ""europe"": {""t_down"": 0.415, ""t_up"": 0.57}, ""us"": {""t_down"": 0.445, ""t_up"": 0.58}}",7468.0,0.7092929833958221,0.7104885057471264,0.6840429765220851,0.6972657411346057,0.6501071237279057,0.6979422314517651,0.5255805172739286,0.4744194827260714,0.5833333333333334,0.4383333333333333,5297.0,2784.0,2513.0,0.7058910363334758,0.21755449978607114,0.623945993595267,0.2807980717728977,0.4628687241664339,0.6066473216106323,2784.0,2513.0,5297.0,0.7092929833958221,0.6979422314517651,4825.0,0.7608290155440415,0.9937346771996731,3671.0,2643.0,0.6152099886492622,0.03013530135301353,1626.0,,,
session_greedy,set_us,"{""asia"": {""t_down"": 0.455, ""t_up"": 0.6}, ""europe"": {""t_down"": 0.415, ""t_up"": 0.57}, ""us"": {""t_down"": 0.455, ""t_up"": 0.58}}",7468.0,0.7161221210498125,0.7104885057471264,0.6801872074882995,0.695337856617713,0.6501071237279057,0.6959611069558713,0.5205684367988033,0.47943156320119673,0.5833333333333334,0.44166666666666665,5348.0,2784.0,2564.0,0.7058910363334758,0.21755449978607114,0.623945993595267,0.2806641671130155,0.4666143771556964,0.6014906116348951,2784.0,2564.0,5348.0,0.7161221210498125,0.6959611069558713,4825.0,0.7666321243523316,0.992971073263044,3699.0,2643.0,0.6239122209610292,0.02971497877501516,1649.0,,,
session_greedy,set_us,"{""asia"": {""t_down"": 0.455, ""t_up"": 0.6}, ""europe"": {""t_down"": 0.415, ""t_up"": 0.57}, ""us"": {""t_down"": 0.4, ""t_up"": 0.59}}",7468.0,0.6716657739689341,0.7108433734939759,0.6921387790953009,0.7014910762946384,0.6501071237279057,0.7023524720893142,0.5460526315789473,0.45394736842105265,0.5866666666666666,0.42333333333333334,5016.0,2739.0,2277.0,0.7058910363334758,0.21755449978607114,0.623945993595267,0.2718264595607927,0.44712376050045777,0.6079445638418816,2739.0,2277.0,5016.0,0.6716657739689341,0.7023524720893142,4825.0,0.7255958549222798,0.9948586118251928,3501.0,2643.0,0.5732122587968218,0.026402640264026403,1515.0,,,
session_greedy,set_us,"{""asia"": {""t_down"": 0.455, ""t_up"": 0.6}, ""europe"": {""t_down"": 0.415, ""t_up"": 0.57}, ""us"": {""t_down"": 0.415, ""t_up"": 0.59}}",7468.0,0.6823781467595073,0.7108433734939759,0.6898599915146373,0.7003516825043066,0.6501071237279057,0.701138147566719,0.5374803767660911,0.46251962323390894,0.5866666666666666,0.4283333333333333,5096.0,2739.0,2357.0,0.7058910363334758,0.21755449978607114,0.623945993595267,0.274504552758436,0.4515936193089265,0.6078574652549569,2739.0,2357.0,5096.0,0.6823781467595073,0.701138147566719,4825.0,0.7355440414507772,0.9943646097492251,3549.0,2643.0,0.5853197124479758,0.028442146089204912,1547.0,,,
session_greedy,set_us,"{""asia"": {""t_down"": 0.455, ""t_up"": 0.6}, ""europe"": {""t_down"": 0.415, ""t_up"": 0.57}, ""us"": {""t_down"": 0.425, ""t_up"": 0.59}}",7468.0,0.6892072844134975,0.7108433734939759,0.6893687707641196,0.7001060721290477,0.6501071237279057,0.700796580532349,0.5321546531960365,0.46784534680396345,0.5866666666666666,0.43166666666666664,5147.0,2739.0,2408.0,0.7058910363334758,0.21755449978607114,0.623945993595267,0.2767809319764328,0.45410700965579953,0.6095059668561933,2739.0,2408.0,5147.0,0.6892072844134975,0.700796580532349,4825.0,0.7423834196891191,0.9941373534338358,3582.0,2643.0,0.5921301551267499,0.02939297124600639,1565.0,,,
session_greedy,set_us,"{""asia"": {""t_down"": 0.455, ""t_up"": 0.6}, ""europe"": {""t_down"": 0.415, ""t_up"": 0.57}, ""us"": {""t_down"": 0.43, ""t_up"": 0.59}}",7468.0,0.6925549009105517,0.7108433734939759,0.6900945334977394,0.7004689534958577,0.6501071237279057,0.7010827532869296,0.5295823665893271,0.47041763341067283,0.5866666666666666,0.43333333333333335,5172.0,2739.0,2433.0,0.7058910363334758,0.21755449978607114,0.623945993595267,0.2785216925549009,0.4549907737282432,0.6121480008762908,2739.0,2433.0,5172.0,0.6925549009105517,0.7010827532869296,4825.0,0.7461139896373057,0.9941666666666666,3600.0,2643.0,0.5947786606129398,0.02989821882951654,1572.0,,,
session_greedy,set_us,"{""asia"": {""t_down"": 0.455, ""t_up"": 0.6}, ""europe"": {""t_down"": 0.415, ""t_up"": 0.57}, ""us"": {""t_down"": 0.435, ""t_up"": 0.59}}",7468.0,0.6957686127477236,0.7108433734939759,0.6878306878306878,0.6993370306623319,0.6501071237279057,0.6999615088529638,0.5271362586605081,0.47286374133949194,0.5866666666666666,0.435,5196.0,2739.0,2457.0,0.7058910363334758,0.21755449978607114,0.623945993595267,0.27825388323513656,0.45689973162204145,0.60900426062258,2739.0,2457.0,5196.0,0.6957686127477236,0.6999615088529638,4825.0,0.7483937823834197,0.9941844364441983,3611.0,2643.0,0.5996973136587211,0.02965299684542587,1585.0,,,
session_greedy,set_us,"{""asia"": {""t_down"": 0.455, ""t_up"": 0.6}, ""europe"": {""t_down"": 0.415, ""t_up"": 0.57}, ""us"": {""t_down"": 0.445, ""t_up"": 0.59}}",7468.0,0.7032672737011249,0.7108433734939759,0.6840429765220851,0.6974431750080305,0.6501071237279057,0.698019801980198,0.5215156130997716,0.4784843869002285,0.5866666666666666,0.4383333333333333,5252.0,2739.0,2513.0,0.7058910363334758,0.21755449978607114,0.623945993595267,0.2785216925549009,0.46083922421286144,0.6043793104430968,2739.0,2513.0,5252.0,0.7032672737011249,0.698019801980198,4825.0,0.7541968911917099,0.9939543830722726,3639.0,2643.0,0.6102913356034809,0.03037817730936144,1613.0,,,
session_greedy,set_us,"{""asia"": {""t_down"": 0.455, ""t_up"": 0.6}, ""europe"": {""t_down"": 0.415, ""t_up"": 0.57}, ""us"": {""t_down"": 0.455, ""t_up"": 0.59}}",7468.0,0.7100964113551151,0.7108433734939759,0.6801872074882995,0.6955152904911377,0.6501071237279057,0.6960211201206864,0.5165000942862531,0.48349990571374696,0.5866666666666666,0.44166666666666665,5303.0,2739.0,2564.0,0.7058910363334758,0.21755449978607114,0.623945993595267,0.2783877878950187,0.46460123948397747,0.5991972561334921,2739.0,2564.0,5303.0,0.7100964113551151,0.6960211201206864,4825.0,0.76,0.9931824379601855,3667.0,2643.0,0.6189935679152478,0.029951100244498777,1636.0,,,
session_greedy,set_us,"{""asia"": {""t_down"": 0.455, ""t_up"": 0.6}, ""europe"": {""t_down"": 0.415, ""t_up"": 0.57}, ""us"": {""t_down"": 0.4, ""t_up"": 0.6}}",7468.0,0.664301017675415,0.71274217585693,0.6921387790953009,0.7024404774761155,0.6501071237279057,0.7032856278976013,0.541019955654102,0.458980044345898,0.59,0.42333333333333334,4961.0,2684.0,2277.0,0.7058910363334758,0.21755449978607114,0.623945993595267,0.2700856989823246,0.44396808370258467,0.6083448538234466,2684.0,2277.0,4961.0,0.664301017675415,0.7032856278976013,4825.0,0.7187564766839378,0.9950980392156863,3468.0,2643.0,0.5648883844116535,0.025452109845947757,1493.0,,,
session_greedy,set_us,"{""asia"": {""t_down"": 0.455, ""t_up"": 0.6}, ""europe"": {""t_down"": 0.415, ""t_up"": 0.57}, ""us"": {""t_down"": 0.415, ""t_up"": 0.6}}",7468.0,0.6750133904659882,0.71274217585693,0.6898599915146373,0.7013010836857836,0.6501071237279057,0.7020432453878199,0.5324340408649078,0.46756595913509225,0.59,0.4283333333333333,5041.0,2684.0,2357.0,0.7058910363334758,0.21755449978607114,0.623945993595267,0.27276379217996793,0.44846939599376245,0.6082104924362813,2684.0,2357.0,5041.0,0.6750133904659882,0.7020432453878199,4825.0,0.7287046632124352,0.9945961319681457,3516.0,2643.0,0.5769958380628074,0.02754098360655738,1525.0,,,
session_greedy,set_us,"{""asia"": {""t_down"": 0.455, ""t_up"": 0.6}, ""europe"": {""t_down"": 0.415, ""t_up"": 0.57}, ""us"": {""t_down"": 0.425, ""t_up"": 0.6}}",7468.0,0.6818425281199786,0.71274217585693,0.6893687707641196,0.7010554733105248,0.6501071237279057,0.7016889238020424,0.5271013354281225,0.47289866457187746,0.59,0.43166666666666664,5092.0,2684.0,2408.0,0.7058910363334758,0.21755449978607114,0.623945993595267,0.2750401713979646,0.45100019773943223,0.6098449020123724,2684.0,2408.0,5092.0,0.6818425281199786,0.7016889238020424,4825.0,0.7355440414507772,0.9943646097492251,3549.0,2643.0,0.5838062807415816,0.028515878159429683,1543.0,,,
session_greedy,set_us,"{""asia"": {""t_down"": 0.455, ""t_up"": 0.6}, ""europe"": {""t_down"": 0.415, ""t_up"": 0.57}, ""us"": {""t_down"": 0.43, ""t_up"": 0.6}}",7468.0,0.6851901446170326,0.71274217585693,0.6900945334977394,0.7014183546773347,0.6501071237279057,0.7019738127809263,0.5245260895055697,0.47547391049443033,0.59,0.43333333333333335,5117.0,2684.0,2433.0,0.7058910363334758,0.21755449978607114,0.623945993595267,0.2767809319764327,0.4518900378635271,0.612496202140269,2684.0,2433.0,5117.0,0.6851901446170326,0.7019738127809263,4825.0,0.7392746113989638,0.9943930473787497,3567.0,2643.0,0.5864547862277715,0.02903225806451613,1550.0,,,
session_greedy,set_us,"{""asia"": {""t_down"": 0.455, ""t_up"": 0.6}, ""europe"": {""t_down"": 0.415, ""t_up"": 0.57}, ""us"": {""t_down"": 0.435, ""t_up"": 0.6}}",7468.0,0.6884038564542047,0.71274217585693,0.6878306878306878,0.7002864318438089,0.6501071237279057,0.7008364131491928,0.5220774168449718,0.4779225831550282,0.59,0.435,5141.0,2684.0,2457.0,0.7058910363334758,0.21755449978607114,0.623945993595267,0.27651312265666844,0.45381203917345353,0.6093120031815223,2684.0,2457.0,5141.0,0.6884038564542047,0.7008364131491928,4825.0,0.7415544041450777,0.9944102850754611,3578.0,2643.0,0.5913734392735528,0.028790786948176585,1563.0,,,
session_greedy,set_us,"{""asia"": {""t_down"": 0.455, ""t_up"": 0.6}, ""europe"": {""t_down"": 0.415, ""t_up"": 0.57}, ""us"": {""t_down"": 0.445, ""t_up"": 0.6}}",7468.0,0.6959025174076058,0.71274217585693,0.6840429765220851,0.6983925761895076,0.6501071237279057,0.6988647296517222,0.5164517991148739,0.483548200885126,0.59,0.4383333333333333,5197.0,2684.0,2513.0,0.7058910363334758,0.21755449978607114,0.623945993595267,0.27678093197643283,0.45777810423346643,0.6046181095530834,2684.0,2513.0,5197.0,0.6959025174076058,0.6988647296517222,4825.0,0.7473575129533678,0.9941763727121464,3606.0,2643.0,0.6019674612183126,0.0295411690760528,1591.0,,,
session_greedy,set_us,"{""asia"": {""t_down"": 0.455, ""t_up"": 0.6}, ""europe"": {""t_down"": 0.415, ""t_up"": 0.57}, ""us"": {""t_down"": 0.455, ""t_up"": 0.6}}",7468.0,0.7027316550615962,0.71274217585693,0.6801872074882995,0.6964646916726147,0.6501071237279057,0.6968368902439024,0.5114329268292683,0.4885670731707317,0.59,0.44166666666666665,5248.0,2684.0,2564.0,0.7058910363334758,0.21755449978607114,0.623945993595267,0.27664702731655055,0.4615650700307843,0.5993673379532369,2684.0,2564.0,5248.0,0.7027316550615962,0.6968368902439024,4825.0,0.753160621761658,0.9933957072096863,3634.0,2643.0,0.6106696935300795,0.029120198265179677,1614.0,,,
