base_col,margin,cap_slack,sample_count,coverage,mean_gap,median_gap,gap_p05,gap_p95,gap_p95_p05_range,p95_violation,p99_violation,max_violation
pred_q70,-0.08,0.0,5184.0,0.40316358024691357,-0.0007726270830495336,-0.032984733881914086,-0.220248369890172,0.29811306065585186,0.5183614305460238,0.230248369890172,0.3030357252755513,0.4488048291811446
pred_q70,-0.08,0.01,5184.0,0.40760030864197533,0.0015104494397189664,-0.030826652877309207,-0.21453983837288165,0.3018556727912425,0.5163955111641241,0.22453983837288163,0.2983462737456577,0.4459929247049223
pred_q70,-0.08,0.02,5184.0,0.4122299382716049,0.003630007195526949,-0.029052075132249153,-0.21143173785408964,0.3031277703780376,0.5145595082321273,0.2214317378540895,0.29443916793265024,0.4459929247049223
pred_q70,-0.08,0.03,5184.0,0.41550925925925924,0.005540070258976551,-0.027798091861186675,-0.20872006372368973,0.3045817744925145,0.5133018382162042,0.21872006372368957,0.2921927569012168,0.4459929247049223
pred_q70,-0.08,0.05,5184.0,0.419945987654321,0.00855044153945364,-0.02529416423587947,-0.20386530556304858,0.3081469622796731,0.5120122678427217,0.21386530556304853,0.2866220843835908,0.4459929247049223
pred_q70,-0.08,0.08,5184.0,0.42573302469135804,0.011089813103710955,-0.02257815020314355,-0.20023581628076428,0.3129139349383867,0.513149751219151,0.21023581628076426,0.2824915317769104,0.4459929247049223
pred_q70,-0.08,0.1,5184.0,0.42746913580246915,0.011875957374654106,-0.021482650870301115,-0.19979386330630478,0.3160159645481523,0.5158098278544571,0.20979386330630476,0.2824915317769104,0.4459929247049223
pred_q70,-0.06,0.0,5184.0,0.4382716049382716,0.014376057888662093,-0.01695317095474258,-0.20839699057211722,0.31312830054107804,0.5215252911131952,0.2183969905721172,0.2899785502947824,0.4488048291811446
pred_q70,-0.06,0.01,5184.0,0.44328703703703703,0.016838335774876312,-0.015613034863954545,-0.203765429466015,0.31603770310258256,0.5198031325685976,0.21376542946601484,0.2881111761273571,0.4388048291811446
pred_q70,-0.06,0.02,5184.0,0.44849537037037035,0.019227372916950463,-0.012984733881914068,-0.200248369890172,0.3181130606558519,0.5183614305460239,0.21024836989017198,0.28303572527555126,0.4288048291811446
pred_q70,-0.06,0.03,5184.0,0.4527391975308642,0.02151044943971896,-0.01082665287730919,-0.19453983837288163,0.3218556727912425,0.5163955111641241,0.20453983837288162,0.2783462737456577,0.4259929247049223
pred_q80,-0.08,0.0,5184.0,0.4567901234567901,0.021907048293172582,-0.008350592591829686,-0.20001253825035192,0.32336768535694144,0.5233802236072933,0.21001253825035188,0.2858979862799069,0.4488048291811446
pred_q80,-0.08,0.01,5184.0,0.4618055555555556,0.024432096934213093,-0.0062014191148642706,-0.1966091198873083,0.3263619615796868,0.5229710814669951,0.2066091198873083,0.281434367678944,0.4388048291811446
pred_q70,-0.06,0.05,5184.0,0.45891203703703703,0.025540070258976547,-0.007798091861186712,-0.18872006372368977,0.3245817744925145,0.5133018382162042,0.1987200637236896,0.27219275690121686,0.4259929247049223
pred_q80,-0.08,0.02,5184.0,0.4672067901234568,0.026906971902799563,-0.004586496888703828,-0.19237106277439198,0.32874241735357346,0.5211134801279654,0.20237106277439185,0.27699443176492977,0.43402914121050395
pred_q80,-0.08,0.03,5184.0,0.4714506172839506,0.02930276839362034,-0.0023517804450882973,-0.18775823649502016,0.33033210732357077,0.5180903438185909,0.19775823649502006,0.2727793238303302,0.43402914121050395
pred_q70,-0.04,0.0,5184.0,0.47492283950617287,0.02930544932164497,-0.00042248096356403697,-0.19679107863809991,0.3282669570152534,0.5250580356533533,0.20679107863809962,0.2819998976965904,0.4488048291811446
pred_q70,-0.06,0.08,5184.0,0.4672067901234568,0.029625698789258786,-0.003720704975634148,-0.18279076925234858,0.32947465846651636,0.512265427718865,0.19279076925234853,0.26455787025136673,0.4259929247049223
pred_q70,-0.06,0.1,5184.0,0.4714506172839506,0.031089813103710947,-0.002578150203143531,-0.18023581628076438,0.3329139349383867,0.5131497512191511,0.19023581628076433,0.26249153177691037,0.4259929247049223
pred_q70,-0.04,0.01,5184.0,0.4799382716049383,0.03185730994084489,0.001748862759073877,-0.19163733848873682,0.33117237496419694,0.5228097134529337,0.2016373384887365,0.27364848312508344,0.4388048291811446
pred_q80,-0.08,0.05,5184.0,0.4783950617283951,0.033664541768661106,0.0016969220198272683,-0.17991951588670752,0.3368598068874869,0.5167793227741944,0.1899195158867075,0.26580034273346453,0.43402914121050395
pred_q70,-0.04,0.02,5184.0,0.4853395061728395,0.03437605788866209,0.0030468290452573266,-0.1883969905721172,0.333128300541078,0.5215252911131952,0.19839699057211718,0.2699785502947824,0.4288048291811446
pred_q80,-0.06,0.0,5184.0,0.4940200617283951,0.0367563547673824,0.007281874819794185,-0.1915190624494557,0.33580764500207305,0.5273267074515288,0.20151906244945572,0.2812297352967888,0.4488048291811446
pred_q70,-0.04,0.03,5184.0,0.48977623456790126,0.0368383357748763,0.004386965136045418,-0.18376542946601498,0.3360377031025825,0.5198031325685974,0.19376542946601483,0.2681111761273571,0.4188048291811446
pred_q80,-0.08,0.08,5184.0,0.48823302469135804,0.03853506457915321,0.005859033306838457,-0.17305906400943835,0.34058356518576965,0.513642629195208,0.18305906400943828,0.25555070130429225,0.43402914121050395
pred_q80,-0.06,0.01,5184.0,0.4992283950617284,0.03934807575812959,0.009581595805606177,-0.18474603986923585,0.33982577896589783,0.5245718188351337,0.1947460398692358,0.2719998976965904,0.4388048291811446
pred_q80,-0.08,0.1,5184.0,0.49286265432098764,0.04039457282751955,0.00789824186233029,-0.1713920555105088,0.3442457026318537,0.5156377581423626,0.1813920555105087,0.2519205952164348,0.43402914121050395
pred_q70,-0.04,0.05,5184.0,0.4982638888888889,0.04151044943971895,0.0091733471226908,-0.17453983837288164,0.3418556727912425,0.5163955111641242,0.18453983837288165,0.2583462737456577,0.40599292470492226
pred_q80,-0.06,0.02,5184.0,0.5046296296296297,0.041907048293172586,0.011649407408170276,-0.1800125382503519,0.34336768535694145,0.5233802236072933,0.19001253825035186,0.2658979862799069,0.4288048291811446
pred_q70,-0.02,0.0,5184.0,0.5125385802469136,0.0440820083766103,0.016142568984059746,-0.18992614441324399,0.342257512599203,0.532183657012447,0.19992614441324397,0.27896168017057205,0.4488048291811446
pred_q80,-0.06,0.03,5184.0,0.5090663580246914,0.044432096934213086,0.013798580885135747,-0.1766091198873083,0.3463619615796867,0.522971081466995,0.18660911988730827,0.26143436767894396,0.4188048291811446
pred_q70,-0.02,0.01,5184.0,0.517554012345679,0.0467203828623376,0.018185619387677654,-0.1824868793686099,0.3430688550373425,0.5255557344059525,0.19248687936860984,0.26995807897454227,0.4388048291811446
pred_q70,-0.04,0.08,5184.0,0.5111882716049383,0.047196936307457894,0.013673926808000947,-0.16608323729882962,0.34693078334598704,0.5130140206448166,0.17608323729882946,0.24849234693599126,0.40599292470492226
pred_q80,-0.06,0.05,5184.0,0.5185185185185185,0.04930276839362033,0.017648219554911693,-0.1677582364950202,0.3503321073235708,0.518090343818591,0.1777582364950201,0.25277932383033025,0.41402914121050394
pred_q70,-0.02,0.02,5184.0,0.5229552469135802,0.04930544932164497,0.01957751903643598,-0.1767910786380999,0.3482669570152534,0.5250580356533533,0.1867910786380996,0.2619998976965904,0.4288048291811446
pred_q70,-0.04,0.1,5184.0,0.5179398148148148,0.04962569878925878,0.016279295024365856,-0.16279076925234856,0.3494746584665164,0.512265427718865,0.17279076925234851,0.24455787025136677,0.40599292470492226
pred_q80,-0.04,0.0,5184.0,0.5287422839506173,0.05138215059421603,0.023777207114737547,-0.1878755797127634,0.3529991275518491,0.5408747072646125,0.19787557971276337,0.27575891433041566,0.4488048291811446
pred_q70,-0.02,0.03,5184.0,0.527391975308642,0.05185730994084489,0.021748862759073867,-0.1716373384887368,0.35117237496419695,0.5228097134529337,0.18163733848873648,0.2536484831250834,0.4188048291811446
pred_q80,-0.04,0.01,5184.0,0.5343364197530864,0.054106298904348406,0.0249312600318064,-0.17922872978718912,0.35428757702321306,0.5335163068104022,0.18922872978718894,0.26896168017057204,0.4388048291811446
pred_q90,-0.08,0.0,5184.0,0.5414737654320988,0.055017423785615686,0.02813046456643775,-0.18448445434588656,0.36013953770302737,0.544623992048914,0.1944844543458862,0.273259481496837,0.4488048291811446
pred_q80,-0.06,0.08,5184.0,0.5320216049382716,0.05557112687074726,0.02315759252578775,-0.1570894747655346,0.35829789229957426,0.5153873670651088,0.16708947476553448,0.24454957125082788,0.41402914121050394
pred_q80,-0.04,0.02,5184.0,0.5399305555555556,0.0567563547673824,0.027281874819794133,-0.1715190624494557,0.35580764500207307,0.5273267074515288,0.1815190624494557,0.2612297352967888,0.4288048291811446
pred_q70,-0.02,0.05,5184.0,0.5370370370370371,0.05683833577487629,0.024386965136045435,-0.163765429466015,0.35603770310258254,0.5198031325685976,0.17376542946601484,0.24811117612735714,0.3988048291811446
pred_q90,-0.08,0.01,5184.0,0.546875,0.05790735855041517,0.032483535443392206,-0.17787557971276338,0.36221137430979605,0.5400869540225595,0.18787557971276336,0.26417166851557167,0.4388048291811446
pred_q70,0.0,0.0,5184.0,0.5516975308641975,0.058506467810399566,0.031179479848929742,-0.18589925494841028,0.3588803633429502,0.5447796182913605,0.19589925494841026,0.273539084439354,0.4488048291811446
pred_q80,-0.06,0.1,5184.0,0.5401234567901234,0.0585350645791532,0.025859033306838475,-0.15305906400943833,0.36058356518576967,0.513642629195208,0.16305906400943826,0.23555070130429226,0.41402914121050394
pred_q80,-0.04,0.03,5184.0,0.544945987654321,0.05934807575812958,0.02958159580560618,-0.16474603986923583,0.3598257789658978,0.5245718188351336,0.1747460398692358,0.25199989769659037,0.4188048291811446
pred_q90,-0.08,0.02,5184.0,0.5524691358024691,0.060719563859135975,0.03421726433754663,-0.1711177423786331,0.36304724990629245,0.5341649922849255,0.18111774237863293,0.25820246959446186,0.4288048291811446
pred_q70,0.0,0.01,5184.0,0.5574845679012346,0.0613595670626572,0.03371779844263739,-0.17791565038134485,0.3608441446704891,0.5387597950518339,0.18791565038134486,0.2646492483250932,0.4388048291811446
pred_q90,-0.08,0.03,5184.0,0.5576774691358025,0.06346057403376781,0.037313282898332883,-0.16467443491454584,0.36470886248368833,0.5293832973982342,0.17467443491454557,0.24995807897454225,0.4188048291811446
pred_q70,-0.02,0.08,5184.0,0.5522762345679012,0.06363000719552693,0.030947924867750845,-0.1514317378540897,0.3631277703780376,0.5145595082321273,0.16143173785408954,0.23443916793265024,0.3859929247049223
pred_q70,0.0,0.02,5184.0,0.5630787037037037,0.06408200837661031,0.036142568984059764,-0.16992614441324397,0.362257512599203,0.532183657012447,0.17992614441324395,0.25896168017057203,0.4288048291811446
pred_q80,-0.04,0.05,5184.0,0.5547839506172839,0.06443209693421308,0.033798580885135765,-0.15660911988730827,0.3663619615796867,0.522971081466995,0.16660911988730825,0.24143436767894397,0.3988048291811446
pred_q70,0.01,0.0,5184.0,0.5675154320987654,0.06550112589804973,0.04011414211924713,-0.18214455002394922,0.3682488585058373,0.5503934085297865,0.19214455002394906,0.273259481496837,0.4488048291811446
pred_q80,-0.02,0.0,5184.0,0.5671296296296297,0.06555161912948854,0.038503319650997986,-0.18186265099164464,0.3707543481588668,0.5526169991505114,0.19186265099164465,0.273259481496837,0.4488048291811446
pred_q70,0.0,0.03,5184.0,0.5682870370370371,0.06672038286233761,0.03818561938767767,-0.16248687936860995,0.36306885503734254,0.5255557344059525,0.17248687936860987,0.24995807897454225,0.4188048291811446
pred_q70,-0.02,0.1,5184.0,0.5621141975308642,0.06719693630745788,0.03367392680800094,-0.14608323729882966,0.366930783345987,0.5130140206448166,0.1560832372988295,0.22849234693599124,0.3859929247049223
pred_q70,0.01,0.01,5184.0,0.5738811728395061,0.06850646781039957,0.04117947984892975,-0.17589925494841027,0.3688803633429502,0.5447796182913605,0.18589925494841025,0.263539084439354,0.4388048291811446
pred_q80,-0.02,0.01,5184.0,0.5729166666666666,0.06853559193404708,0.04127013615923114,-0.17565235849558836,0.37078422822177265,0.5464365867173611,0.18565235849558803,0.263539084439354,0.4388048291811446
pred_q90,-0.08,0.05,5184.0,0.5675154320987654,0.0687208362924646,0.04177304833956108,-0.15419727432912533,0.37052461662700054,0.5247218909561259,0.16419727432912534,0.2343367495163355,0.3988048291811446
pred_q90,-0.06,0.0,5184.0,0.5738811728395061,0.06890063806593627,0.04407889927534436,-0.1801714321075029,0.37797721153052,0.5581486436380229,0.19017143210750287,0.2697236005346354,0.4488048291811446
pred_q70,0.01,0.02,5184.0,0.5794753086419753,0.07135956706265721,0.0437177984426374,-0.16791565038134484,0.3708441446704891,0.5387597950518339,0.17791565038134485,0.25464924832509317,0.4288048291811446
pred_q80,-0.02,0.02,5184.0,0.5785108024691358,0.07138215059421603,0.04377720711473754,-0.16787557971276337,0.3729991275518491,0.5408747072646125,0.17787557971276335,0.2557589143304157,0.4288048291811446
pred_q80,-0.04,0.08,5184.0,0.5706018518518519,0.07156676544728938,0.03945103605524797,-0.14410124904244956,0.37378845424180174,0.5178897032842513,0.15410124904244946,0.2297476212889317,0.3940291412105039
pred_q70,0.0,0.05,5184.0,0.5783179012345679,0.07185730994084488,0.041748862759073885,-0.15163733848873678,0.37117237496419697,0.5228097134529337,0.16163733848873646,0.23364848312508346,0.3988048291811446
pred_q90,-0.06,0.01,5184.0,0.580054012345679,0.07202229329921567,0.04552169998983435,-0.1721691027771593,0.37896188924147717,0.5511309920186365,0.18216910277715911,0.26205504124465656,0.4388048291811446
pred_q70,0.02,0.0,5184.0,0.591820987654321,0.07237075234763012,0.048585705727887896,-0.1812834941717162,0.37747983780423533,0.5587633319759515,0.19128349417171614,0.2697236005346354,0.4488048291811446
pred_q70,0.01,0.03,5184.0,0.5848765432098766,0.0740820083766103,0.04614256898405977,-0.15992614441324396,0.37225751259920303,0.532183657012447,0.16992614441324394,0.24896168017057207,0.4188048291811446
pred_q80,-0.02,0.03,5184.0,0.5839120370370371,0.07410629890434839,0.04493126003180639,-0.15922872978718913,0.374287577023213,0.5335163068104022,0.16922872978718892,0.24896168017057207,0.4188048291811446
pred_q90,-0.06,0.02,5184.0,0.5856481481481481,0.07501742378561568,0.048130464566437714,-0.1644844543458865,0.3801395377030274,0.5446239920489139,0.17448445434588614,0.25325948149683697,0.4288048291811446
pred_q70,0.02,0.01,5184.0,0.5981867283950617,0.07550112589804975,0.05011414211924714,-0.1721445500239492,0.3782488585058373,0.5503934085297865,0.18214455002394905,0.263259481496837,0.4388048291811446
pred_q80,-0.04,0.1,5184.0,0.5817901234567902,0.07557112687074724,0.043157592525787755,-0.13708947476553465,0.3782978922995743,0.5153873670651089,0.14708947476553455,0.22454957125082786,0.3940291412105039
pred_q90,-0.08,0.08,5184.0,0.5823688271604939,0.07569324398381769,0.048492884682743626,-0.1447911265548295,0.3764873373152337,0.5212784638700632,0.15479112655482946,0.22043579743063288,0.37774273602854286
pred_q90,-0.06,0.03,5184.0,0.5912422839506173,0.07790735855041517,0.05248353544339218,-0.15787557971276342,0.38221137430979607,0.5400869540225595,0.1678755797127634,0.24417166851557168,0.4188048291811446
pred_q70,0.02,0.02,5184.0,0.6039737654320988,0.07850646781039959,0.05117947984892976,-0.16589925494841026,0.3788803633429502,0.5447796182913605,0.17589925494841024,0.25353908443935397,0.4288048291811446
pred_q80,0.0,0.0,5184.0,0.6126543209876543,0.07904564924536452,0.05478579057507722,-0.17994851352286606,0.3899139876393125,0.5698625011621785,0.1899485135228659,0.27244377632439887,0.4488048291811446
pred_q70,0.03,0.0,5184.0,0.6151620370370371,0.07908299249255987,0.05619709548087087,-0.17994123380019775,0.38598307636566137,0.5659243101658591,0.18994123380019756,0.26884625047239935,0.4488048291811446
pred_q70,0.0,0.08,5184.0,0.5949074074074074,0.07922737291695046,0.04701526611808593,-0.14024836989017198,0.3781130606558519,0.5183614305460238,0.15024836989017198,0.22303572527555124,0.3688048291811446
pred_q70,0.01,0.05,5184.0,0.5952932098765432,0.07930544932164497,0.04957751903643598,-0.14679107863809993,0.3782669570152534,0.5250580356533534,0.15679107863809963,0.23199989769659043,0.3988048291811446
pred_q90,-0.08,0.1,5184.0,0.5927854938271605,0.07930671556971522,0.051934872391153714,-0.1399872945848762,0.3788058546738809,0.5187931492587571,0.1499872945848761,0.21445608173468608,0.37774273602854286
pred_q80,-0.02,0.05,5184.0,0.59375,0.07934807575812958,0.04958159580560617,-0.14474603986923587,0.3798257789658978,0.5245718188351337,0.15474603986923582,0.23199989769659043,0.3988048291811446
pred_q70,0.02,0.03,5184.0,0.6097608024691358,0.0813595670626572,0.05371779844263741,-0.15791565038134484,0.3808441446704891,0.5387597950518339,0.16791565038134484,0.24464924832509316,0.4188048291811446
pred_q90,-0.04,0.0,5184.0,0.6143904320987654,0.08213917521415759,0.05887540564286303,-0.1776690612901496,0.39690940844525185,0.5745784697354015,0.18766906129014946,0.2687198385453046,0.4488048291811446
pred_q70,0.03,0.01,5184.0,0.6217206790123457,0.08237075234763012,0.058585705727887905,-0.17128349417171618,0.38747983780423534,0.5587633319759515,0.18128349417171613,0.2597236005346354,0.4388048291811446
pred_q80,0.0,0.01,5184.0,0.6201774691358025,0.08239296769982495,0.05671124900283436,-0.17128349417171618,0.39006226859979687,0.561345762771513,0.18128349417171613,0.2631021558432567,0.4388048291811446
pred_q90,-0.06,0.05,5184.0,0.6012731481481481,0.08346057403376778,0.057313282898332846,-0.14467443491454587,0.3847088624836883,0.5293832973982342,0.1546744349145456,0.2299580789745423,0.3988048291811446
pred_q70,0.0,0.1,5184.0,0.6062885802469136,0.08363000719552693,0.05094792486775085,-0.13143173785408968,0.38312777037803764,0.5145595082321273,0.14143173785408955,0.21443916793265022,0.3659929247049223
pred_q80,0.01,0.0,5184.0,0.6319444444444444,0.08547418712833735,0.061699194944686786,-0.17835102833451733,0.39859592044254455,0.5769469487770619,0.18835102833451714,0.2687198385453046,0.4488048291811446
pred_q70,0.03,0.02,5184.0,0.6278935185185185,0.08550112589804973,0.06011414211924715,-0.1621445500239492,0.3882488585058373,0.5503934085297865,0.17214455002394904,0.25325948149683697,0.4288048291811446
pred_q80,0.0,0.02,5184.0,0.6259645061728395,0.08555161912948854,0.058503319650998004,-0.16186265099164462,0.39075434815886684,0.5526169991505114,0.17186265099164463,0.25325948149683697,0.4288048291811446
pred_q70,0.04,0.0,5184.0,0.6346450617283951,0.08559176320231418,0.06294293710775109,-0.17877326483998737,0.3955212698912068,0.5742945347311942,0.18877326483998724,0.2682941706211375,0.4488048291811446
pred_q90,-0.04,0.01,5184.0,0.6213348765432098,0.08562369771303745,0.061541607403791665,-0.16877326483998736,0.3976079978049089,0.5663812626448963,0.17877326483998723,0.2587198385453046,0.4388048291811446
pred_q70,0.02,0.05,5184.0,0.6205632716049383,0.08672038286233763,0.05818561938767769,-0.14248687936860993,0.38306885503734256,0.5255557344059525,0.15248687936860986,0.2299580789745423,0.3988048291811446
pred_q70,0.01,0.08,5184.0,0.6126543209876543,0.0868383357748763,0.05438696513604546,-0.13376542946601497,0.38603770310258256,0.5198031325685976,0.1437654294660148,0.21811117612735711,0.3688048291811446
pred_q80,-0.02,0.08,5184.0,0.6114969135802469,0.08690697190279954,0.055413503111296114,-0.132371062774392,0.3887424173535734,0.5211134801279654,0.14237106277439185,0.21699443176492986,0.37402914121050396
pred_q70,0.03,0.03,5184.0,0.6340663580246914,0.08850646781039959,0.06117947984892977,-0.15589925494841028,0.38888036334295023,0.5447796182913605,0.1658992549484103,0.24353908443935396,0.4188048291811446
pred_q80,0.0,0.03,5184.0,0.6317515432098766,0.0885355919340471,0.06127013615923113,-0.15565235849558834,0.39078422822177267,0.5464365867173611,0.16565235849558801,0.24353908443935396,0.4188048291811446
pred_q90,-0.04,0.02,5184.0,0.6271219135802469,0.08890063806593627,0.06407889927534438,-0.16017143210750287,0.39797721153052,0.5581486436380229,0.17017143210750285,0.24972360053463538,0.4288048291811446
pred_q80,0.01,0.01,5184.0,0.6398533950617284,0.08904564924536452,0.06478579057507723,-0.16994851352286605,0.3999139876393125,0.5698625011621785,0.1799485135228659,0.26244377632439886,0.4388048291811446
pred_q70,0.04,0.01,5184.0,0.6421682098765432,0.08908299249255988,0.06619709548087088,-0.16994123380019774,0.3959830763656614,0.5659243101658591,0.17994123380019755,0.25884625047239934,0.4388048291811446
pred_q90,-0.06,0.08,5184.0,0.6188271604938271,0.09119673696056445,0.06488572587695376,-0.1312772115094902,0.3927420164391539,0.5240192279486441,0.14127721150949019,0.20831104202820977,0.3688048291811446
pred_q70,0.01,0.1,5184.0,0.625,0.09151044943971896,0.05917334712269079,-0.12453983837288167,0.3918556727912425,0.5163955111641242,0.13453983837288166,0.20834627374565773,0.3559929247049223
pred_q80,-0.02,0.1,5184.0,0.6242283950617284,0.09156676544728937,0.059451036055247986,-0.1241012490424496,0.39378845424180176,0.5178897032842513,0.1341012490424495,0.20974762128893168,0.37402914121050396
pred_q80,0.02,0.0,5184.0,0.6533564814814815,0.09169659387193273,0.06841657626651795,-0.17684847376294552,0.40681907098136205,0.5836675447443076,0.1868484737629454,0.2687198385453046,0.4488048291811446
pred_q70,0.05,0.0,5184.0,0.6572145061728395,0.09185268299462779,0.06992635729247365,-0.17638659504286652,0.4047151333668259,0.5811017284096924,0.18638659504286645,0.2682941706211375,0.4488048291811446
pred_q90,-0.04,0.03,5184.0,0.6331018518518519,0.09202229329921566,0.06552169998983437,-0.15216910277715928,0.3989618892414772,0.5511309920186365,0.16216910277715912,0.24205504124465654,0.4188048291811446
pred_q70,0.04,0.02,5184.0,0.6487268518518519,0.0923707523476301,0.06858570572788789,-0.16128349417171617,0.39747983780423535,0.5587633319759515,0.17128349417171612,0.24972360053463538,0.4288048291811446
pred_q80,0.01,0.02,5184.0,0.6462191358024691,0.09239296769982495,0.06671124900283437,-0.16128349417171617,0.4000622685997969,0.561345762771513,0.17128349417171612,0.2531021558432567,0.4288048291811446
pred_q70,0.03,0.05,5184.0,0.6454475308641975,0.09408200837661031,0.06614256898405976,-0.13992614441324397,0.39225751259920305,0.532183657012447,0.14992614441324398,0.22896168017057206,0.3988048291811446
pred_q80,0.0,0.05,5184.0,0.6431327160493827,0.0941062989043484,0.06493126003180641,-0.13922872978718914,0.39428757702321304,0.5335163068104022,0.14922872978718896,0.22896168017057206,0.3988048291811446
pred_q70,0.02,0.08,5184.0,0.6385030864197531,0.0943760578886621,0.06304682904525738,-0.12839699057211715,0.39312830054107806,0.5215252911131952,0.13839699057211713,0.20997855029478238,0.3688048291811446
pred_q90,-0.02,0.0,5184.0,0.6437114197530864,0.09450930091526338,0.07162556287628713,-0.17566174677312688,0.41501481841125737,0.5906765651843843,0.18566174677312686,0.2672873894652306,0.4488048291811446
pred_q80,0.02,0.01,5184.0,0.6620370370370371,0.09547418712833734,0.0716991949446868,-0.16835102833451732,0.40859592044254456,0.5769469487770619,0.17835102833451713,0.2587198385453046,0.4388048291811446
pred_q70,0.04,0.03,5184.0,0.6550925925925926,0.09550112589804974,0.07011414211924716,-0.1521445500239492,0.39824885850583724,0.5503934085297865,0.16214455002394904,0.24325948149683702,0.4188048291811446
pred_q80,0.01,0.03,5184.0,0.652391975308642,0.09555161912948855,0.06850331965099801,-0.15186265099164467,0.40075434815886685,0.5526169991505115,0.16186265099164468,0.24325948149683702,0.4188048291811446
pred_q70,0.05,0.01,5184.0,0.6651234567901234,0.09559176320231419,0.0729429371077511,-0.16877326483998736,0.4055212698912068,0.5742945347311942,0.17877326483998723,0.25829417062113746,0.4388048291811446
pred_q90,-0.06,0.1,5184.0,0.6311728395061729,0.09569324398381766,0.06849288468274364,-0.12479112655482959,0.39648733731523367,0.5212784638700633,0.13479112655482955,0.20043579743063286,0.35774273602854284
pred_q80,0.03,0.0,5184.0,0.6705246913580247,0.09771373254771536,0.07471069525181084,-0.17597509111734624,0.415447739761543,0.5914228308788892,0.18597509111734603,0.2672873894652306,0.4488048291811446
pred_q70,0.06,0.0,5184.0,0.6774691358024691,0.0978822081016467,0.07598590326703422,-0.1756052700056754,0.4130100826992695,0.5886153527049449,0.18560527000567537,0.2682941706211375,0.4488048291811446
pred_q90,-0.04,0.05,5184.0,0.6437114197530864,0.09790735855041514,0.07248353544339219,-0.1378755797127634,0.402211374309796,0.5400869540225594,0.14787557971276338,0.22417166851557171,0.3988048291811446
pred_q90,-0.02,0.01,5184.0,0.6518132716049383,0.09843928844993957,0.07564084154325795,-0.16647556450158735,0.41571216923203147,0.5821877337336188,0.1764755645015873,0.25866328374111364,0.4388048291811446
pred_q80,0.02,0.02,5184.0,0.6687885802469136,0.09904564924536453,0.07478579057507724,-0.15994851352286604,0.4099139876393125,0.5698625011621785,0.16994851352286588,0.25244377632439885,0.4288048291811446
pred_q70,0.05,0.02,5184.0,0.6724537037037037,0.09908299249255988,0.07619709548087089,-0.15994123380019773,0.4059830763656614,0.5659243101658591,0.16994123380019754,0.24884625047239936,0.4288048291811446
pred_q70,0.02,0.1,5184.0,0.6516203703703703,0.09922737291695047,0.06701526611808593,-0.12024836989017197,0.3981130606558519,0.5183614305460239,0.13024836989017197,0.20303572527555128,0.34880482918114464
pred_q70,0.04,0.05,5184.0,0.6666666666666666,0.1013595670626572,0.0737177984426374,-0.13791565038134487,0.40084414467048907,0.5387597950518339,0.14791565038134488,0.22464924832509314,0.3988048291811446
pred_q80,0.01,0.05,5184.0,0.6639660493827161,0.10138215059421604,0.07377720711473756,-0.1378755797127634,0.40299912755184913,0.5408747072646125,0.14787557971276338,0.2257589143304157,0.3988048291811446
pred_q80,0.03,0.01,5184.0,0.6797839506172839,0.10169659387193274,0.07841657626651796,-0.1668484737629455,0.41681907098136206,0.5836675447443076,0.17684847376294538,0.2587198385453046,0.4388048291811446
pred_q70,0.06,0.01,5184.0,0.6859567901234568,0.10185268299462778,0.0799263572924736,-0.16638659504286651,0.4147151333668259,0.5811017284096924,0.17638659504286644,0.25829417062113746,0.4388048291811446
pred_q70,0.03,0.08,5184.0,0.6639660493827161,0.10185730994084492,0.07174886275907391,-0.12163733848873676,0.401172374964197,0.5228097134529337,0.13163733848873643,0.20364848312508343,0.3688048291811446
pred_q80,0.0,0.08,5184.0,0.6616512345679012,0.10190704829317258,0.07164940740817027,-0.12001253825035196,0.40336768535694145,0.5233802236072934,0.13001253825035192,0.20589798627990688,0.3688048291811446
pred_q90,-0.02,0.02,5184.0,0.6585648148148148,0.10213917521415758,0.07887540564286305,-0.15766906129014957,0.4169094084452518,0.5745784697354014,0.16766906129014944,0.24871983854530458,0.4288048291811446
pred_q70,0.05,0.03,5184.0,0.6790123456790124,0.10237075234763011,0.0785857057278879,-0.15128349417171616,0.40747983780423536,0.5587633319759515,0.1612834941717161,0.23972360053463537,0.4188048291811446
pred_q80,0.02,0.03,5184.0,0.6751543209876543,0.10239296769982495,0.07671124900283438,-0.15128349417171616,0.4100622685997969,0.561345762771513,0.1612834941717161,0.24310215584325667,0.4188048291811446
pred_q80,0.04,0.0,5184.0,0.6888503086419753,0.10350459374596233,0.08102585124900638,-0.17479474370862713,0.4240618680448601,0.5988566117534873,0.18479474370862708,0.2672873894652306,0.4488048291811446
pred_q80,0.03,0.02,5184.0,0.6869212962962963,0.10547418712833734,0.0816991949446868,-0.1583510283345173,0.4185959204425445,0.5769469487770618,0.16835102833451712,0.24871983854530458,0.4288048291811446
pred_q70,0.06,0.02,5184.0,0.6936728395061729,0.10559176320231418,0.08294293710775105,-0.15877326483998735,0.4155212698912068,0.5742945347311942,0.16877326483998722,0.24829417062113746,0.4288048291811446
pred_q90,-0.02,0.03,5184.0,0.6653163580246914,0.10562369771303744,0.08154160740379165,-0.14877326483998735,0.4176079978049089,0.5663812626448963,0.15877326483998722,0.23871983854530457,0.4188048291811446
pred_q90,0.0,0.0,5184.0,0.6803626543209876,0.10598181474498893,0.08428217463664472,-0.1741202049659785,0.432028879110655,0.6061490840766335,0.18412020496597845,0.2672873894652306,0.4488048291811446
pred_q90,-0.04,0.08,5184.0,0.6622299382716049,0.10613285008716174,0.07891093338532612,-0.11865985704014896,0.4079047780053911,0.5265646350455401,0.12865985704014893,0.2017902236834434,0.3688048291811446
pred_q70,0.03,0.1,5184.0,0.6778549382716049,0.10683833577487631,0.07438696513604548,-0.11376542946601495,0.4060377031025825,0.5198031325685974,0.12376542946601478,0.19811117612735712,0.34880482918114464
pred_q80,0.0,0.1,5184.0,0.6753472222222222,0.10690697190279955,0.07541350311129613,-0.11237106277439197,0.4087424173535734,0.5211134801279654,0.12237106277439184,0.19699443176492984,0.35402914121050394
pred_q80,0.04,0.01,5184.0,0.6984953703703703,0.10771373254771535,0.08471069525181085,-0.16597509111734624,0.42544773976154293,0.5914228308788891,0.17597509111734602,0.2572873894652306,0.4388048291811446
pred_q70,0.05,0.05,5184.0,0.6911651234567902,0.10850646781039958,0.08117947984892979,-0.1358992549484103,0.4088803633429502,0.5447796182913605,0.14589925494841027,0.223539084439354,0.3988048291811446
pred_q80,0.02,0.05,5184.0,0.6876929012345679,0.1085355919340471,0.08127013615923115,-0.13565235849558835,0.4107842282217727,0.5464365867173611,0.14565235849558802,0.223539084439354,0.3988048291811446
pred_q80,0.05,0.0,5184.0,0.7052469135802469,0.10901815792061072,0.08690757629122836,-0.1746115891806792,0.4324345450180359,0.6070461341987151,0.18461158918067894,0.2672873894652306,0.4488048291811446
pred_q80,0.03,0.03,5184.0,0.6942515432098766,0.10904564924536453,0.08478579057507725,-0.14994851352286606,0.4199139876393125,0.5698625011621785,0.15994851352286593,0.24244377632439887,0.4188048291811446
pred_q70,0.06,0.03,5184.0,0.7004243827160493,0.10908299249255986,0.0861970954808709,-0.14994123380019778,0.4159830763656614,0.5659243101658592,0.1599412338001976,0.23884625047239944,0.4188048291811446
pred_q70,0.08,0.0,5184.0,0.7087191358024691,0.10913567537123545,0.08815063628658606,-0.1741202049659785,0.4301667726683751,0.6042869776343536,0.18412020496597845,0.2672873894652306,0.4488048291811446
pred_q70,0.04,0.08,5184.0,0.6857638888888888,0.10930544932164497,0.079577519036436,-0.1167910786380999,0.40826695701525345,0.5250580356533534,0.1267910786380996,0.2019998976965904,0.3688048291811446
pred_q80,0.01,0.08,5184.0,0.6832561728395061,0.10934807575812959,0.07958159580560618,-0.11474603986923589,0.40982577896589784,0.5245718188351337,0.12474603986923585,0.2019998976965904,0.3688048291811446
pred_q90,0.0,0.01,5184.0,0.6900077160493827,0.11034569782597786,0.08801500610307827,-0.1646115891806792,0.43402289993294574,0.5986344891136249,0.17461158918067893,0.2572873894652306,0.4388048291811446
pred_q90,-0.04,0.1,5184.0,0.6759259259259259,0.11119673696056444,0.08488572587695375,-0.11127721150949017,0.4127420164391539,0.5240192279486441,0.12127721150949017,0.1883110420282098,0.34880482918114464
pred_q90,0.01,0.0,5184.0,0.6946373456790124,0.11141933268763612,0.08958312022439108,-0.17377615039462604,0.4416142048710439,0.61539035526567,0.18377615039462603,0.2672873894652306,0.4488048291811446
pred_q80,0.04,0.02,5184.0,0.7064043209876543,0.11169659387193275,0.08841657626651797,-0.1568484737629455,0.42681907098136207,0.5836675447443076,0.16684847376294537,0.24871983854530458,0.4288048291811446
pred_q90,-0.02,0.05,5184.0,0.6772762345679012,0.11202229329921565,0.08552169998983433,-0.13216910277715932,0.4189618892414772,0.5511309920186365,0.14216910277715913,0.22205504124465653,0.3988048291811446
pred_q80,0.05,0.01,5184.0,0.7152777777777778,0.1135045937459623,0.09102585124900639,-0.16479474370862712,0.43406186804486013,0.5988566117534873,0.17479474370862708,0.2572873894652306,0.4388048291811446
pred_q70,0.08,0.01,5184.0,0.71875,0.1136893478669354,0.0925268657649766,-0.16479474370862712,0.43191776055946246,0.5967125042680896,0.17479474370862708,0.2572873894652306,0.4388048291811446
pred_q80,0.06,0.0,5184.0,0.7164351851851852,0.11416251231828137,0.09242437782472232,-0.1739837112483339,0.44212374867730847,0.6161074599256424,0.18398371124833376,0.2672873894652306,0.4488048291811446
pred_q70,0.04,0.1,5184.0,0.7002314814814815,0.11437605788866208,0.0830468290452574,-0.10839699057211714,0.413128300541078,0.5215252911131951,0.11839699057211713,0.18997855029478242,0.34880482918114464
pred_q80,0.01,0.1,5184.0,0.6979166666666666,0.11443209693421309,0.08379858088513573,-0.10660911988730828,0.41636196157968675,0.522971081466995,0.11660911988730827,0.19143436767894395,0.34880482918114464
pred_q90,0.0,0.02,5184.0,0.6981095679012346,0.11450930091526343,0.09162556287628715,-0.15566174677312686,0.4350148184112574,0.5906765651843843,0.16566174677312684,0.24728738946523057,0.4288048291811446
pred_q80,0.04,0.03,5184.0,0.7145061728395061,0.11547418712833733,0.09169919494468678,-0.1483510283345173,0.4285959204425445,0.5769469487770618,0.1583510283345171,0.23871983854530457,0.4188048291811446
pred_q70,0.06,0.05,5184.0,0.7133487654320988,0.1155011258980497,0.09011414211924715,-0.13214455002394918,0.41824885850583726,0.5503934085297865,0.14214455002394902,0.223259481496837,0.3988048291811446
pred_q80,0.03,0.05,5184.0,0.7079475308641975,0.11555161912948855,0.088503319650998,-0.13186265099164465,0.4207543481588668,0.5526169991505114,0.14186265099164466,0.223259481496837,0.3988048291811446
pred_q90,0.01,0.01,5184.0,0.7044753086419753,0.1159818147449889,0.09428217463664473,-0.16412020496597848,0.442028879110655,0.6061490840766335,0.17412020496597844,0.2572873894652306,0.4388048291811446
pred_q90,0.02,0.0,5184.0,0.7110339506172839,0.11666271633247396,0.09431372244977632,-0.17299565768737094,0.44927924110878587,0.6222748987961568,0.18299565768737094,0.266710783185445,0.4488048291811446
pred_q70,0.05,0.08,5184.0,0.7114197530864198,0.11672038286233764,0.08818561938767766,-0.1124868793686099,0.4130688550373426,0.5255557344059525,0.12248687936860983,0.19995807897454226,0.3688048291811446
pred_q80,0.02,0.08,5184.0,0.7077546296296297,0.1167563547673824,0.08728187481979416,-0.1115190624494557,0.41580764500207307,0.5273267074515288,0.1215190624494557,0.20122973529678875,0.3688048291811446
pred_q80,0.05,0.02,5184.0,0.7235725308641975,0.11771373254771537,0.09471069525181086,-0.15597509111734623,0.43544773976154294,0.5914228308788891,0.165975091117346,0.24728738946523057,0.4288048291811446
pred_q70,0.08,0.02,5184.0,0.7274305555555556,0.11788220810164668,0.09598590326703418,-0.1556052700056754,0.4330100826992695,0.5886153527049449,0.16560527000567535,0.24829417062113746,0.4288048291811446
pred_q70,0.1,0.0,5184.0,0.7274305555555556,0.11829372018797801,0.097623942068947,-0.17373763464960656,0.4466806088287015,0.6204182434783081,0.18373763464960655,0.2663586530203688,0.4488048291811446
pred_q90,0.0,0.03,5184.0,0.7056327160493827,0.1184392884499396,0.09564084154325797,-0.14647556450158733,0.4357121692320315,0.5821877337336188,0.15647556450158728,0.2386632837411136,0.4188048291811446
pred_q80,0.06,0.01,5184.0,0.7278163580246914,0.1190181579206107,0.09690757629122837,-0.1646115891806792,0.4424345450180359,0.6070461341987151,0.17461158918067893,0.2572873894652306,0.4388048291811446
pred_q90,0.01,0.02,5184.0,0.7129629629629629,0.12034569782597787,0.09801500610307828,-0.1546115891806792,0.44402289993294575,0.5986344891136249,0.16461158918067892,0.24728738946523057,0.4288048291811446
pred_q90,-0.02,0.08,5184.0,0.6969521604938271,0.12071956385913594,0.09421726433754662,-0.11111774237863309,0.42304724990629244,0.5341649922849255,0.12111774237863294,0.1982024695944618,0.3688048291811446
pred_q90,0.02,0.01,5184.0,0.7210648148148148,0.12141933268763615,0.09958312022439109,-0.16377615039462604,0.4516142048710439,0.61539035526567,0.17377615039462602,0.2572873894652306,0.4388048291811446
pred_q90,0.03,0.0,5184.0,0.7218364197530864,0.121649030755368,0.09970003498335739,-0.17299565768737094,0.45830401284225214,0.6312996705296231,0.18299565768737094,0.266710783185445,0.4488048291811446
pred_q80,0.05,0.03,5184.0,0.7322530864197531,0.12169659387193275,0.09841657626651798,-0.14684847376294552,0.4368190709813621,0.5836675447443076,0.15684847376294542,0.23871983854530457,0.4188048291811446
pred_q70,0.08,0.03,5184.0,0.736304012345679,0.12185268299462777,0.0999263572924736,-0.1463865950428665,0.43471513336682593,0.5811017284096924,0.15638659504286642,0.23829417062113745,0.4188048291811446
pred_q70,0.05,0.1,5184.0,0.7262731481481481,0.1218573099408449,0.0917488627590739,-0.10163733848873674,0.421172374964197,0.5228097134529337,0.11163733848873642,0.18364848312508347,0.34880482918114464
pred_q80,0.02,0.1,5184.0,0.7224151234567902,0.1219070482931726,0.09164940740817029,-0.10001253825035195,0.42336768535694147,0.5233802236072934,0.11001253825035189,0.18589798627990686,0.34880482918114464
pred_q80,0.04,0.05,5184.0,0.7299382716049383,0.12239296769982494,0.09671124900283434,-0.1312834941717162,0.4300622685997969,0.561345762771513,0.14128349417171615,0.2231021558432567,0.3988048291811446
pred_q80,0.08,0.0,5184.0,0.7357253086419753,0.1228415483338963,0.10320966351416341,-0.17363245574322675,0.45721596832306044,0.6308484240662872,0.18363245574322637,0.266710783185445,0.4488048291811446
pred_q80,0.06,0.02,5184.0,0.7374614197530864,0.12350459374596232,0.1010258512490064,-0.1547947437086271,0.44406186804486014,0.5988566117534873,0.16479474370862707,0.24728738946523057,0.4288048291811446
pred_q70,0.1,0.01,5184.0,0.7417052469135802,0.1240366001116095,0.10354901814087793,-0.16398371124833389,0.4494994324387061,0.61348314368704,0.17398371124833376,0.2572873894652306,0.4388048291811446
pred_q70,0.06,0.08,5184.0,0.7339891975308642,0.12408200837661033,0.09614256898405973,-0.109926144413244,0.42225751259920297,0.532183657012447,0.11992614441324399,0.19896168017057203,0.3688048291811446
pred_q80,0.03,0.08,5184.0,0.7283950617283951,0.12410629890434842,0.09493126003180644,-0.10922872978718913,0.424287577023213,0.5335163068104022,0.11922872978718893,0.19896168017057203,0.3688048291811446
pred_q90,0.01,0.03,5184.0,0.7214506172839507,0.12450930091526341,0.10162556287628713,-0.14566174677312685,0.4450148184112574,0.5906765651843843,0.15566174677312683,0.23728738946523056,0.4188048291811446
pred_q90,0.0,0.05,5184.0,0.7201003086419753,0.12562369771303744,0.10154160740379167,-0.12877326483998738,0.43760799780490894,0.5663812626448963,0.13877326483998725,0.2187198385453046,0.3988048291811446
pred_q90,0.02,0.02,5184.0,0.7303240740740741,0.1259818147449889,0.10428217463664474,-0.15412020496597847,0.45202887911065504,0.6061490840766335,0.16412020496597843,0.24728738946523057,0.4288048291811446
pred_q90,-0.02,0.1,5184.0,0.7118055555555556,0.12613285008716174,0.09891093338532614,-0.09865985704014898,0.4279047780053911,0.5265646350455401,0.10865985704014895,0.18179022368344344,0.34880482918114464
pred_q90,0.04,0.0,5184.0,0.7334104938271605,0.1262398875266974,0.10512425696973471,-0.17289005832446686,0.46643684499499666,0.6393269033194635,0.18289005832446653,0.2663586530203688,0.4488048291811446
pred_q90,0.03,0.01,5184.0,0.7330246913580247,0.12666271633247397,0.10431372244977632,-0.16299565768737093,0.4592792411087858,0.6222748987961567,0.17299565768737094,0.256710783185445,0.4388048291811446
pred_q80,0.06,0.03,5184.0,0.7465277777777778,0.12771373254771537,0.10471069525181087,-0.14597509111734622,0.44544773976154295,0.5914228308788891,0.155975091117346,0.23728738946523056,0.4188048291811446
pred_q80,0.08,0.01,5184.0,0.7505787037037037,0.12879638026546275,0.10855292047034396,-0.16377615039462604,0.4585261105689211,0.6223022609635471,0.17377615039462602,0.2572873894652306,0.4388048291811446
pred_q80,0.05,0.05,5184.0,0.7488425925925926,0.12904564924536452,0.10478579057507724,-0.12994851352286604,0.4399139876393125,0.5698625011621785,0.1399485135228659,0.22244377632439885,0.3988048291811446
pred_q70,0.08,0.05,5184.0,0.7525077160493827,0.12908299249255986,0.10619709548087089,-0.12994123380019776,0.4359830763656614,0.5659243101658592,0.13994123380019757,0.21884625047239942,0.3988048291811446
pred_q70,0.1,0.02,5184.0,0.7536651234567902,0.12913567537123546,0.10815063628658608,-0.15412020496597847,0.4501667726683751,0.6042869776343536,0.16412020496597843,0.24728738946523057,0.4288048291811446
pred_q70,0.06,0.1,5184.0,0.7488425925925926,0.12930544932164498,0.09957751903643602,-0.0967910786380999,0.42826695701525347,0.5250580356533534,0.1067910786380996,0.18199989769659045,0.34880482918114464
pred_q80,0.03,0.1,5184.0,0.7430555555555556,0.1293480757581296,0.09958159580560616,-0.09474603986923588,0.42982577896589785,0.5245718188351337,0.10474603986923584,0.18199989769659045,0.34880482918114464
pred_q80,0.1,0.0,5184.0,0.7440200617283951,0.12984984342074235,0.1111785327893415,-0.17289005832446686,0.47243091236815515,0.645320970692622,0.18289005832446653,0.2663586530203688,0.4488048291811446
pred_q90,0.05,0.0,5184.0,0.7405478395061729,0.1303174809220447,0.11048215724279328,-0.17289005832446686,0.47418094379922826,0.6470710021236952,0.18289005832446653,0.2663586530203688,0.4488048291811446
pred_q90,0.02,0.03,5184.0,0.7397762345679012,0.13034569782597785,0.10801500610307829,-0.1446115891806792,0.45402289993294576,0.5986344891136249,0.1546115891806789,0.23728738946523056,0.4188048291811446
pred_q80,0.04,0.08,5184.0,0.7513503086419753,0.13138215059421604,0.10377720711473756,-0.10787557971276338,0.4329991275518491,0.5408747072646125,0.11787557971276336,0.19575891433041567,0.3688048291811446
pred_q90,0.03,0.02,5184.0,0.7424768518518519,0.13141933268763614,0.1095831202243911,-0.15377615039462603,0.46161420487104393,0.61539035526567,0.163776150394626,0.24728738946523057,0.4288048291811446
pred_q90,0.04,0.01,5184.0,0.746141975308642,0.131649030755368,0.1097000349833574,-0.16299565768737093,0.46830401284225215,0.6312996705296231,0.17299565768737094,0.256710783185445,0.4388048291811446
pred_q90,0.01,0.05,5184.0,0.7364969135802469,0.1321391752141576,0.10887540564286305,-0.1276690612901496,0.44690940844525184,0.5745784697354015,0.13766906129014947,0.2187198385453046,0.3988048291811446
pred_q70,0.1,0.03,5184.0,0.763695987654321,0.1336893478669354,0.11252686576497661,-0.14479474370862716,0.4519177605594625,0.5967125042680896,0.1547947437086271,0.23728738946523056,0.4188048291811446
pred_q90,0.06,0.0,5184.0,0.7449845679012346,0.13392858193558918,0.11446443259489208,-0.1713640991732996,0.48251460368856136,0.6538787028618609,0.18136409917329957,0.2663586530203688,0.4488048291811446
pred_q80,0.08,0.02,5184.0,0.7627314814814815,0.13416251231828139,0.11242437782472234,-0.15398371124833388,0.4621237486773085,0.6161074599256424,0.16398371124833375,0.24728738946523057,0.4288048291811446
pred_q90,0.0,0.08,5184.0,0.7409336419753086,0.13501742378561568,0.10813046456643771,-0.10448445434588653,0.44013953770302744,0.544623992048914,0.1144844543458862,0.19325948149683697,0.3688048291811446
pred_q80,0.06,0.05,5184.0,0.7640817901234568,0.13547418712833734,0.1116991949446868,-0.12835102833451734,0.44859592044254454,0.5769469487770619,0.13835102833451715,0.2187198385453046,0.3988048291811446
pred_q90,0.03,0.03,5184.0,0.7527006172839507,0.1359818147449889,0.11428217463664475,-0.14412020496597852,0.46202887911065504,0.6061490840766336,0.15412020496597847,0.23728738946523056,0.4188048291811446
pred_q90,0.05,0.01,5184.0,0.7550154320987654,0.1362398875266974,0.11512425696973472,-0.16289005832446685,0.47643684499499667,0.6393269033194635,0.17289005832446652,0.2563586530203688,0.4388048291811446
pred_q80,0.1,0.01,5184.0,0.7602237654320988,0.1364658114649298,0.11616428547345783,-0.16297642700572001,0.4749619506070107,0.6379383776127308,0.17297642700571997,0.2563586530203688,0.4388048291811446
pred_q90,0.04,0.02,5184.0,0.7565586419753086,0.13666271633247398,0.11431372244977633,-0.15299565768737092,0.4692792411087858,0.6222748987961567,0.16299565768737093,0.24671078318544498,0.4288048291811446
pred_q80,0.04,0.1,5184.0,0.7663966049382716,0.1367563547673824,0.10728187481979416,-0.09151906244945573,0.43580764500207303,0.5273267074515288,0.10151906244945574,0.1812297352967888,0.34880482918114464
pred_q90,0.02,0.05,5184.0,0.7569444444444444,0.1384392884499396,0.11564084154325799,-0.1264755645015873,0.4557121692320315,0.5821877337336188,0.1364755645015873,0.21866328374111363,0.3988048291811446
pred_q70,0.08,0.08,5184.0,0.7758487654320988,0.13850646781039958,0.1111794798489297,-0.10589925494841025,0.4388803633429502,0.5447796182913605,0.11589925494841025,0.19353908443935397,0.3688048291811446
pred_q80,0.05,0.08,5184.0,0.7714120370370371,0.1385355919340471,0.11127013615923118,-0.10565235849558834,0.4407842282217727,0.5464365867173611,0.11565235849558801,0.19353908443935397,0.3688048291811446
pred_q80,0.08,0.03,5184.0,0.7735339506172839,0.1390181579206107,0.11690757629122839,-0.1446115891806792,0.46243454501803594,0.6070461341987151,0.1546115891806789,0.23728738946523056,0.4188048291811446
pred_q90,0.06,0.01,5184.0,0.7606095679012346,0.14031748092204469,0.12048215724279318,-0.16289005832446685,0.48418094379922827,0.6470710021236952,0.17289005832446652,0.2563586530203688,0.4388048291811446
pred_q90,0.08,0.0,5184.0,0.7505787037037037,0.14039274967982698,0.12111841950909161,-0.1713640991732996,0.4938559452620568,0.6652200444353564,0.18136409917329957,0.2663586530203688,0.4488048291811446
pred_q90,0.0,0.1,5184.0,0.7559799382716049,0.14071956385913595,0.11421726433754664,-0.09111774237863307,0.4430472499062924,0.5341649922849254,0.10111774237863293,0.17820246959446184,0.34880482918114464
pred_q90,0.04,0.03,5184.0,0.767554012345679,0.14141933268763615,0.1195831202243911,-0.14377615039462602,0.47161420487104394,0.61539035526567,0.153776150394626,0.23728738946523056,0.4188048291811446
pred_q90,0.05,0.02,5184.0,0.7665895061728395,0.141649030755368,0.1197000349833574,-0.15299565768737092,0.47830401284225216,0.6312996705296231,0.16299565768737093,0.24671078318544498,0.4288048291811446
pred_q70,0.1,0.05,5184.0,0.7822145061728395,0.1418526829946278,0.11992635729247361,-0.12638659504286653,0.45471513336682595,0.5811017284096924,0.13638659504286646,0.21829417062113748,0.3988048291811446
pred_q90,0.01,0.08,5184.0,0.7581018518518519,0.14202229329921567,0.11552169998983436,-0.10216910277715929,0.44896188924147723,0.5511309920186365,0.11216910277715912,0.1920550412446565,0.3688048291811446
pred_q80,0.1,0.02,5184.0,0.7735339506172839,0.14284107408210084,0.1232096635141634,-0.15363245574322673,0.47721596832306046,0.6308484240662872,0.16363245574322635,0.24671078318544498,0.4288048291811446
pred_q70,0.08,0.1,5184.0,0.7914737654320988,0.1440820083766103,0.11614256898405975,-0.08992614441324401,0.442257512599203,0.532183657012447,0.099926144413244,0.178961680170572,0.34880482918114464
pred_q80,0.05,0.1,5184.0,0.7872299382716049,0.14410629890434842,0.11493126003180643,-0.08922872978718917,0.44428757702321303,0.5335163068104022,0.09922872978718897,0.178961680170572,0.34880482918114464
pred_q90,0.03,0.05,5184.0,0.7708333333333334,0.14450930091526343,0.12162556287628715,-0.12566174677312683,0.46501481841125736,0.5906765651843842,0.1356617467731268,0.2172873894652306,0.3988048291811446
pred_q80,0.06,0.08,5184.0,0.7880015432098766,0.14555161912948855,0.11850331965099797,-0.10186265099164463,0.45075434815886684,0.5526169991505114,0.11186265099164462,0.19325948149683697,0.3688048291811446
pred_q90,0.06,0.02,5184.0,0.7737268518518519,0.1462398875266974,0.12512425696973473,-0.15289005832446684,0.48643684499499656,0.6393269033194634,0.1628900583244665,0.2463586530203688,0.4288048291811446
pred_q90,0.1,0.0,5184.0,0.7542438271604939,0.14632215109288335,0.12858276461897256,-0.17128899679297646,0.5105738813266898,0.6818628781196663,0.18128899679297636,0.2663586530203688,0.4488048291811446
pred_q90,0.05,0.03,5184.0,0.7781635802469136,0.146662716332474,0.12431372244977631,-0.14299565768737096,0.47927924110878584,0.6222748987961568,0.15299565768737097,0.23671078318544497,0.4188048291811446
pred_q90,0.08,0.01,5184.0,0.7669753086419753,0.14724693667152533,0.12841995698768255,-0.16136409917329958,0.49693209054166554,0.6582961897149651,0.17136409917329956,0.2563586530203688,0.4388048291811446
pred_q80,0.08,0.05,5184.0,0.793016975308642,0.14771373254771536,0.12471069525181089,-0.12597509111734623,0.4654477397615429,0.5914228308788891,0.13597509111734604,0.2172873894652306,0.3988048291811446
pred_q90,0.01,0.1,5184.0,0.7733410493827161,0.14790735855041515,0.1224835354433922,-0.08787557971276336,0.452211374309796,0.5400869540225594,0.09787557971276335,0.17417166851557173,0.34880482918114464
pred_q80,0.1,0.03,5184.0,0.7858796296296297,0.1487953404562361,0.12855292047034397,-0.14377615039462602,0.47852611056892114,0.6223022609635471,0.153776150394626,0.23728738946523056,0.4188048291811446
pred_q90,0.02,0.08,5184.0,0.7797067901234568,0.14890063806593629,0.12407889927534438,-0.10017143210750286,0.45797721153052,0.5581486436380229,0.11017143210750285,0.18972360053463538,0.3688048291811446
pred_q90,0.04,0.05,5184.0,0.7864583333333334,0.15034569782597787,0.1280150061030783,-0.12461158918067922,0.4740228999329458,0.598634489113625,0.13461158918067895,0.2172873894652306,0.3988048291811446
pred_q80,0.06,0.1,5184.0,0.8043981481481481,0.15138215059421603,0.12377720711473758,-0.08787557971276336,0.4529991275518491,0.5408747072646125,0.09787557971276335,0.17575891433041566,0.34880482918114464
pred_q90,0.06,0.03,5184.0,0.7854938271604939,0.15164903075536798,0.12970003498335742,-0.14299565768737096,0.48830401284225217,0.6312996705296231,0.15299565768737097,0.23671078318544497,0.4188048291811446
pred_q70,0.1,0.08,5184.0,0.8069058641975309,0.15237075234763012,0.12858570572788786,-0.10128349417171616,0.4574798378042353,0.5587633319759514,0.11128349417171612,0.18972360053463538,0.3688048291811446
pred_q90,0.1,0.01,5184.0,0.7706404320987654,0.15341848568688446,0.1349506238572838,-0.16136409917329958,0.5127389584415136,0.6741030576148133,0.17136409917329956,0.2563586530203688,0.4388048291811446
pred_q90,0.08,0.02,5184.0,0.7810570987654321,0.15392856333533161,0.1344644325948921,-0.15136409917329957,0.5025146036885614,0.6538787028618609,0.16136409917329955,0.2463586530203688,0.4288048291811446
pred_q90,0.02,0.1,5184.0,0.7955246913580247,0.1550174237856157,0.12813046456643773,-0.08448445434588653,0.46013953770302746,0.544623992048914,0.09448445434588618,0.17325948149683698,0.34880482918114464
pred_q90,0.03,0.08,5184.0,0.7945601851851852,0.15562369771303747,0.1315416074037917,-0.09877326483998736,0.46760799780490897,0.5663812626448963,0.10877326483998723,0.18871983854530458,0.3688048291811446
pred_q90,0.05,0.05,5184.0,0.7976466049382716,0.15598181474498893,0.13428217463664474,-0.1241202049659785,0.48202887911065506,0.6061490840766336,0.13412020496597846,0.2172873894652306,0.3988048291811446
pred_q70,0.1,0.1,5184.0,0.8236882716049383,0.15850646781039957,0.13117947984892972,-0.08589925494841025,0.4588803633429502,0.5447796182913605,0.09589925494841024,0.173539084439354,0.34880482918114464
pred_q80,0.1,0.05,5184.0,0.8082561728395061,0.15901623953888,0.1369075762912284,-0.12461158918067922,0.4824345450180359,0.6070461341987151,0.13461158918067895,0.2172873894652306,0.3988048291811446
pred_q80,0.08,0.08,5184.0,0.8190586419753086,0.1590456492453645,0.13478579057507722,-0.09994851352286604,0.46991398763931247,0.5698625011621785,0.10994851352286589,0.19244377632439894,0.3688048291811446
pred_q90,0.08,0.03,5184.0,0.7941743827160493,0.1603174623217871,0.1404821572427932,-0.14289005832446688,0.5041809437992282,0.6470710021236951,0.15289005832446653,0.2363586530203688,0.4188048291811446
pred_q90,0.1,0.02,5184.0,0.7849151234567902,0.16038917501711022,0.14111841950909162,-0.15136409917329957,0.5138559452620568,0.6652200444353564,0.16136409917329955,0.2463586530203688,0.4288048291811446
pred_q90,0.06,0.05,5184.0,0.8067129629629629,0.16141933268763614,0.13958312022439107,-0.12377615039462604,0.49161420487104385,0.6153903552656699,0.13377615039462604,0.2172873894652306,0.3988048291811446
pred_q90,0.03,0.1,5184.0,0.8109567901234568,0.1620222932992157,0.13552169998983438,-0.08216910277715932,0.46896188924147725,0.5511309920186366,0.09216910277715915,0.1720550412446565,0.34880482918114464
pred_q90,0.04,0.08,5184.0,0.8121141975308642,0.1621391752141576,0.13887540564286308,-0.09766906129014959,0.47690940844525187,0.5745784697354015,0.10766906129014944,0.18871983854530458,0.3688048291811446
pred_q80,0.08,0.1,5184.0,0.8368055555555556,0.16555161912948851,0.138503319650998,-0.08186265099164462,0.47075434815886685,0.5526169991505114,0.09186265099164463,0.17325948149683698,0.34880482918114464
pred_q90,0.1,0.03,5184.0,0.7986111111111112,0.1672424534726152,0.14841995698768254,-0.14136409917329956,0.5169320905416656,0.6582961897149651,0.15136409917329954,0.2363586530203688,0.4188048291811446
pred_q90,0.05,0.08,5184.0,0.8244598765432098,0.1684392884499396,0.14564084154325802,-0.09647556450158729,0.48571216923203153,0.5821877337336188,0.10647556450158727,0.1886632837411136,0.3688048291811446
pred_q90,0.04,0.1,5184.0,0.8296682098765432,0.16890063806593628,0.14407889927534434,-0.0801714321075029,0.47797721153052003,0.558148643638023,0.09017143210750289,0.16972360053463542,0.34880482918114464
pred_q90,0.08,0.05,5184.0,0.8186728395061729,0.1716490121551104,0.1497000349833574,-0.12299565768737096,0.5083040128422521,0.6312996705296231,0.13299565768737096,0.216710783185445,0.3988048291811446
pred_q80,0.1,0.08,5184.0,0.8364197530864198,0.17169377893462356,0.14841657626651794,-0.0968484737629455,0.486819070981362,0.5836675447443075,0.10684847376294537,0.18871983854530458,0.3688048291811446
pred_q90,0.06,0.08,5184.0,0.8346836419753086,0.17450930091526343,0.15162556287628712,-0.0956617467731269,0.4950148184112574,0.5906765651843843,0.10566174677312688,0.18728738946523057,0.3688048291811446
pred_q90,0.05,0.1,5184.0,0.8429783950617284,0.17562369771303746,0.1515416074037917,-0.0787732648399874,0.487607997804909,0.5663812626448964,0.08877326483998726,0.16871983854530462,0.34880482918114464
pred_q80,0.1,0.1,5184.0,0.8559027777777778,0.17904283430805537,0.1547857905750772,-0.07994851352286603,0.4899139876393125,0.5698625011621785,0.08994851352286587,0.17244377632439892,0.34880482918114464
pred_q90,0.1,0.05,5184.0,0.8240740740740741,0.18031109648708418,0.16048215724279322,-0.12289005832446687,0.5241809437992282,0.6470710021236951,0.13289005832446654,0.21635865302036883,0.3988048291811446
pred_q90,0.06,0.1,5184.0,0.8545524691358025,0.1821391752141576,0.158875405642863,-0.07766906129014962,0.4969094084452518,0.5745784697354014,0.08766906129014948,0.16871983854530462,0.34880482918114464
pred_q90,0.08,0.08,5184.0,0.8481867283950617,0.1859817961447313,0.16428217463664468,-0.09412020496597849,0.512028879110655,0.6061490840766335,0.10412020496597844,0.18728738946523057,0.3688048291811446
pred_q90,0.08,0.1,5184.0,0.8697916666666666,0.19450928231500578,0.17162556287628714,-0.07566174677312688,0.5150148184112573,0.5906765651843842,0.08566174677312687,0.1672873894652306,0.34880482918114464
pred_q90,0.1,0.08,5184.0,0.8541666666666666,0.19665500484912482,0.17431372244977633,-0.09299565768737093,0.5292792411087859,0.6222748987961568,0.10299565768737094,0.18671078318544498,0.3688048291811446
pred_q90,0.1,0.1,5184.0,0.876929012345679,0.20597410326163973,0.1842821746366447,-0.07412020496597847,0.5319258036463819,0.6060460086123604,0.08412020496597843,0.1672873894652306,0.34880482918114464
